region,date,dis,id,catg,target
101,31/12/1994,60,train_Client_0,11,0
107,29/5/2002,69,train_Client_1,11,0
301,13/3/1986,62,train_Client_10,11,0
105,11/7/1996,69,train_Client_100,11,0
303,14/10/2014,62,train_Client_1000,11,0
103,29/9/1993,69,train_Client_10000,11,0
309,7/6/2012,62,train_Client_100000,11,0
101,25/10/2011,60,train_Client_100003,11,0
311,30/6/2006,63,train_Client_100004,12,0
107,20/5/2005,69,train_Client_100006,11,0
101,28/5/2009,60,train_Client_100007,11,0
104,22/10/2002,69,train_Client_100008,11,0
311,6/11/2006,63,train_Client_100009,11,0
104,25/5/1999,69,train_Client_100010,11,0
311,10/2/2012,63,train_Client_100011,11,0
101,25/4/2006,60,train_Client_100012,11,0
101,19/5/1998,60,train_Client_100014,11,0
311,30/11/1999,63,train_Client_100015,11,0
104,17/11/2011,69,train_Client_100017,11,0
104,7/11/1983,69,train_Client_100019,11,0
101,8/12/2003,60,train_Client_100020,11,0
104,13/7/2017,69,train_Client_100021,51,0
306,29/12/1989,63,train_Client_100023,11,0
311,17/10/2014,63,train_Client_100026,11,0
306,19/8/1998,63,train_Client_100027,11,0
301,30/12/1981,62,train_Client_100029,11,0
101,22/12/1997,60,train_Client_10003,11,0
301,17/10/1983,62,train_Client_100031,11,0
308,7/11/2012,63,train_Client_100032,11,1
104,9/7/2015,69,train_Client_100035,11,0
301,2/1/2012,62,train_Client_100036,11,0
307,16/9/2009,62,train_Client_100037,11,1
306,25/12/2000,63,train_Client_100038,11,0
101,5/5/1998,60,train_Client_100039,11,0
313,3/3/2010,63,train_Client_100040,11,0
303,22/6/2016,62,train_Client_100041,11,0
101,16/4/1979,60,train_Client_100042,11,0
101,13/2/2011,60,train_Client_100043,11,0
301,31/10/1984,62,train_Client_100044,11,0
101,23/2/2004,60,train_Client_100047,11,0
101,26/10/2010,63,train_Client_100048,11,0
104,8/4/2009,69,train_Client_10005,11,0
303,12/3/2003,62,train_Client_100051,11,0
303,19/2/2007,62,train_Client_100053,11,0
104,20/12/2012,69,train_Client_100055,11,0
310,31/12/1996,62,train_Client_100056,11,0
301,26/4/1977,62,train_Client_100057,11,0
304,14/10/2014,62,train_Client_100059,11,0
104,8/4/2002,69,train_Client_10006,11,0
104,7/1/2008,69,train_Client_100060,11,0
312,11/5/2000,63,train_Client_100061,11,0
101,22/5/2007,60,train_Client_100062,11,0
101,29/8/2016,60,train_Client_100063,11,0
104,13/5/2011,69,train_Client_100064,11,0
101,28/11/2011,60,train_Client_100066,11,0
312,20/12/1990,63,train_Client_100067,11,0
301,26/12/2014,62,train_Client_100068,11,0
309,29/11/2004,62,train_Client_100069,11,0
310,6/12/1993,62,train_Client_100070,11,0
301,16/5/1985,62,train_Client_100071,11,0
301,26/11/1987,62,train_Client_100072,11,0
312,7/4/2014,63,train_Client_100074,11,0
101,13/9/2007,60,train_Client_100075,11,0
311,11/11/1994,63,train_Client_100076,11,0
301,17/10/1983,62,train_Client_100077,11,0
101,16/2/2006,60,train_Client_100078,11,0
101,16/5/2012,60,train_Client_100079,11,0
101,5/3/1977,60,train_Client_100081,11,0
301,19/12/1996,62,train_Client_100082,11,0
101,6/12/2011,60,train_Client_100084,11,0
312,4/2/2016,63,train_Client_100085,11,0
101,30/6/1994,60,train_Client_100086,11,0
304,28/10/1996,62,train_Client_100088,11,0
307,10/9/2012,62,train_Client_100089,11,0
101,28/12/2016,60,train_Client_10009,11,0
101,22/2/2011,60,train_Client_100091,11,1
302,26/6/1984,62,train_Client_100092,11,0
311,12/11/2012,63,train_Client_100094,11,0
372,13/9/1988,63,train_Client_100095,11,0
301,7/9/2011,62,train_Client_100096,11,0
313,10/8/2011,63,train_Client_100098,11,0
101,28/4/2010,60,train_Client_100099,11,0
309,6/11/2009,62,train_Client_1001,11,0
311,31/12/2003,63,train_Client_10010,11,0
101,11/10/2005,60,train_Client_100101,11,0
301,30/8/2013,62,train_Client_100103,11,0
101,15/7/2009,60,train_Client_100104,11,0
305,22/4/1992,62,train_Client_100107,11,0
307,22/8/2003,62,train_Client_100108,11,0
312,27/12/1990,63,train_Client_100109,11,1
101,19/3/1987,60,train_Client_10011,11,0
301,5/4/2002,62,train_Client_100110,11,0
104,9/3/2011,69,train_Client_100111,11,0
101,14/11/2006,60,train_Client_100112,11,0
301,12/10/2001,62,train_Client_100113,12,0
104,7/6/2012,69,train_Client_100114,11,0
101,27/12/1990,63,train_Client_100115,11,0
310,27/8/2010,62,train_Client_100116,11,0
105,17/11/2012,69,train_Client_100117,11,0
101,8/7/1998,60,train_Client_100119,11,0
101,24/2/2003,63,train_Client_10012,11,0
311,19/11/2018,63,train_Client_100120,11,0
302,23/8/2011,62,train_Client_100122,11,0
107,17/1/2008,69,train_Client_100123,11,0
309,30/3/2015,62,train_Client_100124,11,0
301,5/11/2014,62,train_Client_100126,11,0
101,14/9/2006,60,train_Client_100127,11,0
101,7/4/1981,60,train_Client_100129,11,0
307,20/5/2011,62,train_Client_100130,11,0
303,24/5/1999,62,train_Client_100131,11,0
106,31/12/1990,69,train_Client_100132,11,1
104,5/12/2007,69,train_Client_100133,12,0
103,12/9/2012,69,train_Client_100134,11,0
101,23/7/2012,60,train_Client_100135,11,0
103,18/2/2009,69,train_Client_100136,11,0
313,4/2/2013,63,train_Client_100137,11,0
306,9/9/2017,63,train_Client_100140,11,0
306,26/11/2013,63,train_Client_100141,11,0
107,15/5/2013,69,train_Client_100142,11,0
101,14/8/2010,60,train_Client_100146,11,0
104,5/1/2008,69,train_Client_100147,11,0
104,28/8/2010,69,train_Client_100148,11,0
107,11/3/2014,69,train_Client_100150,11,0
101,5/9/2006,60,train_Client_100152,11,0
101,27/2/1989,60,train_Client_100153,11,0
101,12/3/2015,60,train_Client_100154,11,0
305,14/12/1998,62,train_Client_100155,11,0
101,3/12/1986,60,train_Client_100156,12,0
101,11/7/2011,60,train_Client_100157,11,0
101,12/7/2010,60,train_Client_100158,11,0
107,5/9/2011,69,train_Client_10016,11,0
101,23/3/2000,60,train_Client_100160,11,0
311,8/3/2014,63,train_Client_100161,11,0
101,26/3/2009,60,train_Client_100163,11,0
101,13/10/1980,60,train_Client_100166,11,0
305,1/6/2018,62,train_Client_100168,11,0
302,28/12/1986,62,train_Client_100169,11,0
101,23/1/2002,60,train_Client_10017,11,0
372,22/1/1980,63,train_Client_100171,11,0
312,19/1/2018,63,train_Client_100172,11,0
301,21/4/1981,62,train_Client_100174,11,0
304,23/10/1996,62,train_Client_100175,11,0
301,25/2/1983,62,train_Client_100178,11,0
104,1/9/2016,69,train_Client_100179,11,0
301,16/1/2018,62,train_Client_100180,11,0
303,10/4/1998,62,train_Client_100181,11,0
105,25/3/2016,69,train_Client_100183,11,0
303,23/3/2000,62,train_Client_100184,11,0
107,9/10/2010,69,train_Client_100185,11,0
308,6/7/2007,63,train_Client_100186,11,0
306,6/9/1988,63,train_Client_100188,11,0
104,10/7/2008,69,train_Client_100189,11,0
101,20/4/1984,60,train_Client_10019,11,0
105,22/2/2001,69,train_Client_100190,11,0
103,6/8/2009,69,train_Client_100191,11,0
101,21/3/1984,60,train_Client_100192,11,0
311,8/11/2018,63,train_Client_100193,11,0
303,18/11/1981,62,train_Client_100194,11,0
104,25/12/2009,69,train_Client_100195,11,0
107,11/6/1997,69,train_Client_100196,11,0
307,18/6/2016,62,train_Client_100198,11,0
101,23/1/1989,60,train_Client_100199,11,0
104,10/3/2013,69,train_Client_1002,11,0
104,27/11/2010,69,train_Client_100200,11,0
107,11/8/1986,69,train_Client_100201,11,0
371,25/4/2017,62,train_Client_100204,11,0
306,2/6/2010,63,train_Client_100205,51,0
101,30/11/2015,60,train_Client_100206,11,0
306,11/5/2017,63,train_Client_100207,11,0
310,28/6/2007,62,train_Client_100208,11,0
312,10/5/2005,63,train_Client_100209,11,0
104,26/2/2007,69,train_Client_10021,11,0
101,4/3/1982,60,train_Client_100210,11,0
104,7/10/2016,69,train_Client_100212,11,0
101,17/5/2005,60,train_Client_100214,12,0
312,1/2/2011,63,train_Client_100219,11,0
107,30/11/1998,69,train_Client_10022,11,1
107,3/12/2014,69,train_Client_100223,11,0
101,28/9/1995,60,train_Client_100224,11,0
103,9/5/2000,69,train_Client_100226,11,0
309,12/11/1979,62,train_Client_100227,11,0
305,29/10/2012,62,train_Client_100228,11,0
311,12/6/2010,63,train_Client_100229,11,0
311,24/10/2016,63,train_Client_100231,11,0
101,28/4/2003,60,train_Client_100232,11,0
101,3/10/2013,60,train_Client_100234,11,0
302,17/5/2011,62,train_Client_100235,11,1
301,28/3/2012,62,train_Client_100236,51,1
104,11/10/2004,69,train_Client_100237,11,0
306,12/12/2012,63,train_Client_100238,11,0
104,29/9/1989,69,train_Client_100239,11,0
107,14/7/1981,69,train_Client_100242,11,0
103,20/11/2017,69,train_Client_100245,11,0
103,18/11/2002,69,train_Client_100247,11,0
311,27/9/2010,63,train_Client_100248,11,0
311,28/2/2013,63,train_Client_100249,11,0
372,31/8/2015,63,train_Client_10025,11,0
101,20/8/1999,63,train_Client_100251,11,0
107,17/9/2011,69,train_Client_100253,11,0
306,16/5/2002,63,train_Client_100254,11,0
107,8/12/2011,69,train_Client_100255,11,0
311,11/1/2017,63,train_Client_100256,11,0
101,1/10/2007,60,train_Client_100257,11,0
104,16/11/2011,69,train_Client_100258,11,0
303,14/2/2013,62,train_Client_100260,11,0
302,21/11/1990,62,train_Client_100264,11,0
303,30/8/2017,62,train_Client_100265,11,0
103,11/7/1996,69,train_Client_100267,11,0
301,30/5/2014,62,train_Client_100268,11,0
310,28/12/1995,62,train_Client_100270,11,1
101,7/4/1981,60,train_Client_100273,11,0
104,30/9/2015,69,train_Client_100274,11,0
310,11/1/2018,62,train_Client_100275,11,0
104,18/10/1995,69,train_Client_100277,11,1
379,12/6/1991,63,train_Client_100279,11,0
301,8/3/2012,62,train_Client_10028,11,0
303,17/9/2008,62,train_Client_100281,11,0
104,11/12/2015,69,train_Client_100283,11,0
304,22/3/1979,62,train_Client_100284,11,0
303,13/10/1980,62,train_Client_100286,11,0
302,1/6/2011,62,train_Client_100287,11,0
103,29/1/2014,69,train_Client_100288,11,0
104,30/9/2013,69,train_Client_10029,11,0
301,8/10/2012,62,train_Client_100290,11,0
310,16/10/1997,62,train_Client_100291,11,0
104,13/3/2007,69,train_Client_100292,11,0
303,30/12/1998,62,train_Client_100293,11,0
301,5/11/2010,62,train_Client_100294,11,0
306,4/1/2013,63,train_Client_100295,11,0
306,4/9/2014,63,train_Client_100296,11,0
311,9/3/2016,63,train_Client_100297,11,0
311,20/1/1993,63,train_Client_100298,11,0
107,26/1/2017,69,train_Client_100299,11,0
101,22/12/2015,63,train_Client_1003,11,0
310,22/9/1998,62,train_Client_10030,11,1
305,17/5/1995,62,train_Client_100300,11,0
309,6/4/1982,62,train_Client_100301,11,0
103,3/5/2010,69,train_Client_100304,11,0
303,15/4/1988,62,train_Client_100305,11,0
101,26/12/1981,60,train_Client_100307,11,0
101,29/2/2000,60,train_Client_100309,11,0
304,24/4/2015,62,train_Client_10031,11,0
101,9/1/2010,63,train_Client_100311,11,0
305,16/5/1984,62,train_Client_100313,11,0
104,10/3/1989,69,train_Client_100314,11,0
306,20/8/2008,63,train_Client_100315,11,0
107,12/4/1989,69,train_Client_100318,11,0
310,28/6/1988,62,train_Client_10032,11,0
303,16/4/1977,62,train_Client_100320,11,0
107,10/1/2008,69,train_Client_100321,11,0
104,20/8/1986,69,train_Client_100322,11,1
107,26/11/2012,69,train_Client_100325,11,0
311,6/5/2013,63,train_Client_100327,11,0
107,15/11/2011,69,train_Client_100329,11,0
306,7/1/2016,63,train_Client_10033,11,0
104,3/7/2014,69,train_Client_100330,11,0
301,20/5/1983,62,train_Client_100331,11,0
101,1/12/2004,60,train_Client_100334,11,0
101,24/2/2018,60,train_Client_100335,11,0
313,13/5/2014,63,train_Client_100336,11,0
310,20/8/2009,62,train_Client_100337,11,0
311,8/12/1993,63,train_Client_100338,11,0
301,17/4/1985,62,train_Client_100339,11,0
372,8/10/2010,63,train_Client_100340,11,0
305,14/6/2010,62,train_Client_100341,11,0
302,4/8/2016,62,train_Client_100344,11,0
107,13/9/2000,69,train_Client_100348,11,0
101,31/12/2011,60,train_Client_100349,11,0
372,21/12/1994,63,train_Client_100351,11,0
107,29/5/2012,69,train_Client_100352,12,0
107,22/4/2005,69,train_Client_100353,11,0
101,11/4/1978,60,train_Client_100354,11,0
301,10/6/1983,62,train_Client_100356,11,0
101,19/2/2013,60,train_Client_100357,11,0
101,14/8/2010,60,train_Client_100358,11,0
101,12/5/2010,60,train_Client_100359,11,0
309,10/6/2005,62,train_Client_10036,11,0
379,10/6/2017,63,train_Client_100361,11,0
101,2/11/2001,60,train_Client_100364,11,0
101,20/12/1991,60,train_Client_100367,11,0
306,18/10/1983,63,train_Client_100369,11,0
104,14/10/2002,69,train_Client_100370,11,0
306,16/6/2017,63,train_Client_100371,11,0
306,10/12/2007,63,train_Client_100375,11,0
103,30/8/1995,69,train_Client_100376,11,1
101,16/12/1981,60,train_Client_100377,11,0
311,12/5/2014,63,train_Client_100378,11,0
313,11/9/2009,63,train_Client_100379,11,0
101,5/3/1977,60,train_Client_10038,11,0
311,25/10/2002,63,train_Client_100380,11,0
101,20/9/1994,60,train_Client_100382,11,1
306,3/11/1993,63,train_Client_100383,11,0
101,24/1/1984,60,train_Client_100384,11,0
306,21/4/2014,63,train_Client_100385,11,0
103,31/12/1998,69,train_Client_100388,11,0
307,30/9/2014,62,train_Client_100389,11,0
305,15/7/1982,62,train_Client_10039,11,1
304,9/10/2000,62,train_Client_100390,11,0
107,6/5/2011,69,train_Client_100391,11,0
104,28/10/1985,69,train_Client_100393,11,0
399,14/12/1988,63,train_Client_100394,11,0
101,11/10/1996,60,train_Client_100395,11,0
104,17/2/2017,69,train_Client_100396,11,0
311,12/2/2016,63,train_Client_100398,11,0
107,13/12/1985,69,train_Client_100399,11,1
311,10/11/2014,63,train_Client_10040,11,0
306,15/5/2003,63,train_Client_100400,11,0
310,30/4/2011,62,train_Client_100401,11,0
101,17/5/2008,60,train_Client_100402,11,0
301,8/6/2015,62,train_Client_100404,11,0
303,23/5/2001,62,train_Client_100405,11,0
104,20/12/1994,69,train_Client_100406,11,0
107,12/9/2008,69,train_Client_100407,11,0
309,17/5/2000,62,train_Client_100408,11,0
105,19/4/1996,69,train_Client_100409,11,0
107,10/8/2014,69,train_Client_100411,11,0
103,29/11/2011,69,train_Client_100413,11,1
101,14/10/1980,60,train_Client_100414,11,0
306,2/12/2010,63,train_Client_100415,11,0
101,19/4/2007,60,train_Client_100416,11,0
307,16/7/2015,62,train_Client_100417,11,0
101,23/8/1979,60,train_Client_100418,11,0
313,9/10/2015,63,train_Client_100419,11,0
101,7/3/2003,60,train_Client_10042,11,0
107,22/5/2018,69,train_Client_100420,11,0
101,30/12/1998,60,train_Client_100421,11,0
101,22/10/1977,60,train_Client_100422,11,0
313,30/3/2000,63,train_Client_100423,11,0
310,24/9/1999,62,train_Client_100424,11,0
309,7/12/2012,62,train_Client_100426,11,0
301,2/4/2014,62,train_Client_100427,11,0
101,16/7/2009,60,train_Client_100428,11,0
105,15/5/2013,69,train_Client_100430,11,0
103,31/12/1999,69,train_Client_100431,11,1
371,30/10/1998,62,train_Client_100433,11,0
104,24/5/2000,69,train_Client_100434,11,0
304,23/11/2009,62,train_Client_100436,11,1
105,10/4/1995,69,train_Client_100437,11,0
104,6/10/2004,69,train_Client_100440,11,0
306,28/4/1987,63,train_Client_100441,11,0
105,27/6/1997,69,train_Client_100443,11,0
101,30/8/1989,60,train_Client_100444,11,0
301,25/6/2018,62,train_Client_100445,11,0
101,20/8/1984,60,train_Client_100446,11,0
104,2/7/2015,69,train_Client_100447,11,0
101,29/5/2015,60,train_Client_100448,51,0
311,23/11/2013,63,train_Client_100449,11,0
311,19/10/2015,63,train_Client_10045,11,0
303,28/6/2007,62,train_Client_100450,11,0
309,10/12/1985,62,train_Client_100451,11,0
104,30/5/2002,69,train_Client_100453,11,1
101,13/4/2011,60,train_Client_100455,11,0
104,2/8/2013,69,train_Client_100457,11,0
303,17/12/2013,62,train_Client_100460,11,0
101,3/6/2010,60,train_Client_100463,11,0
104,16/12/1991,69,train_Client_100464,11,0
101,12/4/2016,63,train_Client_100467,11,0
101,17/9/2007,60,train_Client_100469,11,0
302,23/7/2010,62,train_Client_10047,11,0
104,12/5/1998,69,train_Client_100470,11,0
101,31/12/1995,60,train_Client_100471,11,0
107,20/5/2005,69,train_Client_100472,11,0
312,18/1/2017,63,train_Client_100475,11,0
311,17/10/2017,63,train_Client_100476,11,0
307,1/1/1998,62,train_Client_100477,11,0
101,29/10/2001,60,train_Client_100478,11,0
101,8/5/1984,60,train_Client_100482,11,0
310,29/7/1997,62,train_Client_100483,11,0
101,22/12/2008,60,train_Client_100484,11,0
306,31/12/2004,63,train_Client_100485,11,0
101,30/1/2007,60,train_Client_100488,11,0
303,29/5/2013,62,train_Client_100489,11,0
371,30/12/2006,62,train_Client_10049,11,0
303,8/3/2012,62,train_Client_100490,11,0
306,28/9/2007,63,train_Client_100491,11,0
101,12/9/2017,60,train_Client_100494,11,0
301,25/4/2014,62,train_Client_100497,11,0
301,26/7/1979,62,train_Client_100499,11,0
101,28/12/2012,60,train_Client_1005,11,0
103,11/12/2014,69,train_Client_100500,11,0
104,17/12/1987,69,train_Client_100502,11,0
101,23/4/2012,60,train_Client_100503,11,0
313,23/11/2013,63,train_Client_100504,11,0
101,27/5/2013,60,train_Client_100505,11,0
302,10/9/2015,62,train_Client_100508,11,0
103,22/12/2013,69,train_Client_100509,11,0
107,5/9/2011,69,train_Client_10051,11,1
309,3/6/2016,62,train_Client_100510,11,0
311,8/4/2015,63,train_Client_100511,11,0
107,9/12/2005,69,train_Client_100512,11,0
301,9/10/2007,62,train_Client_100513,11,0
103,27/1/2017,69,train_Client_100517,11,0
312,22/12/2016,63,train_Client_100518,11,0
104,18/6/2013,69,train_Client_100519,11,0
101,11/10/1996,60,train_Client_100520,11,0
301,13/5/2008,62,train_Client_100521,11,0
103,4/4/1978,69,train_Client_100522,11,0
104,23/2/2001,69,train_Client_100523,11,0
101,19/3/1985,60,train_Client_100524,11,0
104,23/6/1980,69,train_Client_100525,11,0
311,4/7/2011,63,train_Client_100526,11,0
311,13/10/2016,63,train_Client_100527,11,0
104,19/12/2012,69,train_Client_100528,11,0
101,24/9/2001,60,train_Client_100529,11,0
310,4/7/2006,62,train_Client_100530,51,1
101,9/1/1991,60,train_Client_100532,11,0
101,20/8/2010,60,train_Client_100533,11,0
303,24/10/1981,62,train_Client_100535,11,0
310,29/12/2009,62,train_Client_100536,11,0
107,13/4/2018,69,train_Client_100538,11,0
105,27/4/2004,69,train_Client_100539,11,0
107,13/10/2012,69,train_Client_10054,11,0
301,8/5/2015,62,train_Client_100542,11,0
101,5/10/2016,60,train_Client_100543,11,0
311,1/7/2011,63,train_Client_100547,11,0
302,31/7/2009,62,train_Client_10055,11,0
107,10/7/2006,69,train_Client_100550,11,0
101,20/2/2009,60,train_Client_100551,11,0
104,26/11/1987,69,train_Client_100555,11,0
101,29/11/2004,60,train_Client_100556,12,0
303,24/9/1987,62,train_Client_100557,11,0
309,30/4/1985,62,train_Client_100558,11,0
302,26/11/2007,62,train_Client_100559,11,0
101,12/12/2012,60,train_Client_10056,11,1
101,26/6/2002,60,train_Client_100560,11,0
304,10/11/2015,62,train_Client_100561,11,0
301,15/5/1998,62,train_Client_100563,11,0
101,20/6/2000,60,train_Client_100564,11,0
312,31/12/1993,63,train_Client_100567,11,0
301,16/6/1982,62,train_Client_100568,11,0
104,18/5/1982,69,train_Client_100569,11,1
104,13/6/2016,69,train_Client_100570,11,0
104,30/5/2011,69,train_Client_100571,11,0
312,24/9/2010,63,train_Client_100572,11,0
103,1/10/2010,69,train_Client_100573,11,0
103,31/3/1999,69,train_Client_100574,11,0
372,11/3/2014,63,train_Client_100575,11,0
309,10/9/2018,62,train_Client_100578,11,0
101,7/2/1989,60,train_Client_100579,11,0
107,30/5/1978,69,train_Client_10058,11,0
101,29/6/2012,60,train_Client_100580,11,0
306,3/10/2011,63,train_Client_100582,11,0
311,24/9/2012,63,train_Client_100584,11,0
104,12/4/2008,69,train_Client_100585,11,1
311,11/12/2014,63,train_Client_100586,11,0
311,31/12/2004,63,train_Client_100587,11,0
103,31/12/2002,69,train_Client_100588,11,0
101,31/12/2008,60,train_Client_100589,11,0
101,12/10/1988,63,train_Client_10059,11,0
103,25/1/2014,69,train_Client_100590,11,1
308,1/8/2009,62,train_Client_100592,11,0
307,10/9/2001,62,train_Client_100593,11,0
107,16/12/2016,69,train_Client_100596,11,0
101,22/8/1983,60,train_Client_100597,11,0
101,1/9/2006,60,train_Client_100598,11,0
307,21/1/2014,62,train_Client_1006,11,0
302,2/5/2008,62,train_Client_100600,11,0
312,27/10/1989,63,train_Client_100601,11,0
101,2/9/2008,60,train_Client_100602,11,0
107,29/8/2016,69,train_Client_100604,11,0
311,24/6/2016,63,train_Client_100605,11,0
312,26/9/2005,63,train_Client_100606,11,1
313,18/10/2012,63,train_Client_100607,11,1
302,19/12/1996,62,train_Client_100609,11,0
104,14/2/2007,69,train_Client_10061,11,0
101,1/6/2012,60,train_Client_100610,11,0
312,24/5/2014,63,train_Client_100611,11,0
107,9/3/2001,69,train_Client_100613,11,0
104,20/5/1997,69,train_Client_100614,11,0
101,25/8/2014,60,train_Client_100615,11,0
107,15/8/2013,69,train_Client_100616,11,0
101,21/12/2000,63,train_Client_100618,11,0
303,27/2/1982,62,train_Client_100619,11,0
101,15/12/2000,60,train_Client_100620,11,0
302,16/5/1996,62,train_Client_100623,11,0
310,27/11/2007,62,train_Client_100624,11,0
303,19/9/2009,62,train_Client_100625,11,0
306,20/11/1996,63,train_Client_100629,11,0
302,30/6/2004,62,train_Client_10063,11,0
104,17/12/2003,69,train_Client_100630,11,0
304,17/2/2015,62,train_Client_100631,11,0
301,13/11/2010,62,train_Client_100632,11,0
306,31/3/2006,63,train_Client_100635,11,0
101,7/12/2008,60,train_Client_100636,11,0
101,17/4/2008,60,train_Client_100638,11,0
309,24/10/2015,62,train_Client_100639,11,0
306,12/12/2011,63,train_Client_10064,11,0
101,2/2/2010,60,train_Client_100640,11,0
104,30/4/2014,69,train_Client_100642,11,0
309,27/6/2008,62,train_Client_100643,11,0
306,20/5/2011,63,train_Client_100644,11,0
311,8/3/2016,63,train_Client_100648,11,0
101,22/10/2014,60,train_Client_100649,11,0
101,25/12/2007,60,train_Client_10065,11,0
305,28/9/2012,62,train_Client_100653,11,0
301,9/3/2011,62,train_Client_100654,11,0
101,22/4/2015,60,train_Client_100655,11,0
310,10/10/2008,62,train_Client_100657,11,0
371,23/9/1994,62,train_Client_100658,11,0
104,31/12/1993,69,train_Client_100659,11,0
301,26/2/2007,62,train_Client_10066,11,0
101,9/3/1990,60,train_Client_100661,11,0
103,20/2/1979,69,train_Client_100662,11,0
310,30/9/1999,62,train_Client_100664,11,0
101,3/12/1986,60,train_Client_100665,12,0
306,9/8/2011,63,train_Client_100666,11,0
103,14/8/2010,69,train_Client_100668,11,0
312,10/12/2011,63,train_Client_100669,11,0
302,26/12/2002,62,train_Client_10067,11,0
371,25/10/2017,62,train_Client_100670,11,0
107,26/10/2018,69,train_Client_100672,11,0
103,3/11/2007,69,train_Client_100673,11,0
105,25/9/2013,69,train_Client_100674,11,0
107,14/2/2007,69,train_Client_100676,11,0
301,30/9/1994,62,train_Client_100677,11,0
104,28/5/2012,69,train_Client_100678,11,0
101,28/4/1995,60,train_Client_100679,11,0
301,31/5/2004,62,train_Client_10068,11,0
311,19/11/1991,63,train_Client_100680,11,0
101,29/11/2017,60,train_Client_100681,11,0
103,10/9/1986,69,train_Client_100682,12,0
101,3/1/1979,60,train_Client_100683,11,0
311,23/3/2017,63,train_Client_100684,11,0
101,9/9/1993,60,train_Client_100685,11,0
311,1/12/2012,63,train_Client_100686,11,0
101,24/6/2013,60,train_Client_100687,11,0
303,18/2/2008,62,train_Client_100688,11,0
312,22/1/2018,63,train_Client_100689,11,0
311,24/7/2013,63,train_Client_10069,11,1
306,30/12/2015,63,train_Client_100690,11,0
313,29/12/2000,63,train_Client_100691,11,0
309,17/3/2012,62,train_Client_100692,11,0
310,16/6/2011,62,train_Client_100696,11,0
101,29/1/2008,60,train_Client_100697,11,0
312,24/12/1993,63,train_Client_100699,11,1
107,16/7/2013,69,train_Client_10070,11,0
307,15/4/1983,62,train_Client_100700,11,0
107,1/12/1994,69,train_Client_100701,11,0
302,8/12/2014,62,train_Client_100702,11,0
311,14/5/2002,63,train_Client_100704,11,0
305,25/10/1999,62,train_Client_100705,11,0
302,25/6/1997,62,train_Client_100706,11,0
306,30/8/1989,63,train_Client_100707,11,0
304,13/6/2013,62,train_Client_100709,11,0
101,18/9/2009,60,train_Client_10071,11,0
310,9/12/1987,62,train_Client_100710,11,0
101,17/12/2018,60,train_Client_100711,11,0
104,24/12/2008,69,train_Client_100714,11,0
101,5/4/2010,60,train_Client_100715,11,0
312,8/12/2014,63,train_Client_100716,11,0
101,10/10/2006,60,train_Client_100717,11,0
307,22/3/2006,62,train_Client_100719,11,0
101,8/12/1995,60,train_Client_100720,12,0
101,6/3/1985,60,train_Client_100723,11,0
101,5/10/2011,60,train_Client_100724,11,0
309,23/11/2004,62,train_Client_100725,11,0
302,14/4/2014,62,train_Client_100728,11,0
309,10/7/2012,62,train_Client_100730,12,0
311,31/12/1993,63,train_Client_100732,11,0
304,22/1/2013,62,train_Client_100733,11,0
101,8/7/2014,60,train_Client_100735,11,0
101,22/3/2010,63,train_Client_100737,11,0
107,9/8/2014,69,train_Client_100738,11,0
101,6/4/2010,60,train_Client_100739,11,0
302,3/8/2015,62,train_Client_100740,11,0
307,25/10/2006,62,train_Client_100741,11,0
101,6/3/2007,60,train_Client_100742,11,0
312,2/12/2011,63,train_Client_100743,11,0
371,10/10/2011,62,train_Client_100744,11,0
104,11/9/2012,69,train_Client_100746,11,0
101,19/12/2000,60,train_Client_100747,11,0
301,13/6/1990,62,train_Client_100748,11,0
307,10/3/2008,62,train_Client_100749,11,0
312,23/3/1993,63,train_Client_10075,11,0
107,28/6/1988,69,train_Client_100750,11,0
309,22/10/1991,62,train_Client_100751,11,0
303,27/10/2007,62,train_Client_100752,11,0
302,19/9/2015,62,train_Client_100754,11,0
310,12/11/2013,62,train_Client_100755,11,0
399,14/10/1982,63,train_Client_100756,11,0
305,28/12/1994,62,train_Client_100759,11,0
107,27/11/2010,69,train_Client_10076,11,1
301,6/12/2013,62,train_Client_100763,11,0
105,11/6/2008,69,train_Client_100765,11,0
308,4/7/2011,63,train_Client_100766,11,0
104,14/6/2002,69,train_Client_100769,11,0
101,17/11/1977,60,train_Client_100771,12,0
310,19/4/2005,62,train_Client_100773,11,0
101,14/5/1980,60,train_Client_100775,11,0
311,4/2/2016,63,train_Client_100776,11,0
311,9/5/2001,63,train_Client_100777,11,0
104,28/4/2003,69,train_Client_100779,11,0
101,15/6/2015,60,train_Client_10078,11,0
311,5/7/1996,63,train_Client_100780,11,0
301,30/11/1988,62,train_Client_100782,11,0
371,8/12/1997,62,train_Client_100783,11,0
311,31/10/2013,63,train_Client_100784,11,0
103,4/7/2015,69,train_Client_100786,11,0
106,9/5/2016,69,train_Client_100789,11,0
301,5/11/1984,62,train_Client_100790,11,0
107,25/4/2011,69,train_Client_100791,11,0
101,31/12/1994,60,train_Client_100792,11,0
101,24/12/2002,60,train_Client_100793,11,0
305,26/3/2012,62,train_Client_100794,11,0
311,3/8/2000,63,train_Client_100796,11,0
307,14/8/2010,62,train_Client_100797,11,0
101,31/8/2013,60,train_Client_100798,11,0
306,12/6/1984,63,train_Client_100799,11,0
311,26/3/2014,63,train_Client_1008,11,0
101,6/11/2013,60,train_Client_10080,11,0
107,31/5/2007,69,train_Client_100800,11,0
101,30/11/2000,60,train_Client_100802,11,0
101,29/7/2003,60,train_Client_100803,11,0
311,4/10/1995,63,train_Client_100804,11,0
101,23/12/2013,60,train_Client_100805,11,0
305,21/6/2006,62,train_Client_100806,11,0
101,28/12/2015,60,train_Client_100808,11,0
103,1/4/2005,69,train_Client_100809,11,0
101,5/2/2009,60,train_Client_10081,11,0
306,20/11/2015,63,train_Client_100810,11,0
101,16/11/2000,60,train_Client_100812,11,0
306,10/12/2016,63,train_Client_100814,11,0
310,30/9/1999,62,train_Client_100815,11,0
301,7/6/2013,62,train_Client_100816,11,0
311,21/6/2000,63,train_Client_100817,11,0
309,19/11/2012,62,train_Client_100818,11,0
101,24/10/2001,60,train_Client_100819,11,0
107,7/11/2016,69,train_Client_10082,11,0
103,29/11/2016,69,train_Client_100821,11,0
101,4/11/2008,60,train_Client_100823,11,0
302,5/4/2018,62,train_Client_100824,11,0
105,31/3/1999,69,train_Client_100825,11,0
101,1/3/2005,60,train_Client_100826,11,0
305,27/1/2012,62,train_Client_100827,11,0
101,30/5/1991,60,train_Client_100828,11,0
311,13/6/1988,63,train_Client_100829,11,0
101,11/9/1990,60,train_Client_10083,11,0
312,17/7/2013,63,train_Client_100830,12,0
309,14/3/1995,62,train_Client_100831,11,0
101,16/4/1998,60,train_Client_100832,11,0
372,31/12/1993,63,train_Client_100833,11,0
306,18/11/1998,63,train_Client_100834,11,0
303,7/7/2014,62,train_Client_100835,11,0
104,15/9/2012,69,train_Client_100837,11,0
303,27/11/1996,62,train_Client_100839,11,0
104,27/1/1986,69,train_Client_10084,11,0
101,23/7/2013,60,train_Client_100840,11,0
307,5/5/2005,62,train_Client_100841,11,0
104,27/4/2009,69,train_Client_100842,11,0
311,7/5/2015,63,train_Client_100845,11,0
101,15/4/2010,60,train_Client_100846,11,0
305,19/7/2011,62,train_Client_100847,11,0
310,15/1/2016,62,train_Client_100849,11,0
101,28/7/2011,60,train_Client_10085,11,0
101,18/8/1988,60,train_Client_100851,11,0
311,15/12/2012,63,train_Client_100852,11,0
101,2/4/2010,60,train_Client_100853,11,0
107,27/1/2012,69,train_Client_100854,11,0
104,29/3/1978,69,train_Client_100855,11,0
307,18/12/1985,62,train_Client_100856,11,0
312,31/12/2004,63,train_Client_100857,11,0
310,31/8/2001,62,train_Client_100858,11,0
304,17/2/1984,62,train_Client_100859,11,0
307,2/8/2014,62,train_Client_100860,11,0
101,3/12/2014,60,train_Client_100865,11,0
107,26/11/1987,69,train_Client_100866,11,0
302,2/4/2015,62,train_Client_100868,11,0
107,24/10/2013,69,train_Client_100869,11,0
303,23/3/2000,62,train_Client_100871,11,0
104,4/12/2009,69,train_Client_100874,11,0
301,29/10/2008,62,train_Client_100875,11,0
312,19/10/2016,63,train_Client_100877,11,0
101,7/8/2009,60,train_Client_100878,11,0
101,20/9/1994,60,train_Client_10088,11,0
310,23/5/1995,62,train_Client_100880,11,0
104,25/5/2001,69,train_Client_100881,11,0
311,16/12/2008,63,train_Client_100882,11,0
311,24/12/1993,63,train_Client_100883,11,1
304,18/12/2002,62,train_Client_100884,11,0
103,15/3/2010,69,train_Client_100885,11,0
101,27/9/1991,60,train_Client_100886,11,0
371,17/10/2008,62,train_Client_100887,11,0
103,29/11/2011,69,train_Client_100889,11,0
311,8/12/1997,63,train_Client_100890,51,0
107,15/6/2016,69,train_Client_100891,11,0
107,11/3/2014,69,train_Client_100892,11,0
304,2/11/2012,62,train_Client_100893,11,0
302,2/6/2016,62,train_Client_100894,11,0
302,3/12/2009,62,train_Client_100896,11,1
107,4/4/2015,69,train_Client_100897,11,0
312,4/1/2007,63,train_Client_100898,11,0
312,31/10/1989,63,train_Client_100899,11,0
101,10/1/2010,60,train_Client_1009,11,0
307,8/9/1979,62,train_Client_10090,11,0
103,27/12/2010,69,train_Client_100901,11,1
107,11/1/2008,69,train_Client_100903,11,0
107,28/9/1992,69,train_Client_100904,11,0
371,22/12/2004,62,train_Client_100905,11,0
310,1/9/2008,62,train_Client_100906,12,0
307,18/5/1984,62,train_Client_10091,11,0
304,20/10/1994,62,train_Client_100910,11,0
306,28/6/1979,63,train_Client_100914,11,0
101,1/2/2019,60,train_Client_100915,11,0
101,15/3/1995,60,train_Client_100917,11,0
104,10/9/1981,69,train_Client_100918,11,0
312,2/6/2014,63,train_Client_100920,11,0
104,28/12/1993,69,train_Client_100921,11,0
104,19/5/2006,69,train_Client_100922,11,0
104,25/5/1998,69,train_Client_100923,11,0
303,28/11/2006,62,train_Client_100924,11,0
101,26/3/1997,60,train_Client_100926,11,0
101,7/5/1997,60,train_Client_10093,11,0
301,19/1/2010,62,train_Client_100930,11,0
104,30/4/2014,69,train_Client_100931,11,0
104,16/5/2013,69,train_Client_100932,11,0
101,5/11/2002,60,train_Client_100933,11,0
309,8/12/1986,62,train_Client_100934,11,0
311,20/1/1993,63,train_Client_100936,11,0
311,28/11/2007,63,train_Client_100937,11,0
310,9/5/2006,62,train_Client_100938,11,0
301,3/6/1987,62,train_Client_10094,11,1
307,31/5/1982,62,train_Client_100940,11,0
107,29/8/2009,69,train_Client_100941,11,0
313,17/2/2015,63,train_Client_100942,11,0
305,10/5/2011,62,train_Client_100943,11,0
302,31/12/2016,62,train_Client_100944,11,0
103,16/10/2012,69,train_Client_100945,11,0
107,20/8/1986,69,train_Client_100947,12,0
311,7/6/2002,63,train_Client_100948,11,0
103,23/11/2012,69,train_Client_100951,11,0
101,19/6/1980,60,train_Client_100952,11,0
104,17/3/2014,69,train_Client_100953,11,0
311,11/2/2014,63,train_Client_100956,11,1
305,13/5/2002,62,train_Client_100957,11,0
103,31/10/2003,69,train_Client_100958,11,0
310,28/9/2016,62,train_Client_100960,11,0
101,29/1/2010,60,train_Client_100965,11,0
101,31/8/1990,60,train_Client_100966,12,0
311,13/4/2011,63,train_Client_100967,11,0
371,9/10/2000,62,train_Client_100968,11,0
104,4/5/1988,69,train_Client_100969,11,0
303,8/12/1986,62,train_Client_10097,11,0
307,3/5/2007,62,train_Client_100972,11,1
313,30/9/1994,63,train_Client_100975,11,0
310,3/12/1996,62,train_Client_100977,11,0
103,25/12/2010,69,train_Client_100978,11,0
101,25/5/1999,60,train_Client_100979,11,0
104,20/12/1994,69,train_Client_10098,11,0
103,30/9/1981,69,train_Client_100981,11,0
101,5/5/2011,60,train_Client_100983,11,0
303,7/2/2011,62,train_Client_100984,11,0
104,31/8/1994,69,train_Client_100985,11,0
104,29/8/1994,69,train_Client_100986,11,0
302,7/3/2008,62,train_Client_100987,11,0
301,27/11/2012,62,train_Client_100988,11,0
307,19/11/2007,62,train_Client_100989,11,0
101,20/5/2010,60,train_Client_10099,11,0
103,15/7/2011,69,train_Client_100990,11,0
101,17/5/1977,60,train_Client_100991,11,0
310,29/6/2015,62,train_Client_100993,11,0
101,24/3/2010,60,train_Client_100994,11,0
101,30/11/2012,60,train_Client_100996,11,0
104,30/8/1995,69,train_Client_100998,11,0
303,28/1/2015,62,train_Client_100999,11,0
103,25/2/2016,69,train_Client_1010,11,1
304,22/4/1996,62,train_Client_101000,11,0
310,23/5/2005,62,train_Client_101001,11,0
305,13/11/2010,62,train_Client_101002,11,0
309,10/2/1986,62,train_Client_101005,11,0
101,12/11/2013,60,train_Client_101006,11,0
101,4/5/1994,60,train_Client_101008,11,0
104,3/10/1983,69,train_Client_101009,11,0
103,1/8/2017,69,train_Client_101010,11,0
311,27/10/1994,63,train_Client_101011,11,0
101,22/3/2017,60,train_Client_101013,11,0
101,13/2/2012,60,train_Client_101014,11,0
107,4/3/2008,69,train_Client_101015,11,0
104,29/12/2004,69,train_Client_101017,11,0
303,16/11/2005,62,train_Client_101018,11,1
103,27/9/1994,69,train_Client_101019,11,0
101,16/7/2015,60,train_Client_101020,11,0
101,16/4/2013,60,train_Client_101023,11,0
103,18/6/1993,69,train_Client_101024,11,0
101,17/10/2007,60,train_Client_101026,11,0
309,13/1/2010,62,train_Client_101027,11,0
101,16/8/1989,60,train_Client_10103,11,0
310,18/7/2017,62,train_Client_101030,11,0
310,22/6/2015,62,train_Client_101031,11,0
101,1/4/2013,60,train_Client_101032,12,0
101,17/12/2008,60,train_Client_101033,11,0
103,12/5/1998,69,train_Client_101035,11,0
101,31/12/1994,60,train_Client_101036,11,0
309,31/3/2016,62,train_Client_10104,11,0
311,20/11/2006,63,train_Client_101040,11,0
311,6/5/1994,63,train_Client_101041,11,0
309,25/10/1999,62,train_Client_101046,11,0
105,9/5/2017,69,train_Client_101047,11,0
304,21/10/2014,62,train_Client_101048,11,0
101,11/11/2013,60,train_Client_101049,11,0
307,23/1/2013,62,train_Client_10105,11,0
104,3/3/2010,69,train_Client_101051,11,0
302,15/10/2008,62,train_Client_101053,11,0
101,15/12/1986,60,train_Client_101054,11,0
101,23/6/1995,60,train_Client_101055,11,0
101,19/7/1983,60,train_Client_101057,11,0
107,9/9/2011,69,train_Client_101058,11,0
104,4/7/2013,69,train_Client_101059,11,0
303,21/1/2002,62,train_Client_10106,12,0
101,23/5/1995,63,train_Client_101060,11,0
101,17/1/1979,60,train_Client_101061,11,0
104,13/11/2010,69,train_Client_101062,11,0
101,18/2/2009,60,train_Client_101063,11,0
101,25/5/1999,60,train_Client_101064,11,0
303,13/10/2008,62,train_Client_101065,11,0
399,3/5/1991,63,train_Client_101066,11,0
101,27/7/2001,60,train_Client_101067,11,0
101,16/5/2012,60,train_Client_101068,11,0
103,4/6/2010,69,train_Client_101069,11,0
101,5/2/2007,60,train_Client_101071,11,0
107,31/5/2017,69,train_Client_101072,11,0
104,16/4/1977,69,train_Client_101073,11,0
311,30/4/2016,63,train_Client_101074,11,0
372,17/12/1992,63,train_Client_101075,11,1
304,30/6/2003,62,train_Client_101076,11,0
312,28/11/2003,63,train_Client_101078,11,0
309,15/5/2006,62,train_Client_101079,11,0
313,11/2/2013,63,train_Client_101080,11,0
305,27/9/2006,62,train_Client_101082,11,0
312,11/4/1990,63,train_Client_101083,11,1
307,21/3/2014,62,train_Client_101084,11,0
104,28/5/2014,69,train_Client_101085,11,0
311,22/9/2012,63,train_Client_101086,11,0
310,3/12/1996,62,train_Client_101089,11,0
101,21/6/2000,60,train_Client_10109,11,0
107,13/12/1993,69,train_Client_101090,11,0
311,26/12/1994,63,train_Client_101091,11,0
310,5/10/2017,62,train_Client_101092,11,0
310,3/8/2017,62,train_Client_101093,11,0
307,5/12/1991,62,train_Client_101094,11,0
107,5/12/2014,69,train_Client_101096,11,0
101,5/1/2017,60,train_Client_101098,11,0
101,2/12/1993,60,train_Client_101099,11,0
310,14/9/1993,62,train_Client_101100,11,0
103,11/7/2017,69,train_Client_101101,11,0
107,18/4/2017,69,train_Client_101102,11,0
310,11/7/2017,62,train_Client_101103,11,0
371,2/10/2018,62,train_Client_101105,11,0
303,30/11/2000,62,train_Client_101106,12,0
312,29/10/2012,63,train_Client_101107,11,0
307,1/7/2015,62,train_Client_101108,11,0
371,31/12/1996,62,train_Client_101109,11,0
301,18/9/1984,62,train_Client_101110,11,0
371,4/11/2015,62,train_Client_101111,11,0
311,5/12/2009,63,train_Client_101112,11,0
311,6/5/1994,63,train_Client_101113,11,0
105,4/12/2009,69,train_Client_101114,11,0
101,3/10/2011,60,train_Client_101115,11,0
103,27/7/2017,69,train_Client_101116,11,0
311,2/11/2013,63,train_Client_101118,11,0
303,13/12/2010,62,train_Client_101119,11,0
311,19/11/2013,63,train_Client_10112,11,0
101,10/1/2014,60,train_Client_101120,11,0
104,15/9/2005,69,train_Client_101122,11,0
371,23/5/1995,62,train_Client_101124,11,0
303,22/11/1984,62,train_Client_101125,11,0
104,17/11/2016,69,train_Client_101127,11,0
310,28/2/1978,62,train_Client_101129,11,0
101,27/3/2002,60,train_Client_10113,11,0
101,14/10/2016,60,train_Client_101130,11,0
101,18/10/2016,60,train_Client_101133,11,0
105,20/5/2005,69,train_Client_101136,11,0
107,20/11/2015,69,train_Client_101138,11,0
101,18/4/2008,60,train_Client_101139,11,0
104,31/12/1981,69,train_Client_101140,11,0
305,24/3/2011,62,train_Client_101141,11,0
310,3/8/2018,62,train_Client_101142,11,0
104,1/7/2015,69,train_Client_101143,11,0
101,7/3/1988,60,train_Client_101144,11,0
103,29/1/2014,69,train_Client_101145,11,0
101,28/10/1985,60,train_Client_101147,11,0
303,6/4/2017,62,train_Client_101148,11,0
104,18/5/2009,69,train_Client_101149,11,0
302,8/12/1994,62,train_Client_101150,11,0
101,1/12/2004,60,train_Client_101151,11,0
302,20/11/1997,62,train_Client_101154,11,0
101,31/5/2011,60,train_Client_101155,11,0
301,15/2/2010,62,train_Client_101156,11,1
103,25/9/2010,69,train_Client_10116,11,0
101,5/2/1990,60,train_Client_101160,11,0
104,12/5/1998,69,train_Client_101161,11,0
309,30/11/2010,62,train_Client_101162,12,1
307,8/5/1982,62,train_Client_101163,11,0
307,18/6/2011,62,train_Client_101164,11,0
104,26/12/2011,69,train_Client_101165,11,0
312,16/11/2015,63,train_Client_101167,11,0
311,12/1/1994,63,train_Client_101168,11,0
107,13/12/2011,69,train_Client_101170,11,0
101,21/10/1981,60,train_Client_101171,11,0
372,26/2/2013,63,train_Client_101175,11,0
309,18/11/2016,62,train_Client_101177,11,0
311,9/2/2015,63,train_Client_101179,11,0
311,29/6/2006,63,train_Client_10118,11,1
104,23/7/2002,69,train_Client_101180,11,0
101,20/11/2012,60,train_Client_101181,11,0
101,19/7/2000,60,train_Client_101183,11,0
101,19/3/2004,60,train_Client_101185,11,0
303,2/1/2008,62,train_Client_101186,11,0
101,27/5/1978,60,train_Client_101187,11,0
303,27/9/2011,62,train_Client_101191,11,0
311,30/10/2009,63,train_Client_101193,11,0
310,26/9/2000,62,train_Client_101196,11,0
372,30/12/1995,63,train_Client_101198,11,0
307,20/11/2000,62,train_Client_101199,11,0
307,21/6/2014,62,train_Client_1012,11,0
311,17/2/2016,63,train_Client_101200,11,0
311,26/1/2000,63,train_Client_101201,11,0
101,18/11/2004,60,train_Client_101202,11,0
303,12/10/2018,62,train_Client_101203,11,0
101,17/12/2012,60,train_Client_101204,11,0
107,17/2/2006,69,train_Client_101205,11,0
313,8/11/2012,63,train_Client_101208,11,0
301,29/12/2005,62,train_Client_10121,11,0
103,30/8/2007,69,train_Client_101210,11,0
302,30/7/2007,62,train_Client_101211,11,0
104,18/3/2004,69,train_Client_101212,11,0
104,20/9/2012,69,train_Client_101215,11,0
306,27/12/1990,63,train_Client_101217,11,0
101,30/10/1985,60,train_Client_101218,11,0
104,26/6/1995,69,train_Client_101219,11,0
101,24/9/2010,60,train_Client_10122,11,0
101,28/5/1985,60,train_Client_101221,11,0
309,25/4/2019,62,train_Client_101222,11,0
103,9/11/2015,69,train_Client_101224,11,0
301,27/4/2006,62,train_Client_101226,11,0
311,2/4/2012,63,train_Client_101227,11,0
101,22/12/2016,60,train_Client_101229,11,0
107,22/11/1982,69,train_Client_10123,11,0
311,27/7/2010,63,train_Client_101230,11,0
103,26/1/2004,69,train_Client_101231,11,0
303,16/11/2013,62,train_Client_101232,11,0
107,3/11/2014,69,train_Client_101233,11,0
310,8/10/2018,62,train_Client_101235,11,0
379,9/12/2010,63,train_Client_101238,11,0
311,22/9/2015,63,train_Client_10124,11,0
101,5/11/1977,60,train_Client_101240,11,0
306,28/5/2015,63,train_Client_101241,11,0
104,20/2/2009,69,train_Client_101243,11,0
103,29/12/2007,69,train_Client_101244,11,0
301,31/7/2003,62,train_Client_101245,11,0
303,4/8/1978,62,train_Client_101246,12,0
310,18/6/2011,62,train_Client_101247,11,0
104,18/12/1995,69,train_Client_101249,11,0
103,1/6/2000,69,train_Client_101251,11,0
104,19/8/2008,69,train_Client_101252,11,0
103,30/6/2004,69,train_Client_101253,11,0
306,26/9/2002,63,train_Client_101254,12,0
311,14/4/1993,63,train_Client_101256,11,0
399,18/4/1981,63,train_Client_101257,11,0
105,26/5/2015,69,train_Client_101258,11,0
311,26/1/2000,63,train_Client_101259,11,0
311,8/2/2017,63,train_Client_10126,11,0
311,16/12/2008,63,train_Client_101260,11,0
101,7/1/1983,60,train_Client_101261,11,0
311,19/9/2013,63,train_Client_101262,11,0
101,20/10/2008,60,train_Client_101263,11,0
101,29/2/1988,60,train_Client_101264,11,0
311,26/6/2009,63,train_Client_101265,11,0
101,26/7/2011,60,train_Client_101266,11,0
101,26/3/2003,60,train_Client_101267,11,0
101,24/8/2007,60,train_Client_101268,11,0
104,16/6/2015,69,train_Client_101269,11,0
311,3/2/2015,63,train_Client_10127,11,0
101,11/2/2010,60,train_Client_101270,11,0
307,31/3/2010,62,train_Client_101271,11,0
311,15/6/2009,63,train_Client_101272,11,0
101,1/10/2004,60,train_Client_101273,11,0
107,25/12/2017,69,train_Client_101274,11,0
104,9/9/2017,69,train_Client_101275,11,0
104,10/8/2009,69,train_Client_101276,11,0
313,21/11/1995,63,train_Client_101279,11,0
312,20/9/1990,63,train_Client_10128,11,0
101,30/12/2013,60,train_Client_101280,11,0
101,28/2/1992,60,train_Client_101282,12,0
101,30/10/2001,60,train_Client_101283,11,0
306,30/9/2002,63,train_Client_101284,11,1
103,28/5/2012,69,train_Client_101286,11,0
101,12/1/2015,60,train_Client_101287,11,0
309,29/3/2014,62,train_Client_101288,11,0
306,20/11/1996,63,train_Client_101289,11,0
101,10/12/1992,60,train_Client_101290,11,0
311,4/12/2013,63,train_Client_101291,11,0
311,24/11/2014,63,train_Client_101295,11,0
107,4/7/2015,69,train_Client_101296,11,0
101,24/10/2013,60,train_Client_101297,11,0
305,11/2/2008,62,train_Client_101298,11,0
104,10/3/2013,69,train_Client_101299,11,0
107,4/12/2010,69,train_Client_1013,11,0
104,1/12/1980,69,train_Client_10130,11,0
304,13/3/2001,62,train_Client_101300,11,0
371,4/2/2002,62,train_Client_101301,11,0
101,16/6/2008,60,train_Client_101302,11,0
101,25/12/2013,60,train_Client_101303,11,0
302,15/11/2013,62,train_Client_101304,11,0
101,4/10/1999,60,train_Client_101305,11,0
101,13/2/2015,60,train_Client_101308,11,0
311,27/8/2016,63,train_Client_101309,11,0
104,15/7/1999,69,train_Client_101310,11,0
311,26/4/2011,63,train_Client_101311,11,0
104,16/3/2012,69,train_Client_101312,11,0
107,22/4/2005,69,train_Client_101316,11,0
371,4/4/2005,62,train_Client_101317,11,0
103,26/2/2008,69,train_Client_101318,11,0
103,28/10/2017,69,train_Client_101319,11,0
107,25/9/2010,69,train_Client_10132,11,0
104,9/10/2008,69,train_Client_101321,11,0
101,17/11/1977,60,train_Client_101322,11,0
311,17/9/1999,63,train_Client_101323,11,1
379,28/12/2011,63,train_Client_101324,11,0
307,29/5/2000,62,train_Client_101326,11,1
305,5/9/2005,62,train_Client_101327,11,0
101,7/11/2016,60,train_Client_101328,11,0
101,18/10/2004,60,train_Client_101329,11,0
104,26/7/2011,69,train_Client_10133,11,1
101,19/8/2014,63,train_Client_101330,11,0
101,29/12/2016,60,train_Client_101331,11,0
311,23/10/2015,63,train_Client_101334,11,1
101,23/11/2009,60,train_Client_101337,11,0
107,20/7/2001,69,train_Client_101338,11,0
302,21/6/2006,62,train_Client_101339,11,0
105,26/12/2002,69,train_Client_101340,11,0
313,21/5/2009,63,train_Client_101341,11,0
101,13/7/2015,60,train_Client_101342,11,0
311,25/9/1996,63,train_Client_101343,11,0
101,24/5/2007,60,train_Client_101344,11,0
107,28/1/2014,69,train_Client_101345,11,0
101,11/12/2007,60,train_Client_101346,11,0
306,26/9/1989,63,train_Client_101348,11,0
101,2/5/1983,60,train_Client_10135,11,1
104,25/12/1998,69,train_Client_101350,11,0
311,16/12/2014,63,train_Client_101351,11,0
101,15/12/2008,60,train_Client_101352,11,0
101,17/3/1979,60,train_Client_101354,11,0
306,9/2/2017,63,train_Client_101355,11,0
104,10/10/1991,69,train_Client_101356,11,0
104,7/5/2014,69,train_Client_101357,11,0
101,19/3/1981,60,train_Client_101359,11,0
309,23/10/2017,62,train_Client_101360,11,0
301,1/8/1984,62,train_Client_101361,11,0
103,20/2/2007,69,train_Client_101363,11,1
106,14/11/1985,69,train_Client_101364,11,0
301,25/2/2000,62,train_Client_101366,11,0
101,29/12/2012,60,train_Client_101368,11,0
104,31/10/1995,69,train_Client_10137,11,0
101,9/7/1999,60,train_Client_101370,11,0
311,29/12/2000,63,train_Client_101371,11,0
103,15/9/2011,69,train_Client_101372,11,0
101,17/11/2014,60,train_Client_101373,11,0
301,20/4/2001,62,train_Client_101374,12,0
101,25/2/1988,60,train_Client_101375,11,0
101,13/12/1989,60,train_Client_101376,12,0
371,12/10/2005,62,train_Client_101377,11,0
101,14/1/2008,60,train_Client_101378,11,0
103,18/8/2016,69,train_Client_101379,11,0
105,8/12/2014,69,train_Client_101380,11,0
104,15/4/2009,69,train_Client_101381,11,0
103,4/1/2010,69,train_Client_101382,11,0
101,5/5/1987,63,train_Client_101387,11,0
107,11/7/2011,69,train_Client_101388,11,0
311,29/10/1991,63,train_Client_101389,11,0
101,31/8/2015,60,train_Client_101390,11,0
312,21/12/1995,63,train_Client_101392,11,0
101,22/4/1977,60,train_Client_101393,11,0
312,30/6/1994,63,train_Client_101394,11,0
104,27/10/1980,69,train_Client_101395,11,0
103,3/11/2007,69,train_Client_101396,11,0
304,21/7/2018,62,train_Client_101398,11,0
104,12/12/2013,69,train_Client_101399,11,0
301,6/6/1983,62,train_Client_1014,12,0
101,11/10/2017,60,train_Client_10140,11,0
307,14/4/1995,62,train_Client_101400,11,0
303,2/6/2007,62,train_Client_101402,11,0
101,27/4/2015,60,train_Client_101403,11,0
303,25/10/2010,62,train_Client_101404,11,0
101,1/3/2006,60,train_Client_101406,11,0
306,28/2/2008,63,train_Client_101407,11,0
103,8/7/2013,69,train_Client_101410,11,0
301,2/3/2015,62,train_Client_101411,11,0
104,10/6/2015,69,train_Client_101412,11,0
311,24/1/2017,63,train_Client_101413,11,0
312,18/11/2013,63,train_Client_101415,11,0
311,14/6/2001,63,train_Client_101416,11,0
304,28/6/2002,62,train_Client_101417,11,0
101,15/12/1983,60,train_Client_101419,11,0
101,8/6/2012,60,train_Client_10142,11,0
104,4/3/2010,69,train_Client_101420,11,0
101,16/10/1997,60,train_Client_101423,11,0
106,27/9/2010,69,train_Client_101424,11,0
379,19/12/1983,63,train_Client_101425,11,0
105,6/3/2017,69,train_Client_101426,11,0
302,9/8/2017,62,train_Client_101429,11,0
306,24/3/2003,63,train_Client_10143,11,1
101,31/12/1994,63,train_Client_101430,11,0
310,26/8/2017,62,train_Client_101431,11,0
103,18/2/2014,69,train_Client_101432,11,0
104,3/8/2010,69,train_Client_101434,11,0
311,26/5/1987,63,train_Client_101435,11,0
101,29/10/2013,60,train_Client_10144,11,0
101,26/6/2007,60,train_Client_101441,11,0
311,25/3/2014,63,train_Client_101443,11,0
310,31/1/2002,62,train_Client_101447,11,0
104,9/1/2007,69,train_Client_101448,11,0
103,6/9/2011,69,train_Client_101449,11,0
304,21/7/1980,62,train_Client_10145,11,1
303,21/2/2011,62,train_Client_101451,11,0
104,24/11/1979,69,train_Client_101452,11,0
313,18/5/2016,63,train_Client_101455,11,0
101,22/11/1996,60,train_Client_101456,11,0
101,18/10/2016,60,train_Client_101458,11,0
101,10/5/2011,60,train_Client_101459,11,1
302,21/4/1997,62,train_Client_10146,11,0
101,25/6/1992,60,train_Client_101460,11,0
103,15/12/2016,69,train_Client_101462,11,0
101,30/12/1978,60,train_Client_101464,11,0
101,27/12/2009,60,train_Client_101467,11,0
101,4/5/2001,60,train_Client_101469,11,0
107,14/12/2011,69,train_Client_10147,11,0
309,7/12/2017,62,train_Client_101470,11,0
101,18/5/2011,60,train_Client_101471,11,0
103,15/9/1997,69,train_Client_101472,11,0
107,11/5/1978,69,train_Client_101474,11,0
107,28/12/2015,69,train_Client_101476,11,0
101,17/10/2008,60,train_Client_101477,11,0
103,25/4/2011,69,train_Client_101478,11,0
101,26/2/1987,60,train_Client_101479,11,0
104,13/3/1991,69,train_Client_101482,11,0
302,6/10/1989,62,train_Client_101484,11,0
372,13/6/1990,63,train_Client_101486,11,1
101,6/11/1995,60,train_Client_101489,11,0
104,23/7/2011,69,train_Client_10149,11,0
307,16/11/2016,62,train_Client_101490,11,0
371,21/2/2011,62,train_Client_101491,11,0
101,13/12/2012,60,train_Client_101492,11,0
107,9/10/1996,69,train_Client_101493,11,0
310,8/7/2015,62,train_Client_101494,11,0
107,17/9/2011,69,train_Client_101495,11,0
103,13/3/2018,69,train_Client_101496,11,0
311,5/10/2016,63,train_Client_101498,11,1
301,21/4/1998,62,train_Client_101499,11,0
301,25/10/1988,62,train_Client_10150,11,0
301,12/4/2010,62,train_Client_101500,11,0
104,8/8/2018,69,train_Client_101501,11,0
306,28/6/1982,63,train_Client_101502,11,0
303,3/5/2016,62,train_Client_101505,11,0
101,14/11/2011,60,train_Client_101506,11,1
107,31/10/1995,69,train_Client_101507,11,0
312,22/8/2001,63,train_Client_101508,11,0
107,12/11/2013,69,train_Client_101510,11,0
104,14/7/2017,69,train_Client_101511,11,0
306,15/4/2017,63,train_Client_101512,11,0
311,23/2/2018,63,train_Client_101513,11,0
311,7/7/2011,63,train_Client_101514,11,0
312,7/5/2002,63,train_Client_101515,11,0
307,28/12/1995,62,train_Client_101518,11,0
301,27/11/1992,62,train_Client_101519,11,0
311,30/11/2005,63,train_Client_10152,11,0
101,10/8/1981,60,train_Client_101520,11,0
301,10/9/2008,62,train_Client_101522,11,0
101,26/6/2013,60,train_Client_101525,11,0
371,11/2/2008,62,train_Client_101527,11,0
301,23/1/2018,62,train_Client_101528,11,0
104,16/8/2012,69,train_Client_101530,11,0
104,19/4/2017,69,train_Client_101533,11,0
101,12/2/2002,60,train_Client_101534,11,0
104,26/4/2010,69,train_Client_101535,11,0
104,11/11/2010,69,train_Client_101536,11,0
101,3/10/2011,60,train_Client_101538,11,0
101,1/11/2016,60,train_Client_101539,11,0
101,11/11/2008,60,train_Client_10154,11,0
309,28/3/2013,62,train_Client_101540,11,0
104,26/7/2017,69,train_Client_101541,11,0
101,8/6/1988,63,train_Client_101543,12,0
303,25/10/2011,62,train_Client_101544,11,0
311,8/10/2015,63,train_Client_101545,11,0
101,30/12/2013,60,train_Client_101546,11,0
303,13/5/2002,62,train_Client_101547,11,0
310,30/4/2011,62,train_Client_101550,11,0
107,21/12/2010,69,train_Client_101551,11,0
303,4/3/2008,62,train_Client_101552,11,0
101,31/12/1985,60,train_Client_101554,11,0
101,13/2/2018,60,train_Client_101556,11,0
103,29/11/2011,69,train_Client_101557,11,0
103,6/8/2009,69,train_Client_10156,11,0
307,30/6/1999,62,train_Client_101562,11,0
304,16/4/2009,62,train_Client_101564,11,0
302,21/7/2005,62,train_Client_101565,11,0
306,18/10/1990,63,train_Client_101566,11,0
312,15/3/2014,63,train_Client_101568,11,0
101,28/12/1984,60,train_Client_101569,11,0
107,20/9/2006,69,train_Client_10157,11,0
101,29/5/2012,63,train_Client_101571,11,1
302,3/11/2017,62,train_Client_101574,11,0
101,19/9/2011,60,train_Client_101575,11,0
311,18/10/2000,63,train_Client_101577,11,0
104,12/5/2012,69,train_Client_101579,11,1
310,28/6/1988,62,train_Client_10158,11,0
312,8/11/1995,63,train_Client_101580,11,0
107,12/11/2016,69,train_Client_101581,11,0
310,26/8/2011,62,train_Client_101582,11,0
305,8/3/1991,62,train_Client_101583,11,0
101,16/10/2000,60,train_Client_101584,11,0
103,29/5/2012,69,train_Client_101585,11,0
306,5/4/2011,63,train_Client_101586,11,0
302,24/7/2006,62,train_Client_101587,11,0
105,3/10/2009,69,train_Client_10159,11,0
101,19/3/1977,60,train_Client_101590,11,0
101,19/10/2011,60,train_Client_101591,11,0
104,16/5/2013,69,train_Client_101592,11,0
301,14/10/1982,62,train_Client_101593,11,0
379,31/3/2004,63,train_Client_101594,11,1
101,25/8/1993,60,train_Client_101595,11,0
311,31/12/1985,63,train_Client_101596,11,0
101,20/11/2007,60,train_Client_101597,11,0
312,16/12/1988,63,train_Client_101598,11,0
303,18/10/2016,62,train_Client_101599,11,0
311,13/12/2011,63,train_Client_10160,11,0
308,18/1/2018,63,train_Client_101601,11,0
107,7/1/2014,69,train_Client_101603,11,0
101,5/6/2009,60,train_Client_101604,11,1
103,10/9/2004,69,train_Client_101605,11,0
101,13/11/1980,60,train_Client_101606,11,0
302,28/12/2011,62,train_Client_101607,11,0
303,13/2/2007,62,train_Client_101608,11,0
101,22/4/1978,60,train_Client_101612,11,0
305,13/11/2000,62,train_Client_101613,11,0
306,8/10/2010,63,train_Client_101614,11,0
310,18/8/1988,62,train_Client_101615,11,0
101,13/3/2007,60,train_Client_101616,11,0
103,24/7/2006,69,train_Client_101617,11,0
101,23/10/1985,60,train_Client_101619,11,0
101,16/10/2000,60,train_Client_10162,11,0
311,3/12/1996,63,train_Client_101620,11,0
104,2/11/1987,69,train_Client_101622,11,0
311,13/5/2014,63,train_Client_101624,11,0
104,7/12/1992,69,train_Client_101625,11,0
303,13/5/1983,62,train_Client_101627,11,0
101,26/7/1993,60,train_Client_101628,11,0
101,31/12/1994,60,train_Client_10163,11,0
104,28/2/1995,69,train_Client_101631,11,0
311,28/4/2016,63,train_Client_101632,11,0
104,15/3/2012,69,train_Client_101633,11,0
307,31/8/2009,62,train_Client_101638,11,0
302,6/12/1977,62,train_Client_101641,11,0
104,31/1/1997,69,train_Client_101643,11,0
101,2/12/2003,60,train_Client_101644,11,0
311,13/12/1994,63,train_Client_101646,11,0
302,28/9/1998,62,train_Client_101647,11,0
301,26/7/1979,62,train_Client_101648,11,0
311,15/7/2017,63,train_Client_101649,11,0
371,8/3/1991,62,train_Client_10165,11,0
301,17/1/2018,62,train_Client_101650,11,0
311,17/3/2008,63,train_Client_101651,11,0
307,10/9/2012,62,train_Client_101653,11,0
310,8/8/2017,62,train_Client_101654,11,0
101,26/2/2013,60,train_Client_101655,11,0
304,19/11/2012,62,train_Client_101656,11,0
301,19/11/1991,62,train_Client_101657,11,0
101,17/3/2006,60,train_Client_101658,11,0
107,13/6/2011,69,train_Client_10166,11,0
311,8/10/2015,63,train_Client_101660,11,0
101,30/11/1988,60,train_Client_101664,11,0
306,3/12/2008,63,train_Client_101666,11,0
303,19/6/2000,62,train_Client_101668,11,0
311,4/10/1995,63,train_Client_101669,11,0
101,3/5/2001,60,train_Client_10167,11,0
107,12/2/2009,69,train_Client_101670,11,0
308,17/2/2016,63,train_Client_101671,11,0
104,26/11/1981,69,train_Client_101672,11,0
104,26/2/1987,69,train_Client_101673,11,0
310,14/12/2015,62,train_Client_101674,11,0
312,22/1/2013,63,train_Client_101675,11,0
104,7/11/2013,69,train_Client_101676,11,0
304,30/1/2009,62,train_Client_101678,11,0
310,5/9/2002,62,train_Client_101679,11,0
101,31/3/2010,60,train_Client_101681,11,0
101,5/6/2001,60,train_Client_101682,11,0
104,25/3/2016,69,train_Client_101684,11,1
301,27/9/1977,62,train_Client_101685,11,0
104,30/6/1989,69,train_Client_101686,11,0
307,9/5/2008,62,train_Client_101687,11,0
107,19/3/2008,69,train_Client_101689,11,0
371,5/12/2011,62,train_Client_10169,11,0
306,24/10/2015,63,train_Client_101691,11,0
103,15/7/2011,69,train_Client_101692,11,0
103,19/8/2008,69,train_Client_101694,11,0
107,12/7/2011,69,train_Client_101696,11,0
101,12/4/2011,60,train_Client_101698,11,0
310,3/10/2016,62,train_Client_101699,11,0
301,7/5/2014,62,train_Client_10170,11,0
304,20/11/1997,62,train_Client_101700,11,0
371,22/6/2017,62,train_Client_101701,11,0
101,24/10/1983,60,train_Client_101702,12,0
101,7/6/1991,60,train_Client_101704,11,0
309,28/12/2016,62,train_Client_101705,11,0
101,10/1/2014,60,train_Client_101707,11,0
104,3/11/2014,69,train_Client_101708,11,0
312,4/4/2016,63,train_Client_101709,11,0
107,28/12/2011,69,train_Client_10171,11,0
101,19/3/1991,60,train_Client_101710,11,0
309,19/3/2011,62,train_Client_101711,11,0
301,23/12/2010,62,train_Client_101712,11,0
101,7/11/1983,60,train_Client_101713,11,0
371,21/6/2004,62,train_Client_101716,11,0
107,28/1/1985,69,train_Client_101718,11,1
371,5/9/2013,62,train_Client_10172,11,0
107,27/10/1980,69,train_Client_101720,11,0
301,4/10/1995,62,train_Client_101722,11,0
307,30/12/1987,62,train_Client_101723,11,0
104,24/3/1994,69,train_Client_101726,11,0
303,21/9/2007,62,train_Client_101727,11,0
104,27/6/2007,69,train_Client_101728,11,0
310,26/12/2012,62,train_Client_101729,11,0
304,15/4/1988,62,train_Client_10173,11,0
302,15/8/2014,62,train_Client_101730,12,1
101,20/9/2005,60,train_Client_101731,11,0
101,27/12/2013,60,train_Client_101732,11,0
307,10/1/2018,62,train_Client_101734,11,0
103,24/7/2018,69,train_Client_101738,11,0
101,8/11/2004,60,train_Client_101739,11,0
101,29/8/1988,60,train_Client_10174,11,0
304,16/9/2013,62,train_Client_101741,11,0
105,28/2/2003,69,train_Client_101742,11,0
101,19/5/2017,60,train_Client_101743,11,0
107,6/7/2007,69,train_Client_101745,11,0
101,21/10/1981,60,train_Client_101746,11,1
101,23/12/2014,60,train_Client_101748,11,0
103,16/3/2013,69,train_Client_101749,11,0
311,12/5/2012,63,train_Client_10175,11,0
312,13/9/2013,63,train_Client_101750,11,0
312,12/12/2009,63,train_Client_101751,11,0
101,5/2/2009,60,train_Client_101753,11,0
107,11/6/1979,69,train_Client_101754,11,0
105,29/8/1994,69,train_Client_101755,11,0
379,26/12/2016,63,train_Client_101756,11,0
310,11/6/2016,62,train_Client_101757,11,0
301,30/5/2005,62,train_Client_101758,11,0
307,28/5/2002,62,train_Client_101759,11,0
101,28/11/2006,60,train_Client_10176,11,0
301,30/8/2017,62,train_Client_101760,11,0
101,3/8/2016,60,train_Client_101761,11,0
371,22/6/1987,62,train_Client_101762,11,0
311,4/6/2015,63,train_Client_101764,11,0
104,2/4/1991,69,train_Client_101765,11,0
311,27/9/2016,63,train_Client_101767,11,0
307,29/5/1998,62,train_Client_101768,11,0
101,27/6/2011,60,train_Client_10177,11,0
101,20/10/1993,63,train_Client_101770,11,0
309,24/11/1988,62,train_Client_101773,11,0
101,1/6/2015,60,train_Client_101774,11,0
311,10/8/2010,63,train_Client_101777,11,0
305,7/7/2012,62,train_Client_101778,11,0
101,21/11/1995,63,train_Client_10178,11,0
303,26/12/2000,62,train_Client_101780,11,0
101,27/12/2002,60,train_Client_101782,11,0
106,16/8/2011,69,train_Client_101783,11,0
303,10/3/1989,62,train_Client_101784,11,0
302,22/11/2010,62,train_Client_101785,11,0
101,5/7/1993,60,train_Client_101786,11,0
311,7/5/2002,63,train_Client_101788,12,0
104,23/3/2012,69,train_Client_101789,11,0
306,2/11/1981,63,train_Client_10179,11,0
101,21/8/1995,60,train_Client_101792,11,0
103,17/2/2014,69,train_Client_101793,11,0
312,29/10/2011,63,train_Client_101797,11,0
301,18/8/2000,62,train_Client_101798,11,0
101,15/4/1997,60,train_Client_101799,11,0
107,25/3/2002,69,train_Client_10180,11,0
310,11/5/2009,62,train_Client_101800,11,0
101,23/11/1987,60,train_Client_101801,11,0
107,20/8/2013,69,train_Client_101803,11,0
104,12/10/2006,69,train_Client_101805,11,0
101,14/10/1997,60,train_Client_101806,11,0
101,30/3/2007,60,train_Client_101807,11,0
301,12/1/2013,62,train_Client_101809,11,0
101,9/6/2006,60,train_Client_10181,11,0
104,10/7/2002,69,train_Client_101813,11,0
313,14/10/1988,63,train_Client_101814,11,0
101,7/11/1983,60,train_Client_101815,11,0
101,17/5/2012,60,train_Client_101818,11,0
104,10/10/2008,69,train_Client_10182,11,0
301,21/2/2009,62,train_Client_101820,11,0
301,16/5/2011,62,train_Client_101821,11,0
107,17/12/1982,69,train_Client_101822,11,0
104,16/11/2011,69,train_Client_101825,11,0
311,8/9/1992,63,train_Client_101828,11,0
107,5/9/2011,69,train_Client_101829,11,0
104,10/4/2014,69,train_Client_101830,11,1
303,11/1/2008,62,train_Client_101831,11,0
107,12/5/2015,69,train_Client_101832,11,0
309,18/4/1985,62,train_Client_101834,11,0
307,31/5/1982,62,train_Client_101835,11,0
107,20/1/2010,69,train_Client_101837,11,0
107,12/2/2014,69,train_Client_101838,11,0
303,26/6/2000,62,train_Client_10184,11,0
312,13/6/2015,63,train_Client_101841,11,0
309,6/12/2007,62,train_Client_101842,11,0
101,1/6/1998,60,train_Client_101843,11,0
311,27/9/2016,63,train_Client_101844,11,0
311,22/8/2001,63,train_Client_101845,11,1
301,30/7/2008,62,train_Client_101846,11,0
305,5/10/2015,62,train_Client_101849,11,0
307,2/1/2017,62,train_Client_101850,11,0
312,27/9/2016,63,train_Client_101851,11,0
104,10/3/2013,69,train_Client_101853,11,0
304,13/5/2010,62,train_Client_101854,11,0
101,13/5/1996,60,train_Client_101855,12,0
306,5/5/2011,63,train_Client_101856,11,0
101,24/7/2008,60,train_Client_101857,11,0
302,29/11/1979,62,train_Client_101858,11,0
101,10/6/1993,60,train_Client_101859,12,0
103,25/9/2014,69,train_Client_10186,11,0
304,25/3/1985,62,train_Client_101860,11,0
312,19/9/2016,63,train_Client_101861,11,0
101,3/4/1987,63,train_Client_101863,11,0
311,19/8/1998,63,train_Client_101864,11,0
107,4/12/2014,69,train_Client_101865,11,0
107,1/11/1996,69,train_Client_101866,11,0
104,9/11/2011,69,train_Client_101867,11,0
101,16/5/2007,60,train_Client_101868,11,0
101,20/12/2013,60,train_Client_101869,11,0
302,6/4/1988,62,train_Client_101872,11,1
306,28/6/2012,63,train_Client_101873,11,0
107,1/6/2013,69,train_Client_101874,11,0
309,14/9/2011,62,train_Client_101875,11,0
301,31/5/2017,62,train_Client_101877,11,0
101,29/12/2009,60,train_Client_101879,12,0
309,4/8/2017,62,train_Client_101880,11,0
103,28/11/2011,69,train_Client_101881,11,0
101,29/7/1991,60,train_Client_101882,11,0
301,5/9/2015,62,train_Client_101883,11,0
310,17/10/1995,62,train_Client_101887,11,0
101,31/8/2016,60,train_Client_101889,11,0
101,29/12/2012,60,train_Client_10189,11,0
103,22/7/2014,69,train_Client_101890,11,0
104,27/9/1991,69,train_Client_101891,11,0
107,21/12/1977,69,train_Client_101892,11,0
107,18/5/2012,69,train_Client_101894,11,0
312,13/9/2013,63,train_Client_101897,11,0
107,1/1/1997,69,train_Client_101898,11,0
101,9/2/2010,60,train_Client_101899,11,0
307,21/6/1996,62,train_Client_10190,11,1
371,19/6/1987,62,train_Client_101900,11,0
104,7/12/2012,69,train_Client_101901,11,0
107,11/8/2010,69,train_Client_101902,11,0
312,9/9/2014,63,train_Client_101904,11,0
107,25/2/1983,69,train_Client_101905,11,1
307,30/5/1990,62,train_Client_101906,11,0
104,13/8/2013,69,train_Client_101907,11,0
101,9/8/2007,60,train_Client_101909,11,0
307,12/6/2015,62,train_Client_10191,11,0
101,11/3/2009,60,train_Client_101911,11,0
311,19/4/2014,63,train_Client_101912,11,0
101,31/3/2010,60,train_Client_101913,11,0
104,9/2/1977,69,train_Client_101914,11,0
371,31/5/2001,62,train_Client_101916,11,0
101,29/8/2006,60,train_Client_101917,11,1
104,13/5/2014,69,train_Client_101919,11,0
105,5/12/2006,69,train_Client_10192,11,0
310,5/6/2007,62,train_Client_101920,11,0
302,29/4/1981,62,train_Client_101921,11,0
304,23/1/2018,62,train_Client_101922,11,0
311,15/12/2016,63,train_Client_101926,11,0
103,16/9/2008,69,train_Client_101927,11,0
101,17/11/2016,60,train_Client_101931,51,0
101,26/7/1993,63,train_Client_101932,11,0
107,31/7/2002,69,train_Client_101933,11,0
301,30/3/1984,62,train_Client_101934,11,0
313,5/4/2017,63,train_Client_101935,11,0
101,1/9/1982,60,train_Client_101936,11,0
371,28/5/1984,62,train_Client_101938,11,0
107,17/10/1996,69,train_Client_101939,11,0
304,15/11/1991,62,train_Client_101940,11,0
101,22/4/2011,60,train_Client_101941,11,0
309,6/12/2016,62,train_Client_101942,11,0
301,22/11/1988,62,train_Client_101943,11,1
101,29/5/2000,60,train_Client_101944,11,0
103,19/4/2013,69,train_Client_101948,51,0
302,8/12/1986,62,train_Client_101949,11,0
372,28/10/2010,63,train_Client_101950,11,0
301,12/12/1978,62,train_Client_101951,11,0
101,15/9/2011,60,train_Client_101953,11,0
305,13/11/2000,62,train_Client_101954,11,0
101,26/6/2002,63,train_Client_101955,11,0
308,8/2/2000,63,train_Client_101956,11,0
105,24/10/2011,69,train_Client_101958,11,0
311,4/11/2010,63,train_Client_10196,11,0
101,9/2/2011,60,train_Client_101961,11,0
103,31/1/2002,69,train_Client_101962,11,0
311,19/8/2017,63,train_Client_101964,11,0
101,23/7/1984,60,train_Client_101969,11,0
312,23/5/2002,63,train_Client_10197,51,0
101,17/6/2010,60,train_Client_101970,11,0
312,19/5/2016,63,train_Client_101971,11,0
311,14/4/1995,63,train_Client_101972,11,0
101,16/8/1999,60,train_Client_101973,11,0
305,24/6/1998,62,train_Client_101975,11,0
103,16/4/2014,69,train_Client_101976,11,0
104,10/3/2013,69,train_Client_101977,11,0
304,4/9/2015,62,train_Client_101978,12,0
311,15/6/1993,63,train_Client_101979,11,0
303,12/10/2012,62,train_Client_10198,11,0
312,16/11/2018,63,train_Client_101980,11,0
302,22/12/2004,62,train_Client_101981,11,0
104,15/4/2009,69,train_Client_101987,11,0
305,25/10/1999,62,train_Client_101989,11,0
371,13/6/2018,62,train_Client_101990,51,1
371,21/5/2002,62,train_Client_101991,11,0
101,12/9/1996,60,train_Client_101993,11,0
101,6/11/1998,63,train_Client_101995,11,0
104,31/12/2014,69,train_Client_101996,11,0
372,20/11/1997,63,train_Client_101997,11,0
312,25/3/2017,63,train_Client_101998,11,0
101,26/3/1997,60,train_Client_102,11,0
101,18/6/2003,63,train_Client_1020,11,0
372,22/9/2010,63,train_Client_10200,11,0
104,4/3/2009,69,train_Client_102000,11,0
305,24/12/2002,62,train_Client_102001,11,0
303,19/2/2007,62,train_Client_102002,11,0
371,13/5/2008,62,train_Client_102003,11,0
306,29/12/1986,63,train_Client_102004,11,0
371,30/6/1999,62,train_Client_102006,11,0
309,5/8/2017,62,train_Client_102007,11,0
101,1/6/2009,60,train_Client_102008,11,0
103,22/8/2008,69,train_Client_102009,11,0
305,7/10/2013,62,train_Client_102010,11,0
309,17/9/1987,62,train_Client_102011,11,0
101,24/11/1979,60,train_Client_102013,11,0
302,6/4/2017,62,train_Client_102014,11,0
101,25/12/1985,60,train_Client_102015,11,0
101,11/11/1987,60,train_Client_102016,11,0
302,28/2/1984,62,train_Client_102017,11,0
101,27/9/2001,63,train_Client_102018,11,0
311,18/6/2013,63,train_Client_102019,11,0
103,8/4/1993,69,train_Client_102020,11,0
311,23/6/2011,63,train_Client_102021,11,0
101,7/9/2016,60,train_Client_102022,11,0
101,16/8/2011,60,train_Client_102024,11,0
372,30/8/1989,63,train_Client_102025,11,0
103,15/12/2015,69,train_Client_102027,11,0
101,21/5/1999,60,train_Client_102031,11,0
104,25/6/2014,69,train_Client_102032,11,0
304,22/5/2012,62,train_Client_102033,11,1
101,23/6/2015,60,train_Client_102034,11,0
101,9/9/1993,60,train_Client_102035,11,0
104,16/6/2010,69,train_Client_102036,11,0
107,21/2/1978,69,train_Client_102038,11,0
309,18/2/2011,62,train_Client_102040,11,0
101,8/8/2011,60,train_Client_102041,11,0
104,9/6/2009,69,train_Client_102042,11,0
303,21/10/2002,62,train_Client_102043,11,0
310,24/4/2015,62,train_Client_102044,11,0
107,17/9/2011,69,train_Client_102045,11,0
101,5/1/1980,60,train_Client_102047,11,0
101,23/10/2017,60,train_Client_102048,11,0
103,3/2/2017,69,train_Client_102049,11,0
309,4/10/1996,62,train_Client_10205,11,0
103,21/1/2011,69,train_Client_102050,11,0
301,12/3/2012,62,train_Client_102051,11,0
309,3/10/2011,62,train_Client_102053,11,0
371,11/6/2007,62,train_Client_102054,11,0
302,26/9/2006,62,train_Client_102055,11,0
301,3/1/2013,62,train_Client_102056,11,0
101,30/6/1990,60,train_Client_102058,11,0
312,25/6/2002,63,train_Client_102059,11,0
304,30/11/1995,62,train_Client_10206,11,0
306,30/8/1989,63,train_Client_102062,11,0
371,10/1/2005,62,train_Client_102063,11,0
101,24/1/1984,60,train_Client_102065,11,0
101,25/4/1979,60,train_Client_102066,11,0
302,18/10/2006,62,train_Client_10207,11,0
303,10/11/2012,62,train_Client_102071,11,0
312,14/6/2014,63,train_Client_102072,11,0
311,10/8/2012,63,train_Client_102074,11,0
301,29/8/2003,62,train_Client_102075,11,0
301,2/2/2015,62,train_Client_102078,11,0
104,13/9/2006,69,train_Client_10208,11,0
307,30/12/2013,62,train_Client_102082,11,0
107,16/12/2013,69,train_Client_102083,11,0
101,28/9/2012,60,train_Client_102084,11,0
101,23/10/1985,60,train_Client_102085,11,0
101,30/6/2009,60,train_Client_102086,11,0
303,15/5/2015,62,train_Client_102087,11,0
303,9/12/2017,62,train_Client_102089,11,0
311,15/12/1997,63,train_Client_102090,11,0
301,1/4/1986,62,train_Client_102093,11,0
101,28/2/2007,60,train_Client_102094,11,0
311,21/11/2013,63,train_Client_102095,11,0
104,2/10/2015,69,train_Client_102096,11,0
101,20/12/2001,60,train_Client_102097,11,1
309,28/10/1993,62,train_Client_102099,11,0
312,21/1/2015,63,train_Client_1021,11,0
301,17/2/1988,62,train_Client_102100,11,0
107,21/11/2017,69,train_Client_102101,11,0
313,13/9/2018,63,train_Client_102102,11,0
106,3/12/2002,69,train_Client_102104,11,1
306,9/7/2012,63,train_Client_102105,11,0
306,30/5/1988,63,train_Client_102106,11,0
104,11/10/2004,69,train_Client_102107,11,0
101,26/12/2016,60,train_Client_102108,11,0
305,4/9/2014,62,train_Client_102111,11,0
104,6/5/1992,69,train_Client_102112,11,0
104,30/8/2018,69,train_Client_102113,11,0
307,3/2/2018,62,train_Client_102114,11,0
312,3/12/2016,63,train_Client_102115,11,0
103,13/12/1979,69,train_Client_102116,11,0
101,13/1/2015,60,train_Client_10212,11,0
103,27/3/2018,69,train_Client_102120,11,0
311,22/7/2017,63,train_Client_102121,11,0
107,8/7/2011,69,train_Client_102122,11,0
379,7/10/1998,63,train_Client_102123,11,0
101,25/11/2013,60,train_Client_102126,11,0
107,18/5/2013,69,train_Client_102127,11,0
303,23/12/2014,62,train_Client_102129,11,0
307,8/1/2016,62,train_Client_10213,11,0
311,23/12/1994,63,train_Client_102132,11,0
301,24/12/1982,62,train_Client_102134,11,0
310,26/6/1992,62,train_Client_102135,11,1
301,30/10/2017,62,train_Client_102136,11,0
301,28/3/2016,62,train_Client_102137,11,0
301,27/2/1986,62,train_Client_10214,11,0
312,17/7/2008,63,train_Client_102140,11,0
104,3/12/1997,69,train_Client_102141,11,0
309,24/9/1999,62,train_Client_102142,11,0
101,31/1/1991,60,train_Client_102144,11,0
313,18/12/2013,63,train_Client_102145,11,0
104,27/11/1990,69,train_Client_102146,11,0
306,3/9/2012,63,train_Client_102147,11,0
306,22/10/2012,63,train_Client_102148,11,0
107,24/6/2013,69,train_Client_102149,11,0
101,19/3/2007,60,train_Client_10215,11,0
107,25/3/1998,69,train_Client_102151,11,0
301,5/11/1999,62,train_Client_102152,11,0
371,30/11/2011,62,train_Client_102153,11,0
101,12/1/2009,60,train_Client_102156,11,0
309,30/7/2011,62,train_Client_102157,11,0
310,31/10/2003,62,train_Client_102158,11,1
311,29/12/2016,63,train_Client_102159,11,0
310,3/3/2012,62,train_Client_102161,11,1
301,18/12/2010,62,train_Client_102162,11,0
312,18/11/2015,63,train_Client_102164,11,0
104,3/11/2014,69,train_Client_102165,11,0
106,31/3/2000,69,train_Client_102166,11,0
104,10/8/2009,69,train_Client_102167,11,0
106,12/12/2012,69,train_Client_102168,11,1
303,27/3/2017,62,train_Client_102169,11,0
311,15/6/2015,63,train_Client_102170,11,0
301,5/3/1999,62,train_Client_102171,11,0
310,31/3/1993,62,train_Client_102174,11,1
101,3/2/2010,60,train_Client_102176,11,1
101,14/10/1997,60,train_Client_102177,11,0
305,23/8/2010,62,train_Client_102178,11,0
103,25/2/2002,69,train_Client_102179,11,0
107,15/12/2015,69,train_Client_10218,11,0
101,5/12/2017,60,train_Client_102180,11,0
101,20/6/1990,60,train_Client_102181,11,0
107,27/12/2010,69,train_Client_102182,11,0
311,25/1/2018,63,train_Client_102183,11,0
307,26/6/1987,62,train_Client_102184,11,0
309,5/12/1989,62,train_Client_102185,11,0
101,27/3/2002,60,train_Client_102186,11,0
302,30/6/2004,62,train_Client_102187,11,0
104,22/11/1991,69,train_Client_102188,11,0
310,19/6/2013,62,train_Client_102189,11,0
308,29/4/2013,63,train_Client_102190,11,0
103,28/11/2011,69,train_Client_102193,11,0
101,11/2/1998,60,train_Client_102194,11,0
104,10/11/1993,69,train_Client_102196,11,0
301,12/1/2013,62,train_Client_102197,11,0
101,20/12/2010,60,train_Client_102198,11,0
101,13/5/2010,60,train_Client_102199,11,0
101,27/10/2014,60,train_Client_1022,11,0
302,30/3/2012,62,train_Client_10220,11,0
101,20/10/2008,60,train_Client_102200,11,0
304,10/12/2018,62,train_Client_102201,11,0
311,28/2/2006,63,train_Client_102203,11,0
379,12/5/2017,63,train_Client_102206,11,0
307,20/8/2007,62,train_Client_102208,11,0
372,25/11/1987,63,train_Client_102209,11,0
301,26/3/2013,62,train_Client_10221,11,0
312,5/12/2016,63,train_Client_102210,11,0
104,8/10/2016,69,train_Client_102211,11,0
101,15/9/1983,60,train_Client_102212,11,0
101,18/7/2008,60,train_Client_102213,11,0
103,11/2/2019,69,train_Client_102216,51,1
101,15/11/1983,60,train_Client_102218,11,0
307,6/3/2015,62,train_Client_102219,11,0
304,16/10/2003,62,train_Client_10222,11,0
101,8/1/1986,60,train_Client_102221,11,0
101,30/3/1984,60,train_Client_102222,11,0
101,15/9/1998,60,train_Client_102223,11,0
101,8/6/2012,60,train_Client_102224,11,0
301,10/9/2004,62,train_Client_102226,11,0
304,18/6/2014,62,train_Client_102227,11,0
304,27/9/2010,62,train_Client_102228,11,0
101,25/11/1994,60,train_Client_102229,11,0
103,23/11/2010,69,train_Client_10223,11,0
101,22/6/1992,60,train_Client_102230,11,0
311,30/3/2000,63,train_Client_102231,11,0
101,2/2/2010,60,train_Client_102232,11,0
101,25/12/2005,60,train_Client_102238,11,0
311,27/5/1997,63,train_Client_102240,11,0
308,28/10/2015,63,train_Client_102241,11,0
302,31/3/1979,62,train_Client_102243,11,0
104,30/5/2011,69,train_Client_102246,11,0
103,19/1/2009,69,train_Client_102247,11,0
308,31/3/2004,63,train_Client_102249,11,1
101,30/4/1993,60,train_Client_10225,11,0
101,31/10/2013,60,train_Client_102251,11,1
103,15/8/2017,69,train_Client_102252,11,0
103,15/1/2016,69,train_Client_102254,11,0
101,12/1/2007,60,train_Client_102255,11,0
103,30/4/1998,69,train_Client_102257,11,0
104,30/4/2013,69,train_Client_102259,11,0
311,16/12/1986,63,train_Client_10226,11,0
312,19/9/2013,63,train_Client_102260,11,0
311,16/11/2013,63,train_Client_102261,11,0
303,28/9/2013,62,train_Client_102262,11,0
101,22/2/2018,60,train_Client_102263,11,0
302,21/9/2001,62,train_Client_102265,11,0
103,15/5/2013,69,train_Client_10227,11,1
310,20/4/2013,62,train_Client_102270,11,0
310,17/4/2001,62,train_Client_102274,11,0
103,12/11/2013,69,train_Client_102275,11,0
304,10/11/2012,62,train_Client_102277,11,0
305,8/11/2018,62,train_Client_102279,11,0
301,29/11/2008,62,train_Client_10228,11,0
101,13/11/1986,60,train_Client_102280,11,0
101,18/12/2012,60,train_Client_102281,11,0
301,3/7/2014,62,train_Client_102282,11,0
107,11/3/2014,69,train_Client_102283,11,0
306,4/3/2015,63,train_Client_102284,51,0
312,1/12/2010,63,train_Client_102285,11,0
103,14/5/2013,69,train_Client_102286,51,1
104,10/1/2007,69,train_Client_102287,11,0
101,15/5/1982,60,train_Client_102289,11,1
311,11/11/1994,63,train_Client_10229,11,0
301,14/6/1977,62,train_Client_102291,11,0
309,25/11/2010,62,train_Client_102292,11,0
103,17/3/2017,69,train_Client_102293,11,1
309,16/5/1984,62,train_Client_102295,11,0
101,22/7/2018,60,train_Client_102296,11,0
101,28/8/2012,60,train_Client_102297,11,0
101,26/3/2015,60,train_Client_102298,11,0
304,13/10/1980,62,train_Client_102299,11,0
101,30/7/2013,60,train_Client_1023,11,0
302,28/7/2009,62,train_Client_10230,11,1
305,29/2/2008,62,train_Client_102300,11,0
306,5/10/2015,63,train_Client_102301,11,0
101,8/5/1984,60,train_Client_102303,11,0
104,8/3/2007,69,train_Client_102304,11,0
101,21/5/2011,60,train_Client_102305,11,0
101,11/3/2008,60,train_Client_102306,11,0
107,12/5/2009,69,train_Client_102307,11,0
101,4/6/1993,60,train_Client_102308,11,0
304,16/9/2003,62,train_Client_10231,11,0
312,11/10/2000,63,train_Client_102310,11,0
104,26/2/2007,69,train_Client_102311,11,0
305,16/12/2014,62,train_Client_102312,11,0
311,8/7/2013,63,train_Client_102313,11,0
101,17/10/1980,60,train_Client_102316,11,0
301,26/7/1979,62,train_Client_102317,11,0
101,7/9/1977,60,train_Client_102319,11,0
312,23/9/2015,63,train_Client_10232,11,0
101,15/4/1996,60,train_Client_102320,11,0
311,5/9/2018,63,train_Client_102321,11,0
309,26/12/1989,62,train_Client_102322,11,1
306,27/5/2005,63,train_Client_102323,11,0
104,13/3/1991,69,train_Client_102324,11,0
304,3/4/2002,62,train_Client_102325,11,0
311,29/12/2012,63,train_Client_102326,11,0
103,22/10/1984,69,train_Client_102327,11,0
303,16/5/1996,62,train_Client_102328,11,0
311,30/9/2011,63,train_Client_102329,11,0
103,25/5/2010,69,train_Client_10233,11,0
105,2/4/2013,69,train_Client_102331,11,0
309,19/5/1998,62,train_Client_102332,11,0
306,11/5/1999,63,train_Client_102334,11,0
307,26/12/1989,62,train_Client_102337,11,0
101,6/12/2017,60,train_Client_102341,11,0
303,18/6/2013,62,train_Client_102342,11,0
301,27/11/2012,62,train_Client_102343,11,0
302,29/2/2008,62,train_Client_10235,11,1
311,21/5/1987,63,train_Client_102350,11,1
305,15/12/1989,62,train_Client_102351,11,0
301,4/9/2010,62,train_Client_102352,11,0
101,26/4/1982,60,train_Client_102354,11,0
310,27/8/2004,62,train_Client_102356,11,0
311,19/9/2016,63,train_Client_102357,11,0
311,30/9/2002,63,train_Client_102358,11,0
103,21/12/2010,69,train_Client_102361,11,0
101,22/2/2010,60,train_Client_102362,11,0
307,25/1/1983,62,train_Client_102363,11,0
101,12/12/1984,60,train_Client_102364,11,0
101,13/10/2016,60,train_Client_102365,11,0
306,19/12/2006,63,train_Client_102366,11,0
101,22/3/1985,60,train_Client_102367,11,0
307,13/6/2009,62,train_Client_102369,11,0
311,14/11/2001,63,train_Client_10237,12,0
306,12/2/2009,63,train_Client_102370,11,0
371,21/11/2016,62,train_Client_102371,11,0
101,30/6/2014,60,train_Client_102372,11,0
305,8/2/2014,62,train_Client_102373,11,0
101,6/1/2010,60,train_Client_102374,11,0
101,28/4/2014,60,train_Client_102375,11,0
107,10/12/2008,69,train_Client_102376,11,0
302,12/11/1979,62,train_Client_102377,11,0
101,22/4/1998,60,train_Client_10238,11,0
104,23/5/2009,69,train_Client_102380,11,0
101,19/4/1994,60,train_Client_102381,11,0
303,17/2/2015,62,train_Client_102382,11,0
309,26/10/2005,62,train_Client_102384,11,0
301,5/4/1982,62,train_Client_102385,11,0
312,15/2/2014,63,train_Client_102386,11,0
313,14/4/1989,63,train_Client_102387,11,0
101,22/3/2000,60,train_Client_102389,11,0
101,2/9/1983,60,train_Client_10239,11,0
301,6/9/2013,62,train_Client_102390,11,0
101,29/7/1978,60,train_Client_102392,11,0
304,30/11/1995,62,train_Client_102393,11,0
101,6/10/2016,60,train_Client_102394,11,0
206,27/2/2012,69,train_Client_102395,11,0
101,21/5/2012,60,train_Client_102396,11,0
101,25/12/1990,63,train_Client_102397,11,0
101,8/11/1978,60,train_Client_102398,11,0
307,25/12/2000,62,train_Client_102399,11,0
101,12/12/2000,60,train_Client_10240,11,0
107,30/12/2015,69,train_Client_102400,11,0
107,3/5/1994,69,train_Client_102405,11,1
104,14/2/2011,69,train_Client_102408,11,1
103,16/12/2016,69,train_Client_102409,11,0
107,11/3/2014,69,train_Client_102410,11,0
371,23/4/2011,62,train_Client_102411,11,1
103,18/4/2011,69,train_Client_102412,11,0
104,25/5/1982,69,train_Client_102415,11,0
107,18/3/2016,69,train_Client_102418,11,0
371,16/11/2001,62,train_Client_102419,11,0
312,20/2/2018,63,train_Client_102420,11,0
104,5/4/2007,69,train_Client_102421,11,0
101,31/12/1982,60,train_Client_102422,11,0
101,8/5/2000,60,train_Client_102423,11,0
103,25/5/2016,69,train_Client_102424,51,0
371,22/6/1987,62,train_Client_102427,11,0
303,11/11/2015,62,train_Client_102428,11,0
101,7/11/2016,60,train_Client_10243,11,0
101,31/12/1994,63,train_Client_102430,11,0
107,29/5/2013,69,train_Client_102433,11,0
103,13/9/2000,69,train_Client_102434,11,0
101,12/2/1998,60,train_Client_102435,11,0
304,31/5/2018,62,train_Client_102437,11,0
301,11/3/2008,62,train_Client_102439,11,0
101,23/6/1993,63,train_Client_10244,11,0
107,30/7/2001,69,train_Client_102442,11,0
106,15/9/2003,69,train_Client_102445,11,0
379,6/9/2011,63,train_Client_102446,11,0
101,5/3/2009,60,train_Client_102448,11,0
105,10/11/1999,69,train_Client_102449,11,0
101,21/10/2010,60,train_Client_10245,11,0
101,1/6/2012,60,train_Client_102452,11,0
103,20/4/2006,69,train_Client_102454,11,0
101,22/12/1997,60,train_Client_102456,11,0
301,17/1/2013,62,train_Client_102457,11,0
310,30/6/2003,62,train_Client_102458,11,0
104,21/7/2009,69,train_Client_102459,11,0
101,17/6/2015,60,train_Client_10246,11,0
304,16/12/1986,62,train_Client_102460,11,0
101,30/12/2002,60,train_Client_102462,11,0
104,22/12/2011,69,train_Client_102463,11,0
312,12/2/2004,63,train_Client_102464,11,0
308,29/10/2016,63,train_Client_102465,11,0
101,2/1/2015,60,train_Client_102466,11,0
309,24/12/2002,62,train_Client_102467,11,0
104,13/7/2017,69,train_Client_102468,11,0
303,23/2/2015,62,train_Client_102469,51,0
303,11/3/2010,62,train_Client_10247,11,0
104,24/10/2011,69,train_Client_102471,11,0
101,20/9/2011,60,train_Client_102472,11,0
312,6/4/2018,63,train_Client_102473,11,0
101,6/10/1998,60,train_Client_102477,11,0
104,30/4/2014,69,train_Client_102478,11,1
107,4/7/2015,69,train_Client_10248,11,0
104,13/5/1994,69,train_Client_102480,11,0
101,4/5/1994,60,train_Client_102481,11,0
101,17/12/2014,60,train_Client_102484,11,0
107,2/1/2017,69,train_Client_102485,51,0
302,5/3/1980,62,train_Client_102486,11,0
310,15/3/2012,62,train_Client_102487,11,0
311,31/5/1996,63,train_Client_102488,11,0
103,7/9/2011,69,train_Client_102489,11,0
310,14/2/2008,62,train_Client_10249,11,0
101,12/1/2012,60,train_Client_102490,11,1
311,7/6/2017,63,train_Client_102491,11,0
104,31/7/2008,69,train_Client_102492,11,0
107,5/5/2017,69,train_Client_102493,11,0
371,18/5/2011,62,train_Client_102494,11,0
303,15/5/2008,62,train_Client_102495,11,0
313,4/4/1984,63,train_Client_102497,11,0
101,20/9/2018,60,train_Client_102498,11,0
101,26/1/1984,60,train_Client_102499,11,0
101,30/1/2004,60,train_Client_10250,11,0
107,20/11/1992,69,train_Client_102500,11,0
103,22/12/2008,69,train_Client_102501,11,0
371,18/4/2016,62,train_Client_102503,11,0
303,2/10/2014,62,train_Client_102504,11,0
311,28/2/2007,63,train_Client_102505,11,1
311,27/8/1996,63,train_Client_102506,11,0
104,19/1/2017,69,train_Client_102507,11,0
101,8/12/2010,60,train_Client_102508,11,0
104,22/4/2005,69,train_Client_102509,11,0
371,16/12/1988,62,train_Client_102510,11,0
107,30/3/2012,69,train_Client_102511,11,0
304,22/12/1995,62,train_Client_102512,11,0
301,10/3/2000,62,train_Client_102517,11,0
101,7/10/2008,60,train_Client_102518,11,0
310,10/8/1998,62,train_Client_102519,11,0
302,20/2/2006,62,train_Client_10252,11,1
103,14/12/2016,69,train_Client_102520,11,0
305,3/9/2018,62,train_Client_102521,11,0
306,6/2/2009,63,train_Client_102522,11,0
105,17/11/2006,69,train_Client_102523,11,0
107,1/10/1984,69,train_Client_102524,11,0
301,20/9/2005,62,train_Client_102525,11,0
312,10/8/2009,63,train_Client_102527,11,0
104,1/12/1980,69,train_Client_102528,11,0
303,17/9/2015,62,train_Client_102529,11,0
101,31/12/2009,60,train_Client_10253,11,0
104,8/9/2012,69,train_Client_102530,11,0
101,28/12/2007,60,train_Client_102531,11,0
107,23/9/1998,69,train_Client_102532,11,0
305,18/5/1984,62,train_Client_102533,11,0
307,25/6/2012,62,train_Client_102534,11,0
101,12/8/1998,60,train_Client_102535,11,0
306,26/6/2014,63,train_Client_102536,11,0
371,28/6/2002,62,train_Client_102538,11,1
101,8/3/2014,60,train_Client_102539,11,0
105,26/4/1995,69,train_Client_10254,11,0
101,7/9/2017,60,train_Client_102540,11,0
106,9/10/2014,69,train_Client_102541,11,0
101,30/5/2007,60,train_Client_102543,11,0
101,29/10/1990,60,train_Client_102544,11,0
301,5/1/2016,62,train_Client_102548,11,1
306,18/10/2011,63,train_Client_102549,11,0
301,30/3/1984,62,train_Client_10255,11,0
104,27/9/1994,69,train_Client_102550,11,0
107,19/5/2006,69,train_Client_102551,11,0
302,5/9/2013,62,train_Client_102552,11,0
107,21/11/2017,69,train_Client_102553,11,0
303,29/3/1985,62,train_Client_102554,11,0
312,31/3/2004,63,train_Client_102555,11,0
101,26/3/2003,60,train_Client_102556,11,0
104,26/9/1997,69,train_Client_102558,11,0
309,25/12/2000,62,train_Client_10256,11,0
101,21/6/2010,60,train_Client_102560,11,0
107,2/11/1987,69,train_Client_102561,11,0
104,26/6/2014,69,train_Client_102562,11,0
302,22/8/2003,62,train_Client_102564,11,0
309,27/2/2008,62,train_Client_102566,11,1
301,27/7/2015,62,train_Client_102567,11,0
103,13/1/1979,69,train_Client_102570,11,0
307,16/11/2001,62,train_Client_102571,11,0
101,21/12/1982,60,train_Client_102573,11,0
101,17/7/2008,60,train_Client_102574,11,0
301,10/6/1983,62,train_Client_102575,11,0
379,21/4/2000,63,train_Client_102576,11,0
101,24/3/2009,60,train_Client_102577,11,0
101,23/6/2010,60,train_Client_102578,11,0
309,8/6/2018,62,train_Client_102579,11,0
307,18/10/1990,62,train_Client_102581,11,0
107,11/10/2008,69,train_Client_102582,11,0
311,8/2/1993,63,train_Client_102583,11,0
104,11/11/2009,69,train_Client_102584,11,0
103,16/9/2014,69,train_Client_102585,11,0
101,22/11/2008,60,train_Client_102586,11,0
103,28/11/2011,69,train_Client_102587,11,1
301,3/12/2013,62,train_Client_102588,11,0
107,8/4/2014,69,train_Client_102589,11,0
101,17/6/1998,60,train_Client_102590,11,0
303,30/5/2015,62,train_Client_102591,11,0
301,10/6/2013,62,train_Client_102592,11,0
105,22/6/2015,69,train_Client_102593,11,0
101,4/3/1982,60,train_Client_102594,11,0
107,11/7/2017,69,train_Client_102597,11,0
101,19/11/2013,60,train_Client_102598,11,0
313,2/9/2009,63,train_Client_102599,11,0
104,19/11/1999,69,train_Client_10260,11,0
311,12/4/2000,63,train_Client_102600,11,0
101,22/6/2000,60,train_Client_102602,11,0
103,25/6/2016,69,train_Client_102604,11,0
107,10/3/2003,69,train_Client_102605,11,0
301,13/3/2012,62,train_Client_102606,11,0
311,9/10/2006,63,train_Client_102607,11,0
311,15/12/1989,63,train_Client_102608,11,0
107,25/8/2008,69,train_Client_102609,11,0
101,3/12/2007,60,train_Client_102610,11,0
101,24/9/2018,60,train_Client_102611,11,0
101,20/2/2012,60,train_Client_102612,11,0
310,22/6/2011,62,train_Client_102613,11,0
309,28/12/2016,62,train_Client_102614,11,0
101,29/1/1980,60,train_Client_102615,11,0
101,18/11/2004,60,train_Client_102616,11,0
311,17/9/1987,63,train_Client_102619,11,0
305,30/6/2003,62,train_Client_102621,11,0
101,16/3/1978,60,train_Client_102623,11,0
310,24/8/1988,62,train_Client_102624,11,0
101,1/6/2006,60,train_Client_102626,11,0
311,13/6/2000,63,train_Client_102627,11,0
101,27/3/1992,60,train_Client_102628,11,0
101,24/4/1984,60,train_Client_102629,11,0
310,12/8/2015,62,train_Client_10263,11,0
101,8/10/2010,60,train_Client_102631,11,0
303,6/1/2016,62,train_Client_102634,11,0
107,15/5/2002,69,train_Client_102638,11,0
101,4/4/2014,63,train_Client_102639,11,0
101,23/8/2011,60,train_Client_10264,11,0
371,28/1/1983,62,train_Client_102640,11,0
302,25/11/2010,62,train_Client_102641,11,0
101,14/8/2010,60,train_Client_102642,11,0
101,27/12/2009,60,train_Client_102643,11,0
104,4/7/2006,69,train_Client_102644,11,0
107,10/8/1999,69,train_Client_102647,12,0
101,17/12/2003,60,train_Client_102648,11,0
107,13/10/2012,69,train_Client_102649,11,0
311,15/12/2005,63,train_Client_10265,11,0
101,10/2/2014,60,train_Client_102651,11,0
302,6/6/2009,62,train_Client_102652,12,0
104,31/5/2001,69,train_Client_102653,11,0
104,15/7/2014,69,train_Client_102654,11,0
101,7/4/2009,60,train_Client_102655,11,0
101,14/2/2003,60,train_Client_102656,11,0
307,27/4/2012,62,train_Client_102657,11,0
303,30/10/1998,62,train_Client_102658,11,0
101,19/7/2007,60,train_Client_102659,11,0
107,11/3/2014,69,train_Client_10266,11,1
305,9/6/2004,62,train_Client_102660,11,0
101,29/3/1989,60,train_Client_102661,11,0
306,27/11/1996,63,train_Client_102662,11,0
303,3/3/2008,62,train_Client_102663,11,0
303,29/10/2015,62,train_Client_102664,11,0
301,25/8/2014,62,train_Client_102666,11,1
101,25/12/1996,60,train_Client_102667,11,0
104,25/9/2017,69,train_Client_102668,11,0
308,23/9/2004,63,train_Client_102669,11,0
305,12/1/2016,62,train_Client_10267,11,0
104,16/3/2013,69,train_Client_102670,11,0
312,31/10/2013,63,train_Client_102671,11,0
101,16/9/2009,60,train_Client_102672,11,0
107,14/1/2008,69,train_Client_102673,51,0
307,10/9/2014,62,train_Client_102674,11,0
310,7/11/1989,62,train_Client_102675,11,1
301,30/3/1984,62,train_Client_102677,11,0
308,9/11/2013,63,train_Client_102678,11,0
311,26/4/2000,63,train_Client_102681,11,0
311,25/12/2010,63,train_Client_102682,11,0
107,8/5/1982,69,train_Client_102683,11,0
301,5/11/1984,62,train_Client_102685,11,0
301,26/6/2009,62,train_Client_102688,11,0
301,17/4/1985,62,train_Client_10269,11,0
311,6/10/1988,63,train_Client_102690,11,0
311,14/12/2009,63,train_Client_102692,12,0
104,8/5/2002,69,train_Client_102693,11,0
107,30/4/2001,69,train_Client_102695,11,0
101,15/12/2008,60,train_Client_102696,12,0
103,8/12/2015,69,train_Client_102697,11,0
105,19/5/1998,69,train_Client_102698,11,0
311,30/10/2003,63,train_Client_102699,11,0
305,29/11/2002,62,train_Client_10270,11,0
101,15/8/1989,60,train_Client_102700,11,0
311,21/2/2007,63,train_Client_102701,11,0
103,23/1/2012,69,train_Client_102702,11,0
305,17/2/1977,62,train_Client_102706,11,0
303,3/8/2010,62,train_Client_102707,11,1
101,28/5/2002,60,train_Client_102708,11,0
101,6/3/2009,60,train_Client_102709,11,0
101,21/2/1978,60,train_Client_102711,11,0
101,18/12/1984,60,train_Client_102712,11,0
304,30/11/2012,62,train_Client_102713,11,1
101,11/3/2008,60,train_Client_102714,11,0
302,18/3/2016,62,train_Client_102718,11,0
306,6/6/1986,63,train_Client_102719,11,0
310,16/5/2016,62,train_Client_102720,11,0
104,24/7/2015,69,train_Client_102721,12,0
101,19/8/2018,60,train_Client_102722,11,0
311,26/9/1989,63,train_Client_102723,11,0
301,1/10/1982,62,train_Client_102724,11,0
107,4/8/2009,69,train_Client_102725,11,0
105,18/5/2012,69,train_Client_102726,11,0
306,6/9/2018,63,train_Client_102727,11,0
101,21/9/1984,60,train_Client_102729,11,0
101,20/10/2012,60,train_Client_10273,11,0
101,17/5/2012,60,train_Client_102730,11,0
306,11/12/1995,63,train_Client_102732,11,0
305,25/6/1985,62,train_Client_102733,11,0
303,9/5/2006,62,train_Client_102734,11,1
311,14/7/2012,63,train_Client_102735,11,0
301,15/11/1991,62,train_Client_102736,11,0
301,21/12/1977,62,train_Client_102737,11,0
101,31/12/1996,60,train_Client_102738,11,0
105,28/12/2011,69,train_Client_102739,11,0
307,26/12/1986,62,train_Client_10274,11,0
107,12/8/2010,69,train_Client_102740,11,0
301,29/12/2017,62,train_Client_102742,11,0
101,29/3/2013,60,train_Client_102743,11,0
104,6/5/1992,69,train_Client_102744,11,1
301,16/1/2010,62,train_Client_102745,11,0
101,25/2/1983,60,train_Client_102747,11,0
311,16/3/2010,63,train_Client_102748,11,0
104,15/12/2008,69,train_Client_10275,11,0
107,5/8/2015,69,train_Client_102752,11,0
306,14/10/2009,63,train_Client_102753,11,0
301,29/9/2003,62,train_Client_102754,11,0
303,26/4/2010,62,train_Client_102755,11,0
304,5/6/2008,62,train_Client_102757,11,0
103,31/10/1995,69,train_Client_102760,11,0
301,5/11/2014,62,train_Client_102761,11,0
106,21/4/1979,69,train_Client_102762,11,0
312,16/3/2017,63,train_Client_102763,11,0
301,28/12/2016,62,train_Client_102764,11,0
312,22/12/1998,63,train_Client_102765,11,0
107,7/11/1989,69,train_Client_102766,11,0
310,14/2/2011,62,train_Client_102767,11,0
101,28/12/2011,60,train_Client_102768,11,0
101,22/12/2010,60,train_Client_102769,11,1
101,26/3/1997,60,train_Client_10277,11,0
301,10/1/1984,62,train_Client_102771,11,0
312,16/10/2014,63,train_Client_102772,11,0
302,15/1/2016,62,train_Client_102773,11,0
303,30/1/2015,62,train_Client_102775,11,0
372,25/5/2000,63,train_Client_102776,11,0
101,12/5/2003,60,train_Client_102778,11,0
101,3/6/2016,60,train_Client_102779,11,0
312,12/2/2004,63,train_Client_102781,11,0
304,27/9/2016,62,train_Client_102782,11,0
309,8/1/2013,62,train_Client_102783,11,0
308,16/3/2017,63,train_Client_102784,11,0
104,16/5/1979,69,train_Client_102787,11,0
304,16/10/1997,62,train_Client_102788,11,0
101,15/8/2013,60,train_Client_10279,11,0
107,11/3/2014,69,train_Client_102790,11,0
103,4/12/1998,69,train_Client_102791,11,0
101,5/6/2009,60,train_Client_102792,11,0
305,1/1/1998,62,train_Client_102794,11,0
304,9/9/2013,62,train_Client_102795,11,0
311,27/11/1996,63,train_Client_102796,11,0
379,19/3/2014,63,train_Client_102797,11,0
104,5/12/2013,69,train_Client_1028,12,0
104,17/10/1983,69,train_Client_10280,11,0
310,9/1/2007,62,train_Client_102801,11,0
311,18/1/1993,63,train_Client_102802,11,0
101,18/6/2007,60,train_Client_102804,11,0
101,17/10/1983,60,train_Client_102807,11,0
101,12/1/1995,60,train_Client_102808,11,0
310,7/9/2001,62,train_Client_10281,11,0
101,21/3/1984,60,train_Client_102810,11,0
101,21/12/1983,60,train_Client_102811,11,0
104,25/10/2011,69,train_Client_102812,11,0
311,9/9/2017,63,train_Client_102813,12,0
104,19/9/1995,69,train_Client_102815,11,0
307,31/7/2006,62,train_Client_102816,11,0
101,27/3/1979,60,train_Client_102818,11,0
101,28/6/2004,60,train_Client_10282,11,0
371,23/6/2016,62,train_Client_102821,11,0
302,8/1/2007,62,train_Client_102823,11,0
306,27/11/1996,63,train_Client_102825,11,0
311,14/4/1987,63,train_Client_102826,11,0
301,27/11/2002,62,train_Client_102829,11,0
303,29/11/1983,62,train_Client_102830,12,0
101,24/10/2008,60,train_Client_102832,11,0
301,8/12/1997,62,train_Client_102833,11,0
101,18/8/2000,60,train_Client_102834,11,0
311,10/5/2005,63,train_Client_102835,11,0
379,26/10/2005,63,train_Client_102838,11,0
313,30/9/2016,63,train_Client_102839,11,0
104,26/3/2008,69,train_Client_102841,11,0
306,3/1/1984,63,train_Client_102842,11,0
101,26/12/1994,60,train_Client_102843,11,0
101,5/12/2013,60,train_Client_102846,11,0
311,31/12/2004,63,train_Client_102847,11,0
306,10/7/2012,63,train_Client_102848,11,0
101,21/5/2012,60,train_Client_10285,11,0
107,9/10/2012,69,train_Client_102851,11,0
104,8/7/2014,69,train_Client_102853,11,0
303,18/1/2014,62,train_Client_102854,11,0
303,8/3/2011,62,train_Client_102855,11,0
306,30/11/2010,63,train_Client_102856,11,0
312,7/5/1992,63,train_Client_102859,11,0
101,15/8/2011,60,train_Client_10286,11,0
103,12/10/2012,69,train_Client_102864,11,0
104,27/4/2015,69,train_Client_102865,11,0
101,21/11/2016,60,train_Client_102866,11,0
305,20/1/2018,62,train_Client_102867,51,0
101,31/12/1992,60,train_Client_102869,11,0
302,23/12/1994,62,train_Client_102870,11,0
104,27/11/1990,69,train_Client_102871,11,0
306,8/3/2016,63,train_Client_102872,11,0
101,4/4/2007,60,train_Client_102874,11,0
105,31/1/2002,69,train_Client_102875,11,0
301,11/11/1985,62,train_Client_102877,11,0
101,20/11/1996,60,train_Client_102878,11,0
101,23/11/2006,63,train_Client_102879,11,0
101,20/4/1999,60,train_Client_10288,11,0
103,30/9/2008,69,train_Client_102880,11,0
101,11/9/1990,60,train_Client_102881,11,0
101,22/10/1981,60,train_Client_102882,11,0
310,7/3/2007,62,train_Client_102883,12,0
101,23/5/2013,60,train_Client_102886,11,0
306,28/3/2015,63,train_Client_102887,11,0
101,13/10/2015,60,train_Client_102888,11,0
301,9/11/2006,62,train_Client_102889,11,0
310,31/12/1981,62,train_Client_10289,11,0
303,11/4/2009,62,train_Client_102890,11,0
101,20/5/2013,60,train_Client_102891,11,0
105,22/5/2018,69,train_Client_102892,11,0
105,8/8/2012,69,train_Client_102893,11,0
305,16/5/1984,62,train_Client_102895,11,0
303,11/11/2008,62,train_Client_102896,11,0
107,9/7/2010,69,train_Client_102898,11,1
101,7/7/1997,60,train_Client_102899,11,0
309,17/10/2013,62,train_Client_1029,11,0
101,28/12/2016,60,train_Client_10290,11,0
103,9/12/1983,69,train_Client_102901,11,0
104,17/11/2004,69,train_Client_102902,11,0
306,27/9/2001,63,train_Client_102905,11,0
309,13/10/2014,62,train_Client_102908,11,0
104,24/11/2015,69,train_Client_102909,11,0
301,9/1/1985,62,train_Client_102910,11,0
101,23/3/2011,60,train_Client_102911,11,1
312,24/3/2012,63,train_Client_102912,11,0
302,20/6/2007,62,train_Client_102913,11,0
101,22/5/2014,60,train_Client_102914,11,0
310,22/9/1988,62,train_Client_102915,11,0
104,8/9/2012,69,train_Client_102916,11,1
302,27/4/2017,62,train_Client_102917,11,0
313,28/2/2006,63,train_Client_102918,11,0
305,22/12/2004,62,train_Client_102919,11,0
303,27/3/2006,62,train_Client_10292,11,0
101,14/9/1987,63,train_Client_102920,11,0
101,19/5/1987,60,train_Client_102922,11,0
312,20/7/1979,63,train_Client_102923,11,0
301,25/2/2011,62,train_Client_102928,11,0
107,16/9/2003,69,train_Client_102929,11,0
101,15/5/2003,60,train_Client_10293,11,0
306,6/7/2007,63,train_Client_102930,11,0
101,5/10/1999,60,train_Client_102931,11,0
101,28/5/2009,60,train_Client_102932,11,0
372,28/5/2011,63,train_Client_102933,11,0
306,11/6/1979,63,train_Client_102934,11,0
101,20/4/1984,60,train_Client_102937,11,0
303,18/2/2008,62,train_Client_102940,11,0
307,2/8/2014,62,train_Client_102942,11,0
105,9/1/2001,69,train_Client_102943,11,0
310,22/12/2016,62,train_Client_102945,11,0
101,21/2/1978,60,train_Client_102947,11,0
101,9/10/1997,60,train_Client_102948,11,0
101,28/12/2005,60,train_Client_102950,11,0
101,17/8/1984,60,train_Client_102952,11,0
101,6/8/2010,60,train_Client_102953,11,0
101,30/5/1990,63,train_Client_102954,11,0
101,7/6/1977,60,train_Client_102955,11,0
101,19/8/2015,60,train_Client_102958,11,0
101,21/7/2008,60,train_Client_102959,11,0
311,27/11/1996,63,train_Client_102960,11,0
302,11/1/1985,62,train_Client_102961,11,0
372,31/12/2004,63,train_Client_102962,11,0
371,30/9/2014,62,train_Client_102963,11,0
307,31/12/1996,62,train_Client_102965,11,0
104,25/12/1998,69,train_Client_102966,11,0
101,10/6/1993,60,train_Client_102968,11,0
312,19/1/2018,63,train_Client_102969,11,0
103,10/12/2014,69,train_Client_102971,11,0
307,30/12/1997,62,train_Client_102972,11,0
104,30/11/2015,69,train_Client_102973,11,0
101,8/9/2011,60,train_Client_102974,11,0
371,14/3/2016,62,train_Client_102978,11,0
104,18/3/2017,69,train_Client_102979,11,0
101,29/1/1980,60,train_Client_102980,11,0
107,8/11/1977,69,train_Client_102981,11,0
311,28/4/2014,63,train_Client_102982,11,0
310,11/5/2013,62,train_Client_102985,11,0
103,21/2/2013,69,train_Client_102987,11,0
304,18/1/2018,62,train_Client_10299,11,0
301,16/10/2018,62,train_Client_102990,11,0
101,10/12/1993,60,train_Client_102991,11,1
310,19/3/1981,62,train_Client_102993,11,1
107,8/4/2002,69,train_Client_102995,11,0
103,27/6/1977,69,train_Client_102996,11,0
101,12/5/2012,63,train_Client_102997,11,0
309,15/10/1997,62,train_Client_102998,11,0
303,22/1/2016,62,train_Client_103,11,0
103,5/12/2015,69,train_Client_1030,11,0
311,21/1/2015,63,train_Client_10300,11,0
103,8/3/2016,69,train_Client_103000,11,0
311,18/11/2013,63,train_Client_103002,11,0
309,19/12/1996,62,train_Client_103003,11,0
101,27/1/1995,60,train_Client_103004,11,0
303,10/1/2011,62,train_Client_103005,11,1
301,19/2/2008,62,train_Client_103006,11,0
311,25/10/2007,63,train_Client_103007,11,0
307,11/8/1987,62,train_Client_103008,11,0
101,7/12/2008,60,train_Client_103009,11,0
302,28/2/1977,62,train_Client_103011,11,0
105,30/12/1995,69,train_Client_103012,11,0
312,21/7/2007,63,train_Client_103013,11,0
101,26/7/1985,60,train_Client_103015,11,0
101,21/10/2011,60,train_Client_103016,11,0
301,24/8/1989,62,train_Client_103017,11,0
311,1/9/2016,63,train_Client_10302,11,0
301,6/4/2016,62,train_Client_103021,11,0
311,29/4/2013,63,train_Client_103022,11,0
101,24/2/2018,60,train_Client_103023,11,0
306,6/7/1999,63,train_Client_103025,11,0
306,21/4/2016,63,train_Client_103026,11,0
103,6/12/2010,69,train_Client_103027,11,0
104,24/6/2014,69,train_Client_103029,11,0
101,7/4/2000,60,train_Client_103031,11,0
104,10/8/2007,69,train_Client_103032,11,0
302,15/1/2016,62,train_Client_103036,11,0
107,25/11/2013,69,train_Client_103037,11,0
371,13/12/2004,62,train_Client_103038,11,0
310,30/12/1991,62,train_Client_10304,11,0
301,28/9/1981,62,train_Client_103041,11,0
101,1/11/1982,60,train_Client_103043,11,0
301,26/6/2015,62,train_Client_103044,11,0
101,29/3/2005,60,train_Client_103046,11,0
306,17/5/1991,63,train_Client_10305,11,0
101,14/9/2006,60,train_Client_103050,11,0
107,17/11/2012,69,train_Client_103051,11,0
309,5/10/2004,62,train_Client_103054,11,0
103,25/1/2010,69,train_Client_103055,11,0
101,6/3/2008,60,train_Client_103056,11,0
312,16/1/2015,63,train_Client_103057,11,0
101,8/11/2010,60,train_Client_103058,11,0
101,21/10/1991,60,train_Client_103059,11,0
306,24/3/2003,63,train_Client_10306,11,0
104,27/9/1994,69,train_Client_103060,11,0
309,15/12/2010,62,train_Client_103061,11,0
301,12/6/2007,62,train_Client_103062,51,0
301,31/3/2000,62,train_Client_103063,11,0
101,14/11/2003,60,train_Client_103064,11,0
301,1/10/1982,62,train_Client_103065,11,0
313,5/12/2009,63,train_Client_103067,11,0
103,31/5/1989,69,train_Client_103068,11,0
104,18/2/1992,69,train_Client_103069,11,0
107,8/2/2007,69,train_Client_10307,11,0
311,19/3/2012,63,train_Client_103070,11,1
310,8/3/2012,62,train_Client_103073,11,0
107,24/6/2016,69,train_Client_103074,11,0
311,31/3/2006,63,train_Client_103076,11,0
101,27/1/2015,60,train_Client_103077,11,0
371,28/5/2002,62,train_Client_103079,11,0
311,18/12/2014,63,train_Client_10308,11,0
301,27/5/1997,62,train_Client_103080,11,0
312,29/4/2005,63,train_Client_103082,11,0
101,11/2/2010,60,train_Client_103083,11,0
311,23/11/2010,63,train_Client_103085,11,1
310,8/3/2012,62,train_Client_103087,11,0
107,19/12/2012,69,train_Client_103089,11,0
301,12/2/2014,62,train_Client_10309,11,0
101,20/8/2008,60,train_Client_103090,11,0
301,22/4/1977,62,train_Client_103092,11,0
101,30/12/2013,60,train_Client_103096,11,0
101,8/1/2007,63,train_Client_103097,51,0
101,13/1/2012,60,train_Client_103098,11,0
107,2/12/2014,69,train_Client_103099,11,0
371,24/4/2001,62,train_Client_10310,12,0
301,12/8/1977,62,train_Client_103100,11,0
101,9/7/1999,60,train_Client_103102,11,0
310,19/8/2016,62,train_Client_103103,11,0
301,27/3/1985,62,train_Client_103104,11,0
307,8/9/2000,62,train_Client_103105,11,0
101,24/1/1984,60,train_Client_103107,11,0
101,17/9/2015,60,train_Client_103108,11,0
303,30/1/2008,62,train_Client_103109,11,0
101,22/7/2014,60,train_Client_103110,11,0
311,6/12/1989,63,train_Client_103111,11,0
103,24/10/2001,69,train_Client_103112,11,0
104,10/5/2012,69,train_Client_103113,11,1
103,18/2/2014,69,train_Client_103116,11,1
304,5/3/2008,62,train_Client_103117,11,0
304,10/9/1984,62,train_Client_103118,11,0
301,7/9/2011,62,train_Client_10312,11,0
104,12/5/2017,69,train_Client_103121,11,0
101,21/12/2011,60,train_Client_103123,11,0
101,17/8/1984,60,train_Client_103124,11,0
107,4/6/2010,69,train_Client_103125,11,0
104,28/2/2007,69,train_Client_103127,11,0
371,31/10/2015,62,train_Client_103128,11,0
101,25/8/2008,60,train_Client_103129,11,0
101,4/6/2007,60,train_Client_10313,11,0
306,27/9/2016,63,train_Client_103131,11,0
103,8/10/2015,69,train_Client_103132,11,0
107,7/8/2014,69,train_Client_103133,11,0
101,31/1/1991,60,train_Client_103134,11,0
101,22/9/2011,60,train_Client_103135,11,0
304,14/6/1983,62,train_Client_103136,11,0
302,31/3/1979,62,train_Client_103137,11,0
103,27/5/2014,69,train_Client_103140,11,0
101,18/10/2014,60,train_Client_103141,11,0
310,18/6/2014,62,train_Client_103142,11,0
312,27/4/2012,63,train_Client_103143,11,0
311,10/12/1991,63,train_Client_103144,11,0
103,20/5/2017,69,train_Client_103145,11,0
103,5/1/2016,69,train_Client_103147,11,0
311,21/8/2017,63,train_Client_103148,11,0
301,28/4/1995,62,train_Client_10315,11,0
302,17/5/2013,62,train_Client_103150,11,0
306,18/6/1993,63,train_Client_103153,11,0
301,7/6/1983,62,train_Client_103154,11,0
104,19/10/2016,69,train_Client_103156,11,0
304,13/10/2017,62,train_Client_103157,11,0
104,18/8/1999,69,train_Client_103160,11,0
304,28/7/1989,62,train_Client_103161,11,0
302,17/10/2009,62,train_Client_103162,11,0
101,9/12/2005,60,train_Client_103164,11,0
306,31/10/2000,63,train_Client_103165,11,0
301,7/12/2009,62,train_Client_103167,11,0
101,24/9/2013,60,train_Client_103168,11,0
103,15/3/2011,69,train_Client_103169,11,0
104,9/9/2004,69,train_Client_10317,11,0
101,14/3/1978,60,train_Client_103171,11,0
107,27/5/2008,69,train_Client_103172,11,0
304,16/2/1982,62,train_Client_103173,11,0
307,24/9/1999,62,train_Client_103174,11,0
101,1/4/1981,60,train_Client_103176,11,0
107,20/1/1986,69,train_Client_103177,11,0
301,25/2/1983,62,train_Client_103178,11,0
104,17/8/2009,69,train_Client_10318,11,0
101,27/3/1992,60,train_Client_103180,11,0
311,9/1/2019,63,train_Client_103182,11,0
104,17/3/2012,69,train_Client_103184,11,0
303,27/6/2016,62,train_Client_103188,11,0
302,9/5/2000,62,train_Client_103189,11,0
101,13/4/2018,60,train_Client_10319,11,0
310,14/4/2016,62,train_Client_103190,11,0
311,17/12/2013,63,train_Client_103193,11,0
304,7/5/2015,62,train_Client_103194,11,0
101,12/4/2010,60,train_Client_103197,11,1
103,17/2/2014,69,train_Client_103198,11,0
107,20/12/1994,69,train_Client_103199,11,0
310,21/5/1996,62,train_Client_1032,11,0
107,26/5/1999,69,train_Client_103200,11,0
101,15/12/1995,60,train_Client_103202,11,0
105,10/11/1993,69,train_Client_103203,11,0
105,15/6/2011,69,train_Client_103204,11,1
312,29/10/2011,63,train_Client_103208,11,0
103,29/4/2015,69,train_Client_103209,11,0
106,18/5/2012,69,train_Client_10321,11,0
301,28/6/1982,62,train_Client_103213,11,0
101,22/3/2014,60,train_Client_103214,11,0
101,20/8/1984,60,train_Client_103215,51,1
101,16/9/1980,60,train_Client_103216,11,0
309,6/4/2018,62,train_Client_103217,11,0
104,31/12/2014,69,train_Client_103218,11,0
310,22/8/2003,62,train_Client_103219,11,1
303,9/1/2013,62,train_Client_10322,11,0
313,25/5/2010,63,train_Client_103221,11,0
101,25/11/1991,60,train_Client_103222,11,0
105,17/3/2003,69,train_Client_103225,11,0
309,29/5/2013,62,train_Client_103226,11,0
101,15/10/1999,60,train_Client_103227,11,0
310,28/6/2002,62,train_Client_103228,11,0
104,11/12/2015,69,train_Client_10323,11,0
101,30/5/2012,60,train_Client_103230,11,0
101,23/10/2000,60,train_Client_103231,11,0
107,12/11/2013,69,train_Client_103233,11,0
312,19/8/2003,63,train_Client_103234,11,0
306,27/9/2001,63,train_Client_103235,11,0
307,26/6/1987,62,train_Client_103236,11,0
104,7/11/2017,69,train_Client_103237,11,0
311,11/3/2015,63,train_Client_103238,11,0
306,27/12/1990,63,train_Client_103239,11,0
371,30/9/2002,62,train_Client_10324,11,0
104,21/10/1994,69,train_Client_103240,11,0
101,9/9/2010,60,train_Client_103241,12,0
306,16/12/1996,63,train_Client_103243,11,0
104,16/8/2012,69,train_Client_103247,11,0
313,14/10/2014,63,train_Client_103249,11,0
104,23/4/1991,69,train_Client_10325,11,0
107,26/8/2015,69,train_Client_103253,11,1
101,28/6/2006,60,train_Client_103255,11,0
101,21/6/1980,60,train_Client_103256,11,0
105,10/6/2003,69,train_Client_103258,11,0
103,6/2/2010,69,train_Client_103259,11,0
302,16/9/2003,62,train_Client_10326,12,0
311,11/8/2010,63,train_Client_103260,11,0
301,11/12/1986,62,train_Client_103261,11,0
101,5/3/2010,60,train_Client_103262,11,0
104,11/6/1979,69,train_Client_103263,11,0
303,1/9/1981,62,train_Client_103264,11,0
101,27/12/2016,60,train_Client_103266,11,0
104,5/12/2016,69,train_Client_103269,11,0
101,14/8/2010,60,train_Client_10327,11,0
104,20/11/2015,69,train_Client_103270,11,0
104,16/3/2017,69,train_Client_103271,11,0
101,1/2/2010,60,train_Client_103272,11,0
302,28/10/2015,62,train_Client_103274,11,0
301,2/10/2006,62,train_Client_103275,51,0
101,2/10/2003,60,train_Client_103276,11,0
101,28/9/2015,63,train_Client_10328,11,0
301,26/2/2007,62,train_Client_103280,11,0
104,16/9/2016,69,train_Client_103282,11,0
103,8/11/2013,69,train_Client_103284,11,0
305,17/12/2013,62,train_Client_103287,11,0
302,25/11/2011,62,train_Client_103288,11,0
107,18/5/2012,69,train_Client_103289,11,0
101,13/2/2016,60,train_Client_103290,11,0
301,21/1/2013,62,train_Client_103291,11,0
103,8/6/1989,69,train_Client_103293,12,0
101,16/11/2006,60,train_Client_103297,11,0
311,26/9/1989,63,train_Client_103298,11,0
309,4/10/1996,62,train_Client_103299,11,0
101,1/9/2016,60,train_Client_1033,11,0
311,9/9/2017,63,train_Client_10330,11,0
101,16/5/2007,60,train_Client_103300,11,0
101,31/8/2012,60,train_Client_103301,11,0
101,15/7/2009,60,train_Client_103302,11,0
313,26/1/2013,63,train_Client_103304,11,0
107,11/7/2011,69,train_Client_103305,11,0
103,28/5/2012,69,train_Client_103307,11,0
301,12/4/2010,62,train_Client_103309,11,0
311,15/7/2010,63,train_Client_10331,11,0
311,8/1/2018,63,train_Client_103310,11,0
101,2/11/2006,60,train_Client_103311,11,0
101,5/12/1996,60,train_Client_103313,11,0
101,12/12/2014,60,train_Client_103315,11,0
101,29/7/1978,60,train_Client_103316,11,0
311,24/7/2015,63,train_Client_103317,11,0
101,11/9/1989,60,train_Client_103319,11,0
104,13/5/2011,69,train_Client_10332,11,0
107,8/9/1999,69,train_Client_103321,11,0
311,22/7/2017,63,train_Client_103323,11,0
107,28/10/2011,69,train_Client_103325,11,0
311,24/4/2018,63,train_Client_103327,11,0
101,31/3/1999,60,train_Client_103328,11,0
101,14/8/2010,60,train_Client_103329,11,0
101,28/9/1994,60,train_Client_10333,11,0
311,18/5/2012,63,train_Client_103332,11,0
309,25/2/2015,62,train_Client_103333,11,0
312,18/5/2016,63,train_Client_103334,11,0
306,31/7/2001,63,train_Client_103336,11,1
104,26/1/2011,69,train_Client_103337,11,0
310,17/1/2013,62,train_Client_103339,11,0
107,21/5/2013,69,train_Client_103341,11,0
103,19/1/2017,69,train_Client_103344,11,0
304,9/3/2016,62,train_Client_103345,11,0
101,29/1/2010,60,train_Client_103346,11,0
101,27/1/1992,60,train_Client_103347,11,0
313,9/11/2011,63,train_Client_103348,11,0
308,19/12/2013,63,train_Client_103349,11,0
101,24/6/2011,60,train_Client_103350,11,0
101,30/5/2005,60,train_Client_103351,11,0
311,27/7/2010,63,train_Client_103353,11,0
306,17/10/2014,63,train_Client_103354,11,0
101,21/11/1995,60,train_Client_103356,11,0
307,4/9/2001,62,train_Client_103359,11,0
301,17/10/2006,62,train_Client_10336,11,0
305,30/11/2000,62,train_Client_103360,11,0
104,11/12/1998,69,train_Client_103361,11,0
103,27/12/2017,69,train_Client_103362,11,0
101,25/8/1994,60,train_Client_103364,11,0
101,3/10/1997,60,train_Client_103365,11,0
311,25/10/2012,63,train_Client_103366,11,0
101,17/8/1995,60,train_Client_103367,11,0
103,29/5/2012,69,train_Client_103368,11,0
371,25/4/2018,62,train_Client_10337,11,0
301,29/10/1999,62,train_Client_103370,11,0
307,3/12/1982,62,train_Client_103371,11,0
101,19/5/1998,60,train_Client_103373,11,0
101,6/7/1983,60,train_Client_103374,11,0
302,8/5/2013,62,train_Client_103375,11,1
308,9/8/2007,63,train_Client_103376,11,0
104,23/4/2003,69,train_Client_103377,11,0
303,18/9/2008,62,train_Client_103379,11,0
312,14/4/2008,63,train_Client_10338,11,0
107,1/7/2016,69,train_Client_103382,11,0
101,22/6/2017,60,train_Client_103383,11,1
312,24/10/2012,63,train_Client_103384,11,0
311,26/1/2000,63,train_Client_103385,11,0
107,17/7/1984,69,train_Client_103386,11,0
301,6/10/2007,62,train_Client_103387,11,0
101,14/9/1988,60,train_Client_103389,11,0
311,30/9/2002,63,train_Client_10339,11,1
105,10/8/2010,69,train_Client_103390,11,0
101,22/4/1986,60,train_Client_103391,11,0
104,21/12/2005,69,train_Client_103393,11,0
103,15/11/2008,69,train_Client_103395,11,0
304,12/3/2003,62,train_Client_103396,11,0
101,26/1/2006,60,train_Client_103397,11,0
301,21/1/2013,62,train_Client_103398,11,0
311,24/9/2013,63,train_Client_103399,11,0
101,13/4/2010,60,train_Client_1034,11,0
301,25/12/1979,62,train_Client_10340,11,0
312,20/4/2017,63,train_Client_103400,11,0
101,20/11/1989,60,train_Client_103403,11,0
311,20/5/2014,63,train_Client_103404,11,0
306,3/10/1979,63,train_Client_103405,11,0
101,29/3/1990,60,train_Client_103407,11,0
107,3/11/2013,69,train_Client_103408,11,0
307,23/6/2009,62,train_Client_103409,11,0
103,22/12/2016,69,train_Client_10341,11,0
302,10/4/2013,62,train_Client_103411,11,0
311,1/4/2014,63,train_Client_103412,11,0
301,17/3/1981,62,train_Client_103413,11,0
101,11/4/2011,60,train_Client_103414,11,0
104,25/11/1993,69,train_Client_103416,11,0
101,15/9/1983,60,train_Client_103417,11,0
101,19/5/2008,60,train_Client_10342,11,0
306,17/10/2014,63,train_Client_103421,11,0
311,31/3/2011,63,train_Client_103423,11,0
308,13/3/2017,63,train_Client_103424,11,0
307,8/6/2015,62,train_Client_103425,11,0
101,14/2/2012,60,train_Client_103426,11,0
101,13/2/1990,60,train_Client_103427,11,0
107,18/6/2014,69,train_Client_10343,11,0
306,20/4/1992,63,train_Client_103430,11,0
304,29/10/2007,62,train_Client_103431,11,0
301,10/10/2012,62,train_Client_103432,11,1
311,25/3/2011,63,train_Client_103433,11,0
101,26/7/1993,60,train_Client_103434,11,0
310,21/2/2015,62,train_Client_103435,11,0
104,17/5/2010,69,train_Client_103436,11,0
312,16/3/2010,63,train_Client_103438,11,0
301,11/10/2002,62,train_Client_103439,11,0
301,9/11/2006,62,train_Client_103440,11,0
107,24/10/2001,69,train_Client_103442,11,0
310,25/12/2003,62,train_Client_103444,11,0
104,19/4/2000,69,train_Client_103447,11,0
313,19/11/2013,63,train_Client_103448,11,0
305,12/12/1983,62,train_Client_103449,11,0
304,17/3/1981,62,train_Client_103450,11,0
371,15/4/1988,62,train_Client_103451,11,0
104,26/12/2011,69,train_Client_103452,12,0
303,13/6/2014,62,train_Client_103454,11,0
101,2/12/2003,60,train_Client_103455,11,0
310,20/2/2001,62,train_Client_103457,11,0
104,16/11/2015,69,train_Client_103458,11,0
101,23/10/1985,60,train_Client_103459,11,0
101,4/3/2004,60,train_Client_103461,11,0
107,11/11/2013,69,train_Client_103462,11,0
101,1/3/2011,60,train_Client_103463,11,0
101,25/9/2006,60,train_Client_103464,11,0
101,8/6/1981,60,train_Client_103466,11,0
312,29/4/2009,63,train_Client_103467,12,0
311,23/8/2017,63,train_Client_103469,11,0
101,16/11/1998,60,train_Client_10347,11,0
312,26/3/2011,63,train_Client_103470,11,0
107,11/8/2010,69,train_Client_103471,11,0
104,17/11/2015,69,train_Client_103473,11,0
103,8/3/2016,69,train_Client_103476,11,0
303,6/11/2017,62,train_Client_103477,11,0
101,16/2/2006,60,train_Client_103478,11,0
309,10/11/2014,62,train_Client_103479,11,0
101,11/11/1999,60,train_Client_10348,11,0
101,28/6/2011,60,train_Client_103480,11,0
311,3/10/2017,63,train_Client_103481,11,0
107,4/5/2012,69,train_Client_103483,11,0
104,24/10/2007,69,train_Client_103484,11,0
107,13/1/2016,69,train_Client_103485,11,0
311,11/3/2014,63,train_Client_103486,11,0
103,16/9/2011,69,train_Client_103488,11,0
305,15/5/2006,62,train_Client_103489,11,0
104,13/3/1991,69,train_Client_10349,11,1
311,21/11/1985,63,train_Client_103490,11,0
310,22/3/2010,62,train_Client_103491,11,0
307,29/10/2007,62,train_Client_103493,11,0
103,29/4/2015,69,train_Client_103494,11,0
103,11/10/2012,69,train_Client_103497,11,0
101,14/3/1977,60,train_Client_103498,11,0
303,11/10/2013,62,train_Client_1035,11,0
101,5/5/1998,60,train_Client_103500,11,0
101,30/12/1997,60,train_Client_103501,11,0
107,25/3/2002,69,train_Client_103504,11,0
101,12/12/1997,60,train_Client_103505,11,0
312,23/3/2004,63,train_Client_103507,11,0
107,7/11/1984,69,train_Client_103508,11,0
107,24/12/1991,69,train_Client_103509,11,0
306,25/12/1990,63,train_Client_10351,11,0
101,13/5/2014,60,train_Client_103510,11,0
311,29/12/2011,63,train_Client_103512,11,0
309,4/12/2003,62,train_Client_10352,11,0
307,10/12/2013,62,train_Client_103521,11,0
101,16/8/1989,60,train_Client_103522,11,0
307,25/11/2016,62,train_Client_103523,11,0
303,10/11/1981,62,train_Client_103524,11,0
311,18/11/1998,63,train_Client_103526,11,0
105,26/11/1977,69,train_Client_103527,11,0
103,3/12/2010,69,train_Client_103528,11,0
310,27/7/2009,62,train_Client_10353,11,0
101,12/12/1990,60,train_Client_103530,11,0
310,16/6/2008,62,train_Client_103531,11,0
101,2/12/2010,60,train_Client_103532,11,0
310,28/3/2003,62,train_Client_103533,11,0
301,18/4/1985,62,train_Client_103535,11,0
305,29/5/2000,62,train_Client_103536,11,0
311,29/10/2013,63,train_Client_103537,11,0
101,20/8/2015,60,train_Client_103538,11,0
301,22/9/2016,62,train_Client_103539,11,0
101,30/10/2001,60,train_Client_103542,11,0
301,17/10/1984,62,train_Client_103543,11,0
303,22/5/2014,62,train_Client_103546,11,0
301,28/4/2008,62,train_Client_103547,11,0
302,28/1/1986,62,train_Client_103548,11,0
103,29/11/2016,69,train_Client_10355,11,0
105,31/12/1982,69,train_Client_103550,11,0
101,10/12/2003,60,train_Client_103553,11,1
104,18/3/1994,69,train_Client_103554,11,0
310,15/9/2015,62,train_Client_103557,11,0
104,30/11/1998,69,train_Client_103559,11,0
104,12/2/2002,69,train_Client_10356,12,0
103,9/5/2000,69,train_Client_103560,11,0
304,14/9/2015,62,train_Client_103561,11,0
311,21/11/1985,63,train_Client_103563,11,0
101,10/12/1993,60,train_Client_103564,11,0
107,8/12/2015,69,train_Client_103565,11,0
104,27/9/1977,69,train_Client_103567,11,0
101,13/5/1994,60,train_Client_103568,11,0
104,16/6/1986,69,train_Client_103569,11,1
301,22/8/1988,62,train_Client_10357,11,1
311,31/12/1997,63,train_Client_103570,11,0
101,5/9/2011,60,train_Client_103572,11,1
309,15/2/2010,62,train_Client_103573,11,0
103,29/5/2012,69,train_Client_103574,11,1
307,11/10/1977,62,train_Client_103575,11,0
311,20/11/1997,63,train_Client_103576,11,0
305,17/4/1982,62,train_Client_103579,11,0
103,11/6/2009,69,train_Client_10358,11,1
101,19/3/2004,60,train_Client_103580,11,0
101,17/10/2007,60,train_Client_103581,11,0
101,29/8/1995,60,train_Client_103582,11,0
311,29/10/1997,63,train_Client_103583,11,0
302,5/5/2015,62,train_Client_103584,11,0
101,10/7/2013,60,train_Client_103586,11,0
104,29/7/1996,69,train_Client_103587,11,0
307,3/8/2017,62,train_Client_103588,11,1
301,7/5/1990,62,train_Client_103589,11,0
306,31/7/2001,63,train_Client_103592,11,0
306,23/3/2010,63,train_Client_103594,12,0
101,18/4/2011,60,train_Client_103596,11,0
107,8/3/1996,69,train_Client_103597,11,0
101,15/4/2008,60,train_Client_1036,11,0
311,25/2/2015,63,train_Client_10360,11,0
305,9/9/2013,62,train_Client_103600,11,0
312,3/12/2014,63,train_Client_103603,12,0
313,20/5/2014,63,train_Client_103604,11,0
101,14/2/2011,63,train_Client_103605,11,0
104,3/5/2016,69,train_Client_103609,11,0
104,25/5/2010,69,train_Client_10361,11,0
303,12/3/2013,62,train_Client_103612,11,0
311,23/6/2006,63,train_Client_103613,11,0
105,25/9/2010,69,train_Client_103616,11,0
305,4/10/1982,62,train_Client_103617,11,0
101,22/10/1991,60,train_Client_103618,11,0
103,17/4/1982,69,train_Client_103619,11,0
103,23/4/2008,69,train_Client_10362,11,0
103,25/4/2011,69,train_Client_103620,11,0
372,12/11/1992,63,train_Client_103621,11,0
104,5/8/2009,69,train_Client_103622,11,0
101,26/12/2001,60,train_Client_103623,11,0
301,20/2/2018,62,train_Client_103624,11,0
107,22/3/2013,69,train_Client_103626,11,0
311,17/1/2008,63,train_Client_103627,11,0
301,17/8/2009,62,train_Client_103628,11,0
101,11/4/1981,60,train_Client_103629,11,0
311,27/2/2017,63,train_Client_103630,11,0
303,6/6/2016,62,train_Client_103633,11,0
306,26/1/2000,63,train_Client_103634,11,0
101,29/1/1980,60,train_Client_103635,11,0
104,26/1/1987,69,train_Client_103636,11,0
301,11/1/1985,62,train_Client_103638,11,0
104,2/10/1996,69,train_Client_103639,12,0
309,19/6/1987,62,train_Client_10364,11,0
310,7/9/1993,62,train_Client_103641,11,0
302,15/1/2016,62,train_Client_103644,11,0
302,31/12/1983,62,train_Client_103646,11,0
307,21/7/1987,62,train_Client_103647,11,0
301,31/8/1977,62,train_Client_103648,11,0
101,31/8/2013,60,train_Client_103649,11,0
104,31/12/2014,69,train_Client_10365,11,0
301,22/4/1983,62,train_Client_103650,11,0
101,27/3/2014,60,train_Client_103651,11,0
306,24/4/2017,63,train_Client_103653,11,0
101,29/5/1991,60,train_Client_103654,11,0
103,7/3/2014,69,train_Client_103656,11,0
308,1/1/1997,63,train_Client_103658,11,0
101,11/9/2008,60,train_Client_10366,11,0
301,11/5/2017,62,train_Client_103662,11,0
103,22/6/2018,69,train_Client_103663,11,0
101,14/3/1979,60,train_Client_103664,11,0
310,28/7/1989,62,train_Client_103665,11,0
107,6/3/2008,69,train_Client_103666,11,0
306,27/8/2008,63,train_Client_103667,11,0
101,1/9/1994,60,train_Client_103668,11,0
104,19/10/2010,69,train_Client_10367,11,0
303,21/7/2000,62,train_Client_103670,11,0
101,25/10/2010,60,train_Client_103674,11,0
101,12/8/1998,63,train_Client_103676,11,0
101,24/5/2011,60,train_Client_103677,11,0
311,17/4/1991,63,train_Client_10368,11,1
305,21/5/2010,62,train_Client_103680,11,0
311,9/6/2015,63,train_Client_103681,11,0
104,11/11/1999,69,train_Client_103686,11,0
302,4/6/2014,62,train_Client_103689,11,0
106,29/11/1990,69,train_Client_103690,11,1
302,17/5/2011,62,train_Client_103692,11,0
311,3/6/2014,63,train_Client_103693,11,0
107,14/5/2009,69,train_Client_103695,11,0
304,27/12/2011,62,train_Client_103696,11,0
101,13/3/1980,60,train_Client_103698,11,0
101,3/1/1980,60,train_Client_103699,11,0
101,5/2/1977,60,train_Client_1037,11,1
101,28/9/1993,60,train_Client_103700,11,0
101,27/4/1987,60,train_Client_103701,11,0
101,15/6/1978,60,train_Client_103702,11,0
310,11/4/2012,62,train_Client_103703,11,0
104,8/7/1980,69,train_Client_103705,11,0
101,19/12/1978,60,train_Client_103707,11,0
313,13/11/2013,63,train_Client_103709,11,0
302,30/12/1998,62,train_Client_10371,11,0
104,4/5/2006,69,train_Client_103711,11,0
104,24/4/2013,69,train_Client_103713,11,0
104,4/12/2014,69,train_Client_103715,11,0
101,22/1/2013,60,train_Client_103716,11,0
101,24/9/2001,60,train_Client_103717,11,0
101,15/3/2010,60,train_Client_103718,11,0
301,11/11/1985,62,train_Client_103720,11,0
311,25/12/2013,63,train_Client_103721,11,0
101,9/3/2017,60,train_Client_103722,11,0
306,18/8/2008,63,train_Client_103723,11,1
101,12/3/2007,60,train_Client_103724,11,0
104,27/9/2010,69,train_Client_103725,11,0
303,14/10/2016,62,train_Client_103726,11,0
101,9/10/2014,60,train_Client_103727,11,0
101,31/10/1997,60,train_Client_103728,11,0
101,16/12/1978,60,train_Client_10373,11,0
313,15/10/2002,63,train_Client_103730,11,0
107,10/3/2003,69,train_Client_103731,11,0
107,14/11/2017,69,train_Client_103733,11,0
107,22/12/2015,69,train_Client_103734,11,0
101,16/11/2007,60,train_Client_103737,11,0
101,16/1/2017,60,train_Client_103739,11,0
301,3/11/2006,62,train_Client_103740,11,0
104,20/4/2010,69,train_Client_103741,11,0
101,29/3/2013,60,train_Client_103743,11,0
107,18/3/2005,69,train_Client_103746,11,0
101,26/12/2012,60,train_Client_103747,12,0
103,8/11/2013,69,train_Client_103748,11,0
301,20/9/1990,62,train_Client_103749,11,0
305,19/1/2016,62,train_Client_10375,11,0
101,7/9/2001,60,train_Client_103753,11,0
107,19/4/2018,69,train_Client_103754,11,0
101,19/7/2016,60,train_Client_103755,11,0
307,15/8/2015,62,train_Client_103756,11,0
303,7/10/2013,62,train_Client_103757,11,0
101,3/10/2000,60,train_Client_103758,11,0
103,13/3/2001,69,train_Client_103759,11,0
104,16/4/1977,69,train_Client_10376,11,0
311,23/1/2009,63,train_Client_103760,11,0
101,5/9/1989,60,train_Client_103762,11,0
101,17/12/2003,60,train_Client_103763,11,0
103,10/2/2018,69,train_Client_103764,11,0
101,18/7/1984,60,train_Client_103765,11,0
101,26/3/2003,60,train_Client_103767,11,0
301,24/8/2010,62,train_Client_103768,11,0
101,14/8/2010,60,train_Client_103769,11,0
104,10/9/1987,69,train_Client_10377,12,0
303,29/11/2010,62,train_Client_103770,11,0
101,27/9/2005,60,train_Client_103772,11,0
103,21/9/2017,69,train_Client_103774,11,0
104,19/12/2012,69,train_Client_103775,11,0
312,17/5/2017,63,train_Client_103777,11,0
301,1/10/1982,62,train_Client_103779,11,0
101,15/4/1983,60,train_Client_10378,11,0
104,27/2/2010,69,train_Client_103781,11,0
312,26/1/2017,63,train_Client_103782,11,0
301,31/12/1984,62,train_Client_103783,11,0
101,23/8/1980,60,train_Client_103784,11,0
101,6/3/1985,60,train_Client_103785,11,0
301,9/7/2013,62,train_Client_103788,11,0
104,3/3/2010,69,train_Client_103789,11,0
311,4/11/2013,63,train_Client_10379,11,0
306,26/11/2013,63,train_Client_103790,11,0
307,27/5/1997,62,train_Client_103793,11,0
107,21/5/2003,69,train_Client_103794,11,0
105,17/6/2011,69,train_Client_103797,11,0
101,10/11/2009,60,train_Client_103798,11,0
103,18/5/1982,69,train_Client_103799,11,0
304,3/11/2012,62,train_Client_10380,11,0
305,6/1/2009,62,train_Client_103800,11,0
303,11/4/2014,62,train_Client_103802,11,0
371,29/8/2005,62,train_Client_103803,11,0
103,29/8/2009,69,train_Client_103805,11,0
307,30/10/2017,62,train_Client_103806,11,0
302,28/7/1989,62,train_Client_103807,11,0
301,4/11/2017,62,train_Client_103808,11,0
310,6/11/2014,62,train_Client_10381,11,0
312,28/3/2002,63,train_Client_103810,11,0
301,9/3/2010,62,train_Client_103811,11,0
307,17/1/1992,62,train_Client_103813,11,0
107,10/8/1999,69,train_Client_103814,11,0
104,28/8/2015,69,train_Client_103815,11,0
312,8/2/2018,63,train_Client_103817,11,0
310,19/6/2012,62,train_Client_103820,11,0
311,4/4/2014,63,train_Client_103821,11,0
312,8/1/2008,63,train_Client_103822,11,1
301,16/11/2009,62,train_Client_103826,11,0
104,20/12/2017,69,train_Client_103827,11,0
311,12/1/2016,63,train_Client_103829,11,1
301,5/9/2011,62,train_Client_103830,11,0
106,3/10/1979,69,train_Client_103832,11,0
104,30/7/1997,69,train_Client_103833,11,0
107,21/4/1979,69,train_Client_103834,11,0
305,26/4/2007,62,train_Client_103835,11,0
301,16/9/1988,62,train_Client_103837,11,0
312,26/10/2005,63,train_Client_103838,11,0
304,30/9/2016,62,train_Client_103839,11,0
101,22/4/2016,60,train_Client_10384,11,0
107,26/12/2002,69,train_Client_103840,11,0
104,14/10/2016,69,train_Client_103841,11,0
101,17/9/2013,60,train_Client_103842,11,0
101,1/9/2008,60,train_Client_103843,11,0
101,9/3/1990,60,train_Client_103844,11,0
311,21/1/2000,63,train_Client_103845,11,0
101,27/6/2013,60,train_Client_103846,11,0
301,26/11/2010,62,train_Client_103848,11,0
101,8/12/1994,60,train_Client_103849,11,0
311,25/1/2007,63,train_Client_103852,11,0
310,28/6/1988,62,train_Client_103853,11,0
311,20/11/1997,63,train_Client_103855,11,0
311,17/6/1988,63,train_Client_103856,11,0
301,27/9/1977,62,train_Client_103857,11,0
311,16/6/2008,63,train_Client_103859,11,0
101,24/10/1997,60,train_Client_10386,11,0
101,6/7/2010,60,train_Client_103860,11,0
103,13/4/2010,69,train_Client_103861,11,0
313,29/12/2012,63,train_Client_103862,11,0
301,30/4/1985,62,train_Client_103863,11,0
307,30/11/1999,62,train_Client_103865,11,0
310,23/3/2000,62,train_Client_103866,11,0
103,23/3/2013,69,train_Client_103867,11,0
313,9/12/2011,63,train_Client_103869,11,0
310,7/1/2017,62,train_Client_103873,11,0
302,19/12/1996,62,train_Client_103876,11,0
101,13/2/1984,60,train_Client_103877,11,0
308,17/6/2008,63,train_Client_103878,11,0
101,11/5/1977,60,train_Client_10388,11,0
104,28/8/2001,69,train_Client_103880,11,0
301,13/12/1991,62,train_Client_103881,11,0
107,29/8/2008,69,train_Client_103885,11,0
311,6/7/1999,63,train_Client_103886,11,0
311,20/11/1996,63,train_Client_103887,11,0
101,22/2/2010,60,train_Client_103889,11,0
311,16/12/2003,63,train_Client_10389,11,0
371,25/12/1996,62,train_Client_103890,11,0
304,11/6/2013,62,train_Client_103892,11,0
302,9/9/2010,62,train_Client_103893,11,0
101,6/6/2000,63,train_Client_103894,11,0
104,4/11/2003,69,train_Client_103898,11,0
101,9/7/1998,60,train_Client_1039,11,0
103,19/3/2013,69,train_Client_103900,11,0
306,14/1/2009,63,train_Client_103902,11,0
104,4/11/1992,69,train_Client_103903,11,0
304,13/10/1980,62,train_Client_103904,11,0
101,30/8/2006,60,train_Client_103905,11,0
101,4/2/2008,60,train_Client_103907,11,0
107,16/3/2013,69,train_Client_103908,11,0
301,12/6/1982,62,train_Client_103909,11,0
313,26/5/2011,63,train_Client_10391,11,0
107,29/9/1999,69,train_Client_103910,11,0
310,11/5/2011,62,train_Client_103912,11,0
303,30/11/2007,62,train_Client_103913,11,0
101,4/3/1982,60,train_Client_103914,11,0
107,25/1/2016,69,train_Client_103917,11,0
310,11/3/2010,62,train_Client_103921,12,0
103,6/12/2010,69,train_Client_103923,11,0
311,8/12/1997,63,train_Client_103924,11,0
311,7/4/1995,63,train_Client_103925,11,0
311,25/2/2003,63,train_Client_103926,11,0
307,16/11/1993,62,train_Client_103927,11,0
305,25/2/2005,62,train_Client_103928,12,0
104,13/12/2012,69,train_Client_103929,11,0
301,15/12/2000,62,train_Client_10393,11,0
311,19/8/2003,63,train_Client_103931,11,0
101,9/10/2014,60,train_Client_103932,11,0
107,23/5/2012,69,train_Client_103934,11,0
101,19/11/1990,60,train_Client_103935,11,0
104,8/4/2009,69,train_Client_103936,11,1
311,13/6/1994,63,train_Client_10394,11,0
313,14/3/2013,63,train_Client_103940,11,0
101,15/12/1983,60,train_Client_103941,11,1
107,9/9/2008,69,train_Client_103942,11,0
101,11/3/2009,60,train_Client_103945,11,0
101,27/12/1996,60,train_Client_103947,11,0
307,15/3/1978,62,train_Client_103948,11,0
101,21/9/1984,60,train_Client_10395,11,0
104,19/4/2007,69,train_Client_103950,11,0
101,30/9/2003,60,train_Client_103952,11,0
307,23/5/1995,62,train_Client_103953,11,0
310,29/12/2014,62,train_Client_103954,11,0
105,2/4/2013,69,train_Client_103956,11,0
101,1/1/1998,60,train_Client_103957,11,0
107,17/5/2012,69,train_Client_103959,11,0
311,27/1/2009,63,train_Client_103961,11,0
303,2/7/2012,62,train_Client_103963,11,0
104,17/3/2003,69,train_Client_103964,11,0
107,26/7/2007,69,train_Client_103966,11,0
104,4/1/2011,69,train_Client_10397,11,0
307,16/5/1994,62,train_Client_103971,11,1
301,29/2/2016,62,train_Client_103972,11,0
101,8/11/2004,60,train_Client_103973,11,0
313,9/11/2007,63,train_Client_103974,11,0
101,28/12/2015,60,train_Client_103975,11,0
101,30/3/2012,60,train_Client_103976,11,0
101,15/10/2008,60,train_Client_103977,11,1
303,5/10/2004,62,train_Client_103978,11,0
305,29/5/2012,62,train_Client_103979,11,0
107,4/12/1989,69,train_Client_103980,11,0
302,9/11/1984,62,train_Client_103981,11,0
301,31/3/2003,62,train_Client_103982,11,0
304,25/9/2002,62,train_Client_103986,11,0
101,24/1/1984,60,train_Client_103987,11,0
107,31/10/2009,69,train_Client_103988,11,0
104,22/9/2017,69,train_Client_10399,11,0
101,15/2/2010,60,train_Client_103990,11,0
311,27/9/2001,63,train_Client_103991,11,0
105,5/5/2011,69,train_Client_103992,11,0
372,30/8/1989,63,train_Client_103995,11,0
302,18/11/2009,62,train_Client_103996,11,0
306,17/12/2016,63,train_Client_103997,11,0
301,25/9/2017,62,train_Client_103998,11,0
101,20/5/2008,60,train_Client_103999,11,1
303,18/11/2011,62,train_Client_104,11,0
302,14/10/2016,62,train_Client_10400,11,0
101,4/7/2015,60,train_Client_104000,11,0
311,20/11/1996,63,train_Client_104002,11,0
306,9/6/2010,63,train_Client_104003,11,0
101,3/6/2004,60,train_Client_104004,11,0
313,21/8/2015,63,train_Client_104006,11,0
304,4/4/2005,62,train_Client_104007,11,0
107,2/2/2011,69,train_Client_104008,11,1
104,8/9/2012,69,train_Client_10401,11,0
307,12/2/2016,62,train_Client_104010,11,0
107,18/12/2008,69,train_Client_104011,11,0
103,30/7/1997,69,train_Client_104012,11,0
101,22/4/2011,60,train_Client_104013,11,0
310,1/3/2007,62,train_Client_104016,11,1
103,20/11/2015,69,train_Client_104017,11,0
371,20/10/2014,62,train_Client_104018,11,0
101,22/1/2018,60,train_Client_10402,11,0
103,30/3/2016,69,train_Client_104021,11,0
107,12/8/2009,69,train_Client_104022,11,0
107,14/5/2013,69,train_Client_104024,11,0
107,13/7/2011,69,train_Client_104025,11,0
101,19/12/2005,60,train_Client_104027,11,0
313,31/8/2009,63,train_Client_104029,11,0
101,4/3/1985,60,train_Client_10403,11,0
301,11/11/1985,62,train_Client_104030,11,0
301,18/4/1985,62,train_Client_104031,11,0
103,23/3/2018,69,train_Client_104032,11,0
101,29/12/2016,60,train_Client_104033,11,0
307,21/5/2016,62,train_Client_104034,11,0
301,29/10/1999,62,train_Client_104035,11,0
306,29/12/1986,63,train_Client_104036,11,0
107,8/8/2015,69,train_Client_104037,11,0
306,26/6/1997,63,train_Client_104038,11,0
372,31/1/2001,63,train_Client_10404,11,0
104,14/4/2000,69,train_Client_104040,11,0
101,31/12/1994,60,train_Client_104041,11,1
301,29/3/1980,62,train_Client_104042,11,0
104,8/10/2016,69,train_Client_104043,11,0
307,11/11/1980,62,train_Client_104044,11,0
104,3/7/2012,69,train_Client_104045,11,0
305,9/10/2000,62,train_Client_104046,11,0
101,1/3/2013,60,train_Client_104047,51,0
306,21/4/2009,63,train_Client_104048,11,0
107,20/5/2005,69,train_Client_104049,11,0
304,28/2/2018,62,train_Client_104051,11,0
101,13/3/2007,60,train_Client_104052,11,0
101,31/1/2014,60,train_Client_104053,11,0
306,30/12/1997,63,train_Client_104054,11,0
309,14/4/2010,62,train_Client_104055,11,0
101,9/3/2013,60,train_Client_104060,11,0
101,23/8/2011,60,train_Client_104061,11,0
304,29/11/1983,62,train_Client_104062,11,0
301,19/5/1993,62,train_Client_104063,11,0
107,2/12/2010,69,train_Client_104064,11,0
304,28/11/2007,62,train_Client_104065,11,0
101,28/4/2010,60,train_Client_104066,11,0
101,22/12/2006,60,train_Client_104067,11,0
101,8/2/1980,60,train_Client_104068,11,0
312,29/12/2000,63,train_Client_104071,11,0
104,29/8/1994,69,train_Client_104073,11,0
105,5/1/2011,69,train_Client_104074,11,0
106,17/3/2009,69,train_Client_104075,11,1
101,19/3/1987,60,train_Client_104076,11,0
301,15/2/2002,62,train_Client_104077,11,0
301,15/8/2015,62,train_Client_104079,11,0
101,26/2/2018,60,train_Client_10408,11,0
303,31/12/2012,62,train_Client_104080,11,0
306,10/12/2011,63,train_Client_104081,11,0
301,25/5/2011,62,train_Client_104082,11,0
101,14/2/2008,60,train_Client_104083,11,0
107,14/11/1977,69,train_Client_104084,11,0
101,4/7/2007,60,train_Client_104085,11,0
103,11/4/2014,69,train_Client_104088,11,0
104,13/9/2010,69,train_Client_104089,11,0
101,23/3/2016,60,train_Client_10409,11,0
301,19/10/2009,62,train_Client_104090,11,0
309,26/7/1979,62,train_Client_104091,11,0
313,18/10/1990,63,train_Client_104092,11,0
310,31/12/1999,62,train_Client_104093,11,0
307,27/1/2010,62,train_Client_104094,12,0
302,20/1/2012,62,train_Client_104095,11,0
301,25/1/2012,62,train_Client_104097,11,0
104,26/2/2008,69,train_Client_104098,11,0
107,11/5/1978,69,train_Client_1041,11,0
371,9/11/2011,62,train_Client_104100,11,0
101,5/2/2007,60,train_Client_104102,11,0
309,30/12/1997,62,train_Client_104103,11,0
311,15/12/2012,63,train_Client_104104,11,0
308,16/6/2005,63,train_Client_104105,11,0
307,8/12/2014,62,train_Client_104106,11,0
307,24/4/2000,62,train_Client_104107,11,0
301,17/11/2000,62,train_Client_104108,11,0
311,22/10/2012,63,train_Client_104109,11,0
311,31/12/1996,63,train_Client_104110,11,0
101,22/2/2007,60,train_Client_104111,11,0
302,16/11/2001,62,train_Client_104112,11,0
311,10/3/2014,63,train_Client_104113,11,0
311,10/8/2000,63,train_Client_104114,11,0
311,25/6/1997,63,train_Client_104115,11,0
104,6/1/2011,69,train_Client_104116,11,0
306,14/10/2014,63,train_Client_104118,11,0
312,8/11/2013,63,train_Client_104119,11,0
101,3/12/2008,60,train_Client_104120,11,0
101,29/7/1991,60,train_Client_104123,11,0
101,20/9/2007,60,train_Client_104124,11,0
103,4/9/2001,69,train_Client_104125,11,0
104,1/11/2017,69,train_Client_104126,11,0
101,20/8/1984,60,train_Client_104129,11,0
306,15/12/2006,63,train_Client_104130,11,0
303,26/7/2006,62,train_Client_104131,11,0
372,31/5/2004,63,train_Client_104133,11,0
104,17/8/1999,69,train_Client_104134,11,0
311,19/8/1998,63,train_Client_104135,11,0
302,13/10/1980,62,train_Client_104136,11,0
101,7/12/2008,60,train_Client_104137,11,0
309,29/5/2015,62,train_Client_104138,11,0
313,12/12/2011,63,train_Client_104140,11,0
310,23/4/2013,62,train_Client_104141,11,0
301,17/8/2010,62,train_Client_104142,11,0
303,20/11/1997,62,train_Client_104144,12,0
101,27/5/2013,60,train_Client_104145,11,0
312,24/4/2017,63,train_Client_104147,11,1
307,3/4/2013,62,train_Client_10415,11,0
301,29/9/2006,62,train_Client_104150,11,0
107,15/1/2016,69,train_Client_104151,11,0
312,7/3/2018,63,train_Client_104152,11,0
101,18/9/2002,60,train_Client_104153,11,0
101,9/3/1992,60,train_Client_104154,11,0
304,22/8/1979,62,train_Client_104155,11,0
309,17/8/1992,62,train_Client_104158,11,0
101,16/4/2004,60,train_Client_104159,11,0
103,12/11/1979,69,train_Client_10416,11,0
305,18/1/2018,62,train_Client_104160,11,0
104,27/9/1991,69,train_Client_104161,11,0
101,1/9/1979,60,train_Client_104162,11,0
310,13/3/2001,62,train_Client_104163,11,0
301,10/1/1983,62,train_Client_104165,11,0
101,2/8/2013,60,train_Client_104166,11,0
101,11/2/2010,60,train_Client_104167,11,0
312,10/3/2018,63,train_Client_104168,11,0
312,22/12/2016,63,train_Client_104169,11,0
104,5/12/2013,69,train_Client_10417,11,0
104,22/4/2009,69,train_Client_104170,11,0
101,31/12/2014,60,train_Client_104172,11,0
103,7/11/1984,69,train_Client_104173,11,0
105,26/8/1996,69,train_Client_104174,11,0
104,4/4/2015,69,train_Client_104175,11,0
312,11/3/2011,63,train_Client_104176,11,0
309,10/12/1985,62,train_Client_104177,11,0
371,24/5/1999,62,train_Client_104178,11,0
103,15/9/2017,69,train_Client_104179,11,0
301,14/1/2008,62,train_Client_10418,11,0
101,13/12/2012,60,train_Client_104180,11,0
107,14/6/2013,69,train_Client_104181,11,1
104,26/7/2013,69,train_Client_104182,11,0
307,25/3/1985,62,train_Client_104183,11,0
101,23/7/2013,60,train_Client_104186,11,0
104,12/4/2004,69,train_Client_104188,11,0
101,29/1/1980,60,train_Client_10419,11,0
101,30/8/2006,60,train_Client_104191,11,0
101,10/5/2011,60,train_Client_104192,11,0
310,4/5/1981,62,train_Client_104193,12,0
103,7/6/2016,69,train_Client_104194,11,0
310,30/9/1999,62,train_Client_104195,11,0
103,8/9/1998,69,train_Client_104196,11,0
309,18/10/2006,62,train_Client_104197,11,0
309,20/9/2011,62,train_Client_104198,11,0
104,30/11/2000,69,train_Client_1042,11,0
101,11/7/2008,60,train_Client_104200,11,0
371,26/12/1978,62,train_Client_104201,11,1
104,4/2/2008,69,train_Client_104203,11,0
101,19/7/1996,60,train_Client_104204,11,0
101,20/11/2013,60,train_Client_104205,11,0
309,31/7/1985,62,train_Client_104207,11,0
107,31/1/2002,69,train_Client_104208,11,1
103,14/5/1996,69,train_Client_104209,11,0
103,6/2/2014,69,train_Client_10421,11,0
103,21/2/2019,69,train_Client_104211,51,0
101,13/9/2007,60,train_Client_104212,11,0
101,24/6/2008,60,train_Client_104213,11,0
101,29/9/1977,60,train_Client_104214,11,0
301,25/1/1983,62,train_Client_104215,11,1
310,26/12/2016,62,train_Client_104217,11,0
101,5/2/1977,60,train_Client_10422,11,0
303,31/12/1991,62,train_Client_104221,11,0
101,3/6/2010,60,train_Client_104222,11,0
101,15/3/2010,60,train_Client_104223,11,0
101,12/2/2018,60,train_Client_104224,11,0
107,20/5/2005,69,train_Client_104227,11,0
103,13/2/2018,69,train_Client_104228,11,0
311,17/12/2016,63,train_Client_104229,11,0
101,3/7/2007,60,train_Client_10423,11,0
101,29/6/1988,60,train_Client_104232,11,0
372,14/3/2011,63,train_Client_104233,11,1
103,30/4/2010,69,train_Client_104234,11,0
307,13/3/2014,62,train_Client_104237,11,0
311,30/4/2004,63,train_Client_104239,11,0
104,29/6/2018,69,train_Client_10424,11,0
302,28/7/1989,62,train_Client_104240,11,0
305,12/1/2016,62,train_Client_104242,11,0
101,23/11/2005,60,train_Client_104246,11,0
104,23/5/1995,69,train_Client_104247,11,0
101,8/9/2016,60,train_Client_104248,11,0
303,24/5/2017,62,train_Client_104249,11,0
312,12/12/1991,63,train_Client_104250,11,0
101,2/11/2015,60,train_Client_104251,11,0
101,15/1/1987,60,train_Client_104252,11,0
104,22/10/2011,69,train_Client_104253,11,0
103,15/12/1999,69,train_Client_104255,11,0
305,8/6/1994,62,train_Client_104257,11,0
101,22/12/1993,60,train_Client_104258,11,0
311,20/5/2016,63,train_Client_10426,11,0
307,2/7/2007,62,train_Client_104263,11,0
371,22/3/2010,62,train_Client_104264,11,1
309,31/12/1983,62,train_Client_104268,11,0
101,30/9/2003,60,train_Client_10427,11,0
303,16/11/2011,62,train_Client_104270,11,0
107,30/9/1998,69,train_Client_104271,11,0
101,21/12/1977,60,train_Client_104272,11,0
101,11/3/1983,60,train_Client_104273,11,0
310,20/5/2014,62,train_Client_104274,11,0
309,19/5/2011,62,train_Client_104276,11,0
301,9/8/2007,62,train_Client_104279,11,0
306,1/2/2010,63,train_Client_10428,11,0
107,11/3/2014,69,train_Client_104280,11,0
107,24/1/2014,69,train_Client_104281,11,0
311,4/10/1995,63,train_Client_104282,11,0
104,15/8/1984,69,train_Client_104283,11,0
303,6/2/1980,62,train_Client_104284,11,0
311,23/5/1989,63,train_Client_104285,11,0
101,7/11/1983,60,train_Client_104286,11,0
101,31/12/2011,60,train_Client_104287,11,0
303,25/12/1979,62,train_Client_104289,11,0
311,18/10/2014,63,train_Client_10429,11,0
101,29/8/2006,60,train_Client_104290,11,0
104,31/8/1990,69,train_Client_104291,11,0
101,13/11/2009,60,train_Client_104292,11,0
308,19/4/2014,63,train_Client_104293,11,0
104,4/11/2014,69,train_Client_104296,11,0
101,13/5/2008,60,train_Client_104297,11,0
310,3/10/2012,62,train_Client_104298,11,0
304,19/4/2012,62,train_Client_104299,11,0
101,19/6/2017,60,train_Client_1043,51,0
311,29/12/2000,63,train_Client_104300,11,0
311,27/9/1990,63,train_Client_104302,11,1
103,9/11/2013,69,train_Client_104303,11,0
301,24/5/1980,62,train_Client_104304,11,0
301,13/11/2007,62,train_Client_104305,11,0
107,22/5/2012,69,train_Client_104306,11,0
104,23/12/2014,69,train_Client_104307,11,0
307,28/4/1987,62,train_Client_10431,11,0
101,22/3/1979,60,train_Client_104310,11,0
107,11/7/2011,69,train_Client_104311,11,0
309,20/8/2011,62,train_Client_104313,11,0
103,9/8/2014,69,train_Client_104314,11,0
101,25/8/1981,60,train_Client_104315,11,0
306,27/2/2017,63,train_Client_104316,11,0
371,5/12/2011,62,train_Client_104318,11,0
101,16/11/2016,60,train_Client_104319,11,0
104,19/11/1999,69,train_Client_104320,11,0
304,21/12/1998,62,train_Client_104321,11,0
105,31/7/2015,69,train_Client_104322,11,0
312,19/12/1983,63,train_Client_104323,11,0
104,17/4/2015,69,train_Client_104325,11,0
104,17/6/2013,69,train_Client_104326,11,0
101,7/3/2011,63,train_Client_104328,11,0
310,28/4/2003,62,train_Client_104329,11,0
103,30/3/2016,69,train_Client_10433,11,0
306,30/1/2010,63,train_Client_104330,11,0
101,16/4/1977,60,train_Client_104331,11,0
107,5/2/1999,69,train_Client_104334,11,0
103,23/9/2010,69,train_Client_104339,11,1
306,4/1/2016,63,train_Client_104340,11,0
379,7/5/2002,63,train_Client_104341,11,1
107,8/9/2011,69,train_Client_104342,11,0
104,13/6/2007,69,train_Client_104343,11,0
101,30/12/2016,60,train_Client_104344,11,0
312,7/5/2013,63,train_Client_104345,11,0
302,6/9/2004,62,train_Client_104347,11,0
371,21/11/1990,62,train_Client_104349,11,0
311,3/12/1996,63,train_Client_10435,11,0
311,12/12/2011,63,train_Client_104350,11,0
103,16/12/2010,69,train_Client_104351,11,0
101,15/12/2000,60,train_Client_104352,11,0
101,29/7/1991,60,train_Client_104353,11,0
311,23/10/2012,63,train_Client_104354,11,0
101,30/5/1984,60,train_Client_104355,11,0
104,6/8/1998,69,train_Client_104356,11,0
305,29/11/2010,62,train_Client_104357,11,0
107,18/10/2016,69,train_Client_104358,11,0
101,3/6/2005,60,train_Client_104359,11,0
104,7/7/1999,69,train_Client_104360,11,0
311,6/11/2014,63,train_Client_104361,51,0
304,13/10/1980,62,train_Client_104362,11,0
101,6/3/1998,60,train_Client_104364,11,0
104,14/7/2017,69,train_Client_104366,11,0
104,15/8/1984,69,train_Client_104367,11,0
301,14/2/2011,62,train_Client_10437,11,0
311,30/6/1999,63,train_Client_104370,11,0
104,1/9/2000,69,train_Client_104371,11,0
107,27/11/2010,69,train_Client_104373,11,1
301,30/6/2000,62,train_Client_104374,11,0
303,3/10/1991,62,train_Client_104376,11,0
311,19/12/2002,63,train_Client_104378,11,0
312,12/9/1994,63,train_Client_10438,11,0
103,28/1/2014,69,train_Client_104380,11,0
107,3/10/1983,69,train_Client_104382,11,0
311,30/4/1992,63,train_Client_104383,11,0
312,30/11/1994,63,train_Client_104384,11,0
372,12/9/1994,63,train_Client_104385,11,0
309,5/9/1988,62,train_Client_104386,11,0
101,19/4/1994,60,train_Client_104387,11,0
301,13/4/2001,62,train_Client_104388,11,0
103,16/9/2003,69,train_Client_104389,11,0
101,21/8/2007,60,train_Client_10439,11,0
309,18/11/2011,62,train_Client_104393,11,0
101,22/11/2004,60,train_Client_104397,11,0
303,14/10/1981,62,train_Client_104398,11,0
306,6/9/2018,63,train_Client_104399,11,0
311,28/1/2010,63,train_Client_1044,11,0
101,3/2/2012,60,train_Client_10440,11,1
310,6/6/2018,62,train_Client_104400,11,0
311,17/6/2010,63,train_Client_104401,11,0
107,21/11/2005,69,train_Client_104402,11,0
311,3/4/2012,63,train_Client_104404,11,0
304,2/10/2018,62,train_Client_104405,11,0
104,16/2/1996,69,train_Client_104406,11,0
307,17/12/2007,62,train_Client_104407,11,0
101,6/6/2012,60,train_Client_104408,11,0
311,27/8/1996,63,train_Client_104409,11,0
311,26/12/1995,63,train_Client_104411,11,0
310,13/1/2015,62,train_Client_104414,11,0
104,4/5/1988,69,train_Client_104415,11,1
101,17/3/1979,60,train_Client_104417,11,0
309,25/12/2007,62,train_Client_104418,11,0
311,2/5/2000,63,train_Client_104419,11,0
103,3/1/2012,69,train_Client_10442,51,0
311,10/1/2013,63,train_Client_104420,11,0
304,6/10/1989,62,train_Client_104421,11,0
107,6/11/2017,69,train_Client_104422,11,0
310,24/11/1997,62,train_Client_104424,11,0
311,24/4/2018,63,train_Client_104427,11,0
105,3/10/1979,69,train_Client_104429,11,0
312,28/12/2011,63,train_Client_10443,11,0
101,3/6/2005,60,train_Client_104431,11,0
101,29/1/2007,60,train_Client_104432,11,0
313,11/11/2009,63,train_Client_104434,11,0
101,11/10/1995,60,train_Client_104436,11,0
311,20/9/2012,63,train_Client_104437,11,0
311,10/9/2013,63,train_Client_104438,11,1
104,22/11/2013,69,train_Client_10444,11,0
103,9/5/2014,69,train_Client_104440,11,0
313,31/10/2016,63,train_Client_104441,11,0
307,31/12/1996,62,train_Client_104442,11,0
101,15/8/2018,60,train_Client_104443,11,0
101,16/11/2009,60,train_Client_104445,11,1
101,27/4/2001,60,train_Client_104446,11,0
101,29/2/1988,60,train_Client_104449,11,0
302,25/10/1999,62,train_Client_104450,11,0
103,12/1/2010,69,train_Client_104452,11,0
101,8/7/2014,60,train_Client_104453,11,0
301,16/4/2012,62,train_Client_104455,11,0
313,23/11/2013,63,train_Client_104456,11,0
303,10/3/2017,62,train_Client_104457,11,0
107,23/4/2015,69,train_Client_104458,11,0
301,20/12/1990,62,train_Client_104459,11,0
306,17/10/2014,63,train_Client_10446,11,0
312,6/3/2012,63,train_Client_104460,11,0
101,16/11/1992,60,train_Client_104461,11,0
303,15/3/1993,62,train_Client_104462,11,0
104,7/7/1999,69,train_Client_104464,11,0
306,23/6/2006,63,train_Client_104465,11,0
101,25/9/2006,60,train_Client_104466,11,0
101,14/12/2012,60,train_Client_104468,11,0
311,30/11/2005,63,train_Client_10447,11,0
104,10/12/2016,69,train_Client_104470,11,0
107,20/11/2015,69,train_Client_104472,11,0
303,8/9/2008,62,train_Client_104473,11,0
103,16/12/2015,69,train_Client_104474,11,0
103,4/12/2012,69,train_Client_104475,11,0
106,21/5/2012,69,train_Client_104476,11,1
301,27/10/2000,62,train_Client_104478,11,0
302,19/12/1996,62,train_Client_104479,11,0
372,22/11/2010,63,train_Client_10448,11,0
379,20/4/2009,63,train_Client_104480,11,0
101,15/2/2010,60,train_Client_104482,11,0
101,18/10/2004,60,train_Client_104484,11,0
107,1/6/2011,69,train_Client_104485,11,0
101,13/3/2006,60,train_Client_104487,11,0
306,31/7/2001,63,train_Client_10449,11,0
311,30/10/2009,63,train_Client_104490,11,0
303,5/7/2010,62,train_Client_104492,11,0
104,12/8/2016,69,train_Client_104493,11,0
302,26/11/2012,62,train_Client_104494,11,0
312,28/10/1983,63,train_Client_104495,11,0
304,26/8/2008,62,train_Client_104498,11,0
104,21/6/1994,69,train_Client_10450,11,0
103,28/11/2011,69,train_Client_104500,11,0
303,22/6/2013,62,train_Client_104501,11,0
104,22/12/2008,69,train_Client_104502,11,0
313,20/12/1983,63,train_Client_104503,11,0
312,30/1/2004,63,train_Client_104504,11,0
101,17/5/2012,60,train_Client_104506,11,0
302,27/12/2011,62,train_Client_104507,11,0
303,5/11/2007,62,train_Client_104508,11,0
101,31/12/1994,63,train_Client_10451,11,0
311,19/6/2017,63,train_Client_104510,11,0
101,31/8/2013,60,train_Client_104512,11,0
101,27/10/2014,60,train_Client_104514,11,0
101,30/1/1985,60,train_Client_104515,11,0
107,8/1/2010,69,train_Client_104516,11,1
103,20/10/2011,69,train_Client_104517,11,0
310,14/10/2002,62,train_Client_104518,11,1
104,18/6/2007,69,train_Client_104520,11,0
301,10/12/2013,62,train_Client_104521,11,0
303,6/11/2017,62,train_Client_104522,11,0
101,29/1/2015,60,train_Client_104523,11,0
107,4/7/2013,69,train_Client_104524,51,0
311,19/10/2017,63,train_Client_104525,11,0
107,13/2/2010,69,train_Client_104527,11,0
101,25/9/1997,60,train_Client_104528,11,0
301,31/10/1984,62,train_Client_104529,11,0
101,4/7/2012,60,train_Client_104530,11,0
103,26/12/2002,69,train_Client_104531,11,0
309,19/11/2012,62,train_Client_104532,11,0
101,19/2/2014,60,train_Client_104536,11,0
301,13/10/2016,62,train_Client_104538,11,0
307,23/1/2014,62,train_Client_104539,11,0
107,19/4/2014,69,train_Client_10454,11,0
310,23/6/1993,62,train_Client_104540,11,0
105,22/12/2016,69,train_Client_104542,11,0
372,21/5/2002,63,train_Client_104543,51,0
101,6/1/2010,60,train_Client_104545,11,0
105,18/10/1995,69,train_Client_104546,11,0
107,14/6/2013,69,train_Client_104547,11,0
303,2/6/2005,62,train_Client_104548,11,0
302,23/5/1979,62,train_Client_104549,11,0
301,4/11/2010,62,train_Client_104550,11,0
101,31/5/2011,60,train_Client_104551,11,0
101,20/4/1999,60,train_Client_104554,11,0
301,3/12/2012,62,train_Client_104557,11,0
103,25/4/2011,69,train_Client_104559,11,0
399,25/5/2007,63,train_Client_104561,11,0
104,24/9/1986,69,train_Client_104562,11,0
101,15/12/1983,60,train_Client_104563,11,0
311,12/5/2014,63,train_Client_104564,11,0
101,30/12/1987,60,train_Client_104567,11,1
311,29/11/2013,63,train_Client_10457,11,0
101,16/11/1995,60,train_Client_104570,11,0
101,10/12/2014,60,train_Client_104571,11,0
306,25/2/2009,63,train_Client_104573,11,0
301,6/4/1982,62,train_Client_104574,11,0
101,9/12/1983,60,train_Client_104576,11,0
301,27/11/2002,62,train_Client_104577,11,0
302,13/5/2002,62,train_Client_104578,11,0
311,21/11/1985,63,train_Client_104579,11,0
103,4/12/2013,69,train_Client_10458,11,0
309,7/4/2011,62,train_Client_104580,11,0
107,19/5/2004,69,train_Client_104581,11,0
302,11/10/1977,62,train_Client_104583,11,0
104,28/2/2007,69,train_Client_104585,11,0
101,29/2/1988,60,train_Client_104586,11,0
107,25/6/2016,69,train_Client_104587,11,0
312,7/10/1998,63,train_Client_104589,11,0
101,29/10/2013,60,train_Client_10459,11,0
101,19/6/1980,60,train_Client_104590,11,0
101,4/12/1984,60,train_Client_104591,11,0
103,3/11/2007,69,train_Client_104592,11,1
311,5/2/2004,63,train_Client_104593,11,0
104,22/12/2008,69,train_Client_104594,51,0
104,25/12/2009,69,train_Client_104596,11,0
311,8/4/1987,63,train_Client_104597,11,0
101,24/12/2001,60,train_Client_104598,11,0
103,5/12/2014,69,train_Client_104599,11,1
301,19/2/2007,62,train_Client_1046,11,0
104,6/5/1992,69,train_Client_10460,11,0
301,1/12/2006,62,train_Client_104600,11,0
303,20/2/2008,62,train_Client_104601,11,0
309,28/6/2002,62,train_Client_104602,11,0
302,8/6/1994,62,train_Client_104604,11,0
107,13/10/1997,69,train_Client_104605,11,0
101,13/12/2007,60,train_Client_104606,11,0
302,28/2/2005,62,train_Client_104607,11,0
303,10/3/1989,62,train_Client_104609,11,0
101,3/9/2013,60,train_Client_104610,11,0
311,7/11/1985,63,train_Client_104611,11,0
101,14/5/1984,60,train_Client_104613,11,0
103,2/2/1978,69,train_Client_104614,11,1
307,19/6/2000,62,train_Client_104616,11,0
301,17/4/2008,62,train_Client_104617,11,0
371,8/7/2014,62,train_Client_104618,11,0
101,23/12/1987,60,train_Client_104619,11,0
103,6/4/2018,69,train_Client_10462,11,0
104,24/11/2015,69,train_Client_104620,11,0
101,8/9/1988,60,train_Client_104622,11,0
103,4/12/1997,69,train_Client_104623,11,0
107,10/10/2000,69,train_Client_104625,11,0
101,11/10/2006,60,train_Client_104626,11,0
302,7/6/1978,62,train_Client_104630,11,0
312,16/12/1997,63,train_Client_104631,11,0
307,24/6/2014,62,train_Client_104632,11,0
101,30/10/1985,60,train_Client_104634,11,0
105,31/10/1995,69,train_Client_104637,11,0
301,16/10/1998,62,train_Client_104638,11,0
303,8/12/1986,62,train_Client_104639,11,0
104,10/6/2008,69,train_Client_104640,11,0
104,20/9/2008,69,train_Client_104641,11,1
311,14/10/1996,63,train_Client_104642,11,0
101,22/10/1977,60,train_Client_104643,11,0
306,20/11/2017,63,train_Client_104646,11,0
101,8/12/1987,60,train_Client_104647,11,0
302,30/10/2000,62,train_Client_104649,11,0
107,7/5/1993,69,train_Client_10465,11,0
302,4/6/2015,62,train_Client_104650,11,0
371,20/9/2017,62,train_Client_104651,11,0
307,19/12/2016,62,train_Client_104652,11,0
302,12/6/2010,62,train_Client_104653,11,1
101,2/4/1999,60,train_Client_104656,11,0
101,7/5/1999,60,train_Client_104658,12,0
306,9/10/1987,63,train_Client_104659,11,0
301,24/12/1982,62,train_Client_10466,11,0
101,3/5/2012,60,train_Client_104661,11,0
103,22/4/2016,69,train_Client_104663,11,0
306,17/10/2014,63,train_Client_104664,11,0
101,5/11/2002,60,train_Client_104666,11,0
304,20/4/2017,62,train_Client_104667,11,0
101,29/1/1979,60,train_Client_104668,11,0
103,29/5/2012,69,train_Client_104669,11,0
104,4/9/1992,69,train_Client_10467,11,0
303,14/6/1977,62,train_Client_104670,11,0
103,19/11/2007,69,train_Client_104674,11,0
101,17/7/1986,60,train_Client_104675,11,0
306,30/12/2012,63,train_Client_104678,11,0
301,28/10/2008,62,train_Client_104679,11,0
103,20/1/2014,69,train_Client_104680,11,1
301,31/3/2005,62,train_Client_104681,11,0
101,23/4/1981,60,train_Client_104682,11,0
107,13/3/2009,69,train_Client_104684,11,0
311,10/12/2011,63,train_Client_104685,11,0
107,29/1/2007,69,train_Client_104686,11,0
311,13/7/2000,63,train_Client_104687,11,0
307,28/2/1984,62,train_Client_104689,11,0
372,26/5/2005,63,train_Client_10469,11,0
107,21/12/2017,69,train_Client_104692,11,0
104,14/8/2009,69,train_Client_104693,11,0
311,10/12/2013,63,train_Client_104694,11,0
101,24/12/1985,60,train_Client_104695,11,0
101,16/10/1997,60,train_Client_104696,11,0
101,15/9/1983,60,train_Client_104699,11,0
306,11/6/1979,63,train_Client_104700,11,0
311,25/10/2012,63,train_Client_104702,11,0
101,14/2/2012,60,train_Client_104704,11,0
303,19/12/1989,62,train_Client_104706,11,0
307,25/3/1985,62,train_Client_104707,11,1
104,23/10/1995,69,train_Client_104708,11,0
101,26/1/2012,60,train_Client_10471,11,0
371,11/4/2018,62,train_Client_104711,11,0
104,31/5/1991,69,train_Client_104712,11,0
301,5/7/1996,62,train_Client_104714,11,0
311,10/5/1991,63,train_Client_104715,11,0
107,25/1/2010,69,train_Client_104716,11,0
107,19/2/2010,69,train_Client_104717,11,0
307,4/7/2001,62,train_Client_104718,11,0
304,4/8/2007,62,train_Client_104720,11,0
379,28/11/2003,63,train_Client_104721,11,0
107,15/5/2013,69,train_Client_104722,11,0
101,16/12/1994,60,train_Client_104724,11,0
101,6/3/2006,60,train_Client_104726,11,0
301,3/12/2012,62,train_Client_10473,11,0
306,17/9/2013,63,train_Client_104730,11,0
306,2/7/2012,63,train_Client_104731,11,0
312,23/10/2012,63,train_Client_104733,11,0
311,28/10/2010,63,train_Client_104737,11,0
371,19/12/2015,62,train_Client_104739,11,0
104,22/10/2004,69,train_Client_10474,11,0
101,22/12/2006,60,train_Client_104740,11,0
101,27/2/2018,60,train_Client_104741,11,0
101,24/12/2016,63,train_Client_104742,11,0
307,21/11/1988,62,train_Client_104743,11,0
107,31/5/2017,69,train_Client_104745,11,0
310,11/9/2015,62,train_Client_104746,11,0
312,22/8/2009,63,train_Client_104747,11,0
101,6/9/1999,60,train_Client_104748,11,0
301,10/2/1986,62,train_Client_10475,11,0
101,5/6/1978,60,train_Client_104751,11,0
311,3/12/2013,63,train_Client_104753,11,0
312,4/2/2016,63,train_Client_104757,11,0
103,1/12/2014,69,train_Client_104758,11,0
101,15/12/2000,60,train_Client_104760,11,0
101,30/11/2000,60,train_Client_104761,11,0
101,25/8/2000,60,train_Client_104762,11,0
311,25/5/2000,63,train_Client_104763,11,0
303,23/1/2012,62,train_Client_104764,11,0
101,13/5/2010,60,train_Client_104765,11,0
101,26/11/2007,60,train_Client_104766,11,0
101,20/9/1994,60,train_Client_104767,11,0
310,23/2/2010,62,train_Client_104768,11,0
305,30/8/1982,62,train_Client_10477,11,0
101,4/4/2016,60,train_Client_104770,11,0
101,27/12/2009,60,train_Client_104773,11,0
305,4/11/2014,62,train_Client_104774,11,0
311,10/8/2009,63,train_Client_104775,11,0
311,25/9/2017,63,train_Client_104776,11,0
311,21/10/2010,63,train_Client_104777,11,0
311,5/3/2013,63,train_Client_104779,11,0
101,17/4/1982,60,train_Client_104781,11,0
303,13/4/2012,62,train_Client_104782,11,0
301,21/2/1985,62,train_Client_104784,11,0
304,21/7/1980,62,train_Client_104785,11,0
312,20/9/1990,63,train_Client_104786,11,0
101,9/7/1999,60,train_Client_104787,11,0
310,8/11/1995,62,train_Client_104788,12,0
107,27/3/2008,69,train_Client_104789,11,0
313,4/12/1987,63,train_Client_10479,11,1
303,6/10/2014,62,train_Client_104790,11,0
101,13/3/2013,60,train_Client_104791,11,0
101,7/10/2013,60,train_Client_104792,11,0
107,29/1/1996,69,train_Client_104793,11,0
302,19/6/2018,62,train_Client_104794,11,0
303,26/7/1988,62,train_Client_104796,11,0
101,12/11/1984,60,train_Client_104797,11,0
310,9/2/1987,62,train_Client_104798,11,0
105,23/8/2002,69,train_Client_1048,11,0
101,30/12/1985,60,train_Client_10480,12,0
313,20/11/1997,63,train_Client_104801,11,0
101,30/12/2002,60,train_Client_104803,11,0
103,16/4/2014,69,train_Client_104805,11,0
103,12/5/2015,69,train_Client_104807,11,0
101,24/3/2008,60,train_Client_104809,11,0
103,14/12/2015,69,train_Client_104811,11,0
302,13/1/2015,62,train_Client_104812,11,0
101,25/3/2015,60,train_Client_104814,11,0
310,23/7/1987,62,train_Client_104816,11,0
101,10/12/2003,60,train_Client_104817,11,0
107,23/5/2012,69,train_Client_104818,11,0
372,2/10/1995,63,train_Client_104819,11,0
301,6/12/2013,62,train_Client_10482,11,0
103,21/1/2011,69,train_Client_104820,11,0
101,25/5/2007,60,train_Client_104822,11,0
302,16/8/2018,62,train_Client_104823,11,0
101,6/10/2011,63,train_Client_104824,11,0
301,26/10/1993,62,train_Client_104825,11,0
101,11/10/1996,60,train_Client_104828,11,0
103,25/9/2013,69,train_Client_104829,11,1
101,6/12/2007,60,train_Client_10483,11,0
307,4/12/2006,62,train_Client_104830,11,0
311,30/6/1997,63,train_Client_104834,11,0
107,21/6/2004,69,train_Client_104835,11,1
107,19/12/2012,69,train_Client_104838,11,0
303,1/12/2015,62,train_Client_104839,11,0
104,26/8/1996,69,train_Client_10484,11,0
301,15/12/2000,62,train_Client_104841,11,0
101,27/1/2010,60,train_Client_104842,11,0
104,22/2/2013,69,train_Client_104843,11,0
303,10/1/2008,62,train_Client_104844,11,0
301,29/11/1983,62,train_Client_104845,11,0
101,7/3/2008,60,train_Client_104846,11,0
107,20/6/1994,69,train_Client_104847,11,0
101,19/3/1991,60,train_Client_104848,11,0
107,8/6/2007,69,train_Client_104849,11,0
101,24/6/2014,60,train_Client_10485,11,0
101,16/11/1995,60,train_Client_104852,11,0
303,20/9/1989,62,train_Client_104854,11,0
311,26/9/2006,63,train_Client_104855,11,0
105,17/12/1987,69,train_Client_104856,11,0
104,13/4/1988,69,train_Client_104858,12,0
303,24/12/2002,62,train_Client_104859,11,0
107,20/6/1994,69,train_Client_10486,11,0
101,2/7/2012,60,train_Client_104860,11,0
101,8/9/2003,60,train_Client_104861,11,0
101,11/1/2008,60,train_Client_104862,11,0
310,26/1/2010,62,train_Client_104863,11,0
107,6/11/2017,69,train_Client_104865,11,0
101,29/12/2012,60,train_Client_104867,11,0
101,24/6/2016,60,train_Client_104868,11,0
305,2/5/1984,62,train_Client_104869,11,0
311,12/12/2017,63,train_Client_104871,11,0
104,26/8/1996,69,train_Client_104872,11,0
101,23/2/2015,60,train_Client_104873,11,0
301,16/1/2008,62,train_Client_104874,11,0
105,11/7/2008,69,train_Client_104875,11,0
312,28/12/1986,63,train_Client_104876,11,0
103,18/6/2014,69,train_Client_104877,11,0
107,20/12/1994,69,train_Client_104878,11,0
302,9/10/2014,62,train_Client_104879,11,0
301,7/11/1980,62,train_Client_10488,11,0
310,13/3/2014,62,train_Client_104881,11,0
101,5/11/2009,60,train_Client_104883,11,0
101,1/2/2007,60,train_Client_104884,11,0
372,8/10/2015,63,train_Client_104885,11,0
101,24/2/2018,60,train_Client_104886,11,0
107,7/10/2004,69,train_Client_104887,11,0
305,16/5/1984,62,train_Client_104889,11,0
103,25/8/2015,69,train_Client_10489,11,0
371,19/9/2012,62,train_Client_104891,11,0
104,22/4/2011,69,train_Client_104893,11,0
104,1/8/2015,69,train_Client_104895,11,0
301,31/10/1984,62,train_Client_104896,11,0
311,27/2/2017,63,train_Client_104897,11,0
301,20/6/2014,62,train_Client_104898,11,0
101,27/5/2003,60,train_Client_1049,11,0
104,31/12/1982,69,train_Client_104900,11,0
306,20/4/1992,63,train_Client_104901,11,0
101,24/3/2010,60,train_Client_104902,11,0
101,16/8/2017,60,train_Client_104904,11,0
305,27/7/2005,62,train_Client_104905,11,0
103,24/6/2005,69,train_Client_104906,11,0
107,27/4/2009,69,train_Client_104907,11,0
101,30/5/2005,60,train_Client_104908,11,1
101,19/1/2018,60,train_Client_104910,12,0
371,31/5/2010,62,train_Client_104911,11,0
309,29/8/2016,62,train_Client_104913,11,0
306,12/9/2013,63,train_Client_104914,11,0
311,4/12/2013,63,train_Client_104916,11,0
101,17/4/2012,63,train_Client_104918,11,0
101,9/7/1999,60,train_Client_10492,11,0
101,9/7/2009,60,train_Client_104920,11,0
309,27/11/2014,62,train_Client_104921,11,0
101,27/9/2005,60,train_Client_104922,11,0
101,19/9/2011,60,train_Client_104924,11,0
303,20/11/2015,62,train_Client_104925,11,0
310,27/8/2018,62,train_Client_104928,11,0
312,15/6/2015,63,train_Client_104929,11,0
309,22/6/1983,62,train_Client_10493,11,0
101,15/6/1989,60,train_Client_104930,11,0
301,14/2/1983,62,train_Client_104931,11,1
307,13/3/2001,62,train_Client_104935,11,0
301,15/12/1993,62,train_Client_104936,11,0
310,22/4/2015,62,train_Client_104937,11,0
311,29/9/2000,63,train_Client_104939,11,0
103,31/12/1982,69,train_Client_10494,11,0
107,8/12/2011,69,train_Client_104940,11,0
311,30/8/2018,63,train_Client_104942,11,0
101,23/2/2017,60,train_Client_104944,11,0
301,8/11/1995,62,train_Client_104946,11,0
101,28/8/1990,60,train_Client_104947,11,0
303,22/3/1979,62,train_Client_104948,11,0
101,22/12/2006,60,train_Client_104949,11,0
101,22/9/2014,63,train_Client_10495,11,0
302,9/10/2000,62,train_Client_104951,11,0
307,27/5/2016,62,train_Client_104952,11,0
101,25/11/2013,60,train_Client_104954,11,0
303,17/11/2014,62,train_Client_104957,11,0
307,30/12/1995,62,train_Client_104958,11,0
103,7/7/2015,69,train_Client_104959,11,0
311,16/5/2013,63,train_Client_104960,11,1
101,6/11/1986,60,train_Client_104961,11,0
311,31/12/1998,63,train_Client_104962,11,0
101,6/9/2014,60,train_Client_104964,11,0
101,4/12/1996,60,train_Client_104966,11,0
101,11/4/2012,60,train_Client_104967,11,0
101,29/9/1998,60,train_Client_104968,11,0
311,21/10/2015,63,train_Client_104969,11,0
101,11/1/2016,60,train_Client_104972,11,0
309,8/10/2011,62,train_Client_104975,11,0
371,22/9/2009,62,train_Client_104977,11,0
313,17/10/2009,63,train_Client_104978,11,0
302,13/1/2015,62,train_Client_104979,11,0
104,16/3/2012,69,train_Client_10498,11,0
307,29/1/2018,62,train_Client_104980,11,0
101,21/11/2008,63,train_Client_104981,11,0
309,1/7/2010,62,train_Client_104982,11,0
107,24/7/2006,69,train_Client_104984,11,0
101,29/10/2010,60,train_Client_104985,11,0
101,29/12/1998,60,train_Client_104986,11,0
104,25/4/2001,69,train_Client_104987,11,0
310,23/3/2000,62,train_Client_104988,11,0
104,4/11/2008,69,train_Client_104989,11,0
107,25/4/2011,69,train_Client_10499,11,0
107,12/12/2011,69,train_Client_104991,11,0
107,5/10/2017,69,train_Client_104992,11,0
302,22/11/2012,62,train_Client_104993,11,0
310,5/2/1987,62,train_Client_104994,11,0
311,21/11/1985,63,train_Client_104995,11,0
309,7/10/2008,62,train_Client_104996,11,0
103,29/12/1993,69,train_Client_104997,11,0
101,3/4/2002,60,train_Client_104998,11,0
101,17/9/2012,63,train_Client_104999,11,0
101,14/10/2011,60,train_Client_105,11,0
310,6/6/1983,62,train_Client_1050,11,0
301,24/12/1982,62,train_Client_10500,11,0
101,30/4/2008,60,train_Client_105003,11,0
101,20/2/2002,60,train_Client_105006,11,0
104,13/9/1994,69,train_Client_105007,11,0
101,20/11/1996,60,train_Client_10501,11,0
101,9/10/2014,60,train_Client_105010,11,0
311,28/10/1993,63,train_Client_105011,11,0
311,19/8/2017,63,train_Client_105013,11,0
311,30/11/1994,63,train_Client_105014,11,0
310,25/4/1997,62,train_Client_105016,11,0
311,9/3/2011,63,train_Client_105017,11,0
310,26/9/2005,62,train_Client_105018,11,0
310,24/12/2014,62,train_Client_105019,11,0
103,22/5/2017,69,train_Client_10502,11,0
101,12/9/1996,63,train_Client_105021,12,0
372,11/7/1986,63,train_Client_105022,11,0
101,21/5/1979,60,train_Client_105023,11,0
304,11/3/2013,62,train_Client_105024,11,0
301,18/11/2009,62,train_Client_105027,11,0
311,20/4/1992,63,train_Client_105028,11,0
104,30/12/2016,69,train_Client_105029,11,0
101,18/3/1992,60,train_Client_105032,11,0
310,7/9/2011,62,train_Client_105033,11,0
107,30/4/2001,69,train_Client_105036,11,1
312,11/4/2013,63,train_Client_10504,11,0
310,31/12/1981,62,train_Client_105040,11,0
304,27/10/1988,62,train_Client_105041,11,1
310,23/12/2013,62,train_Client_105042,11,0
101,20/9/2011,60,train_Client_105043,11,0
101,30/12/2009,60,train_Client_105044,11,0
302,8/11/2006,62,train_Client_105046,11,0
104,28/4/2011,69,train_Client_105047,11,0
301,30/3/1984,62,train_Client_105049,11,0
104,19/11/2013,69,train_Client_10505,11,0
312,19/10/1983,63,train_Client_105050,11,0
311,8/11/2007,63,train_Client_105051,11,0
310,21/4/2015,62,train_Client_105052,11,0
311,21/12/1994,63,train_Client_105053,11,0
101,8/10/2004,60,train_Client_105054,11,0
101,5/10/2009,60,train_Client_105055,11,0
306,30/8/2002,63,train_Client_105056,11,0
311,6/8/2009,63,train_Client_105057,11,0
104,9/12/1983,69,train_Client_105058,11,0
304,16/7/2009,62,train_Client_105059,11,0
101,23/12/2008,60,train_Client_10506,11,0
310,30/12/2002,62,train_Client_105060,11,0
307,16/3/2004,62,train_Client_105061,11,0
101,30/10/2001,60,train_Client_105063,11,0
107,21/8/2013,69,train_Client_105064,11,0
101,29/7/1991,60,train_Client_105065,11,0
104,30/11/2011,69,train_Client_105067,11,0
301,21/8/1989,62,train_Client_105068,11,1
301,13/7/2011,62,train_Client_105070,11,0
103,6/9/2010,69,train_Client_105071,11,0
311,7/10/1998,63,train_Client_105072,11,0
104,22/7/2011,69,train_Client_105073,11,1
107,21/10/1994,69,train_Client_105075,11,0
107,27/12/2002,69,train_Client_105077,11,0
305,7/9/2010,62,train_Client_105080,12,0
304,30/10/2009,62,train_Client_105081,11,0
311,27/4/2010,63,train_Client_105083,11,1
103,4/1/2010,69,train_Client_105084,11,0
103,4/12/2014,69,train_Client_105085,11,1
311,18/6/1985,63,train_Client_105087,11,0
107,22/12/1997,69,train_Client_105088,11,1
107,8/1/2010,69,train_Client_105089,11,1
104,23/12/2011,69,train_Client_105090,11,0
101,7/5/2009,60,train_Client_105091,11,0
371,24/5/1999,62,train_Client_105093,11,0
311,3/12/1996,63,train_Client_105095,11,0
306,27/3/2003,63,train_Client_105096,11,0
101,10/2/2010,60,train_Client_105097,11,0
306,18/10/2014,63,train_Client_105099,11,0
101,3/12/2004,60,train_Client_1051,11,0
309,14/12/2011,62,train_Client_10510,11,0
107,11/11/2008,69,train_Client_105100,11,0
107,21/5/1993,69,train_Client_105102,11,1
104,3/11/2009,69,train_Client_105103,11,0
103,13/12/2011,69,train_Client_105105,11,0
302,25/12/1978,62,train_Client_105106,11,0
304,24/1/2006,62,train_Client_105107,11,0
371,24/5/1983,62,train_Client_105108,11,0
101,3/2/2015,60,train_Client_105109,11,0
302,28/11/2015,62,train_Client_105110,11,0
206,21/10/2011,69,train_Client_105111,11,0
103,9/11/2010,69,train_Client_105112,11,1
311,10/2/2010,63,train_Client_105113,11,0
303,16/5/1984,62,train_Client_105114,11,0
302,21/7/1980,62,train_Client_105116,11,0
303,18/12/1990,62,train_Client_105117,12,0
313,18/3/2010,63,train_Client_105119,11,0
104,5/9/2009,69,train_Client_105120,11,0
311,8/10/2015,63,train_Client_105121,11,0
371,20/9/1989,62,train_Client_105122,11,0
101,24/6/2014,60,train_Client_105123,11,0
101,30/11/1984,60,train_Client_105124,11,0
101,6/4/1993,60,train_Client_105125,11,0
312,28/9/2005,63,train_Client_105126,11,0
107,11/12/2007,69,train_Client_105127,11,0
104,27/11/2012,69,train_Client_105128,11,0
101,24/12/2001,63,train_Client_105129,11,0
312,30/9/2010,63,train_Client_105131,11,0
301,29/12/2017,62,train_Client_105132,11,0
104,6/10/2004,69,train_Client_105133,11,0
312,27/5/2016,63,train_Client_105134,11,0
303,18/1/2014,62,train_Client_105136,11,0
101,24/3/1995,60,train_Client_105137,11,1
306,20/2/2018,63,train_Client_10514,11,0
103,17/12/2016,69,train_Client_105140,11,0
104,18/8/2008,69,train_Client_105144,11,0
309,30/12/2002,62,train_Client_105145,11,0
372,15/11/1991,63,train_Client_105146,11,0
101,6/11/2007,60,train_Client_105147,11,0
312,22/11/2000,63,train_Client_105148,11,0
101,6/12/1977,60,train_Client_105149,11,0
105,11/6/2008,69,train_Client_10515,11,0
302,28/3/2003,62,train_Client_105150,11,0
311,27/11/1992,63,train_Client_105151,11,1
101,24/6/2008,60,train_Client_105153,11,0
101,21/9/2015,60,train_Client_105155,11,0
101,31/10/1977,60,train_Client_105156,11,0
309,18/11/1983,62,train_Client_105157,11,0
303,31/12/1984,62,train_Client_105159,11,0
101,17/5/2012,60,train_Client_105160,11,0
301,27/8/2016,62,train_Client_105162,11,0
101,29/12/2012,60,train_Client_105164,11,0
101,26/12/2009,60,train_Client_105171,11,1
306,16/3/1988,63,train_Client_105172,11,0
305,21/2/2007,62,train_Client_105173,11,0
306,11/2/2015,63,train_Client_105174,11,0
107,15/1/2015,69,train_Client_105175,11,0
311,27/9/2001,63,train_Client_105178,11,0
101,2/11/2017,60,train_Client_105179,11,0
302,17/9/2002,62,train_Client_10518,11,0
101,12/6/2018,60,train_Client_105180,11,0
311,31/3/2004,63,train_Client_105184,11,0
309,14/5/2007,62,train_Client_105186,11,0
306,27/12/2012,63,train_Client_105187,11,0
101,10/11/1987,60,train_Client_105188,11,0
101,19/2/2015,63,train_Client_105189,11,0
301,24/11/1992,62,train_Client_10519,11,0
107,9/12/2011,69,train_Client_105190,11,0
101,29/11/1977,60,train_Client_105191,11,1
104,31/12/1982,69,train_Client_105192,11,0
302,29/3/2014,62,train_Client_105193,11,0
302,24/12/2007,62,train_Client_105195,11,0
101,27/8/2009,60,train_Client_105196,11,0
304,16/5/1984,62,train_Client_105197,11,0
371,20/11/2006,62,train_Client_105199,11,0
103,5/6/2010,69,train_Client_10520,11,0
107,1/12/1989,69,train_Client_105201,11,0
107,6/5/2011,69,train_Client_105202,11,0
302,17/5/2010,62,train_Client_105204,11,0
101,8/10/2004,60,train_Client_105205,11,1
303,9/6/2000,62,train_Client_105206,11,0
371,26/10/2006,62,train_Client_105207,11,0
301,18/7/2016,62,train_Client_105208,11,0
305,5/7/2010,62,train_Client_105209,11,0
101,24/5/2011,60,train_Client_10521,11,0
104,13/1/2009,69,train_Client_105211,11,0
301,25/2/2013,62,train_Client_105212,11,0
310,16/9/2003,62,train_Client_105216,11,0
107,18/3/2016,69,train_Client_105217,11,0
101,20/10/2007,60,train_Client_10522,11,0
104,15/6/2016,69,train_Client_105220,11,0
101,4/10/1996,60,train_Client_105221,11,0
107,20/12/2012,69,train_Client_105223,11,0
101,29/1/1979,60,train_Client_105224,11,0
104,28/10/1992,69,train_Client_105226,12,1
104,25/1/2017,69,train_Client_10523,11,0
301,7/9/1994,62,train_Client_105230,11,0
307,22/6/1983,62,train_Client_105232,11,0
301,29/10/2002,62,train_Client_105233,11,0
107,23/8/1980,69,train_Client_105234,11,0
107,10/10/2009,69,train_Client_105235,11,0
101,8/10/2015,60,train_Client_105236,11,0
312,3/12/2016,63,train_Client_105237,11,0
101,27/11/1995,60,train_Client_105238,11,0
104,16/11/2015,69,train_Client_105242,11,0
104,30/12/1988,69,train_Client_105245,11,0
307,29/11/2011,62,train_Client_105247,11,0
302,15/3/1993,62,train_Client_105248,11,0
311,12/5/2012,63,train_Client_10525,11,0
104,17/3/2012,69,train_Client_105250,11,0
311,13/2/2014,63,train_Client_105252,11,0
101,28/9/2005,63,train_Client_105253,11,0
301,27/8/2007,62,train_Client_105254,11,1
304,10/9/2012,62,train_Client_105255,11,0
101,19/7/1996,60,train_Client_105257,11,0
302,10/8/2011,62,train_Client_105258,11,0
307,12/4/2005,62,train_Client_10526,11,0
101,14/8/2010,60,train_Client_105262,11,0
303,14/10/2010,62,train_Client_105263,11,0
306,17/11/2016,63,train_Client_105264,11,0
104,30/1/2018,69,train_Client_105267,11,0
101,2/11/2013,60,train_Client_105268,11,0
105,7/7/2011,69,train_Client_10527,11,0
101,3/5/2012,60,train_Client_105270,11,1
101,23/4/2008,60,train_Client_105271,11,0
103,11/8/2010,69,train_Client_105273,11,0
312,20/1/2015,63,train_Client_105275,11,0
101,24/11/2011,60,train_Client_105277,11,0
301,2/6/2016,62,train_Client_10528,11,0
303,9/2/2015,62,train_Client_105281,11,0
311,25/10/2012,63,train_Client_105282,11,0
303,10/1/2011,62,train_Client_105283,11,1
310,4/6/2015,62,train_Client_105284,11,0
312,7/9/1994,63,train_Client_105285,11,0
306,28/5/2010,63,train_Client_105289,11,0
101,16/12/1994,60,train_Client_105290,11,0
301,9/5/2015,62,train_Client_105291,11,0
101,11/5/1977,60,train_Client_105292,11,0
107,16/9/2003,69,train_Client_105293,11,0
311,13/12/1994,63,train_Client_105294,11,0
304,16/5/1984,62,train_Client_105295,11,0
304,8/9/2017,62,train_Client_105299,11,0
301,13/6/1994,62,train_Client_1053,11,0
107,24/10/1978,69,train_Client_10530,11,0
371,26/12/1993,62,train_Client_105300,11,0
104,10/4/2010,69,train_Client_105301,11,0
301,20/11/1989,62,train_Client_105302,11,0
103,24/12/2014,69,train_Client_105303,11,0
303,12/2/2018,62,train_Client_105304,11,0
104,30/10/1986,69,train_Client_105306,11,0
101,6/6/1988,60,train_Client_105308,11,0
101,18/9/1992,60,train_Client_105309,51,0
303,9/6/1987,62,train_Client_10531,11,0
106,27/11/2010,69,train_Client_105310,11,0
104,7/10/2016,69,train_Client_105312,11,0
107,25/5/2013,69,train_Client_105314,11,1
101,12/8/1977,60,train_Client_105317,11,0
311,30/12/2012,63,train_Client_105318,11,0
101,3/5/2001,60,train_Client_105319,11,0
302,10/9/2001,62,train_Client_10532,11,0
101,10/12/2009,60,train_Client_105320,11,0
101,28/12/2005,60,train_Client_105322,11,0
101,1/12/1995,60,train_Client_105323,11,0
301,13/6/1988,62,train_Client_105324,11,0
107,13/9/2008,69,train_Client_105326,11,0
107,13/7/2011,69,train_Client_105328,11,0
104,26/1/1980,69,train_Client_105329,11,0
101,25/12/2000,60,train_Client_10533,11,0
310,16/8/2010,62,train_Client_105331,11,0
312,24/12/2003,63,train_Client_105333,11,0
101,9/12/2003,60,train_Client_105336,11,0
101,24/11/2011,60,train_Client_105338,11,0
101,18/7/2011,60,train_Client_10534,11,0
104,10/4/2018,69,train_Client_105340,12,0
311,16/5/2000,63,train_Client_105341,11,0
307,19/10/2009,62,train_Client_105342,11,0
313,16/10/2009,63,train_Client_105343,11,0
312,14/12/2000,63,train_Client_105344,11,0
303,15/12/2010,62,train_Client_105345,11,0
104,19/10/1982,69,train_Client_105346,11,0
103,22/8/2008,69,train_Client_105347,11,0
101,22/3/1985,60,train_Client_105348,11,0
103,27/10/1997,69,train_Client_105349,11,0
307,19/11/2015,62,train_Client_10535,11,0
311,6/3/2012,63,train_Client_105351,12,0
303,22/3/1979,62,train_Client_105352,11,0
103,20/7/1998,69,train_Client_105354,11,0
306,3/1/1984,63,train_Client_105356,11,0
101,14/5/1979,60,train_Client_105357,11,0
103,3/9/2010,69,train_Client_10536,11,0
304,13/10/1995,62,train_Client_105361,11,0
303,14/6/2007,62,train_Client_105364,11,0
302,8/4/2010,62,train_Client_105366,11,0
101,16/12/2004,60,train_Client_105368,11,0
307,20/10/2003,62,train_Client_105369,11,0
103,23/12/2011,69,train_Client_105370,11,0
101,16/5/2014,60,train_Client_105371,11,0
103,16/12/2015,69,train_Client_105372,11,0
306,10/11/2014,63,train_Client_105375,11,0
304,27/4/1978,62,train_Client_105377,11,0
371,13/9/2006,62,train_Client_105378,11,0
301,15/12/2000,62,train_Client_105380,11,0
301,12/2/2018,62,train_Client_105381,11,0
103,23/11/2012,69,train_Client_105382,11,0
103,4/6/1997,69,train_Client_105384,11,1
312,3/10/2017,63,train_Client_105385,11,0
310,15/9/2018,62,train_Client_105387,11,0
101,7/5/1993,60,train_Client_10539,11,0
107,14/11/2017,69,train_Client_105390,11,0
309,30/4/1985,62,train_Client_105391,11,0
104,30/4/2014,69,train_Client_105392,11,0
101,19/12/2006,60,train_Client_105393,11,0
101,6/5/1986,60,train_Client_105394,11,0
107,12/5/2015,69,train_Client_105395,11,0
311,21/10/2015,63,train_Client_105396,11,0
101,23/3/2010,60,train_Client_105399,11,0
312,18/8/2016,63,train_Client_10540,11,0
104,23/2/2001,69,train_Client_105401,11,0
311,10/6/2017,63,train_Client_105403,11,0
103,22/11/1999,69,train_Client_105404,11,0
313,6/3/2018,63,train_Client_105409,11,0
101,1/2/2000,60,train_Client_10541,11,0
310,29/12/2012,62,train_Client_105410,11,0
104,22/7/1985,69,train_Client_105413,11,0
107,15/5/1996,69,train_Client_105414,11,0
101,7/7/1997,60,train_Client_105415,11,0
301,19/11/1991,62,train_Client_105418,11,0
303,3/4/2012,62,train_Client_105419,11,0
311,20/5/2017,63,train_Client_10542,11,0
104,6/9/2017,69,train_Client_105420,11,0
107,4/3/2008,69,train_Client_105421,11,0
103,5/6/2010,69,train_Client_105423,11,0
305,7/2/2002,62,train_Client_105425,11,0
101,3/4/2014,60,train_Client_105427,11,0
303,30/5/1978,62,train_Client_105428,11,0
101,17/9/2015,60,train_Client_105429,11,0
206,20/8/2015,69,train_Client_10543,11,0
302,7/2/2011,62,train_Client_105431,11,0
104,25/4/1988,69,train_Client_105432,11,0
104,22/12/1997,69,train_Client_105433,11,0
104,9/3/2018,69,train_Client_105434,11,0
101,9/12/2015,60,train_Client_105436,11,0
309,14/12/2011,62,train_Client_105438,11,0
101,7/3/2005,60,train_Client_105439,11,0
303,17/6/2015,62,train_Client_10544,11,0
101,23/9/2010,60,train_Client_105442,11,0
107,24/2/2015,69,train_Client_105443,11,0
301,16/4/2018,62,train_Client_105445,11,0
101,3/4/1989,60,train_Client_105448,11,0
104,31/10/1995,69,train_Client_105449,11,0
101,1/7/2013,60,train_Client_105451,11,1
311,14/7/2012,63,train_Client_105452,11,0
309,28/6/2002,62,train_Client_105453,11,0
104,15/9/2016,69,train_Client_105455,11,0
304,7/5/1990,62,train_Client_105456,11,0
310,26/12/1986,62,train_Client_105457,11,0
101,23/1/2004,60,train_Client_105458,11,0
306,29/5/2003,63,train_Client_10546,11,0
372,30/9/2010,63,train_Client_105461,11,0
310,11/6/2015,62,train_Client_105463,11,0
310,11/4/2017,62,train_Client_105464,11,0
105,7/1/2008,69,train_Client_105465,11,0
104,14/2/1990,69,train_Client_105466,11,0
310,14/12/2017,62,train_Client_105468,11,0
101,18/4/2014,60,train_Client_105469,11,0
310,1/1/1997,62,train_Client_10547,11,0
107,29/12/2012,69,train_Client_105470,11,0
301,25/6/1993,62,train_Client_105471,11,0
304,24/5/1984,62,train_Client_105473,11,0
302,31/12/1993,62,train_Client_105474,11,0
107,3/11/2014,69,train_Client_105476,11,0
101,2/2/2001,60,train_Client_105477,11,0
107,3/8/2015,69,train_Client_105478,11,0
105,26/10/1982,69,train_Client_10548,11,0
301,3/5/2013,62,train_Client_105481,11,0
301,2/5/2017,62,train_Client_105482,11,0
311,5/5/2017,63,train_Client_105483,11,0
301,29/2/2016,62,train_Client_105484,11,0
101,6/9/2012,63,train_Client_105485,11,0
107,30/1/1984,69,train_Client_105486,11,0
107,3/12/2013,69,train_Client_105487,11,0
101,16/8/2006,60,train_Client_105488,11,0
101,8/12/1995,60,train_Client_10549,11,0
301,3/11/2010,62,train_Client_105490,11,0
101,15/7/1980,60,train_Client_105492,11,0
107,19/11/2013,69,train_Client_105493,11,0
313,12/6/1991,63,train_Client_105494,11,0
101,22/3/1980,60,train_Client_105496,11,0
301,15/2/1982,62,train_Client_105497,11,0
311,7/3/2018,63,train_Client_105498,11,0
309,7/12/2012,62,train_Client_105499,11,0
104,17/3/2008,69,train_Client_1055,51,1
311,9/6/1995,63,train_Client_10550,11,0
305,16/7/2015,62,train_Client_105500,11,0
301,9/7/2015,62,train_Client_105502,11,0
107,2/11/2009,69,train_Client_105503,11,0
306,25/5/2012,63,train_Client_105504,11,1
107,25/9/2010,69,train_Client_105506,11,0
103,18/12/2000,69,train_Client_105507,11,0
107,24/12/2004,69,train_Client_105508,11,0
306,28/9/1990,63,train_Client_105509,11,0
312,7/12/2011,63,train_Client_10551,11,0
101,1/12/1993,60,train_Client_105510,11,0
301,14/1/2008,62,train_Client_105511,11,0
101,19/5/2014,60,train_Client_105512,11,0
311,28/2/2012,63,train_Client_105514,11,1
311,31/12/1993,63,train_Client_105515,11,0
305,17/10/2016,62,train_Client_105517,11,0
106,12/11/1979,69,train_Client_105518,11,0
101,22/6/2009,60,train_Client_10552,11,0
304,5/1/1982,62,train_Client_105520,11,0
101,19/12/2014,60,train_Client_105522,11,0
104,15/4/1985,69,train_Client_105523,11,0
107,22/4/2004,69,train_Client_105524,11,0
107,3/7/2012,69,train_Client_105526,11,0
101,22/2/2000,60,train_Client_105527,11,0
101,8/3/2012,60,train_Client_105528,11,0
107,11/5/1984,69,train_Client_10553,11,0
104,8/5/2008,69,train_Client_105530,11,0
107,13/5/2016,69,train_Client_105531,11,0
303,25/9/2002,62,train_Client_105536,11,0
104,31/12/2014,69,train_Client_105538,11,0
101,12/3/2009,60,train_Client_10554,11,0
107,13/12/1985,69,train_Client_105540,11,0
101,28/4/2015,60,train_Client_105541,11,0
303,26/8/2008,62,train_Client_105542,11,0
101,25/1/2008,60,train_Client_105544,11,0
311,1/1/1997,63,train_Client_105545,11,0
371,18/8/1988,62,train_Client_105546,11,0
309,14/2/2013,62,train_Client_105547,11,0
101,28/5/2002,60,train_Client_105548,11,0
101,13/3/1990,60,train_Client_105549,11,0
303,17/3/1981,62,train_Client_10555,11,0
311,25/10/2012,63,train_Client_105552,11,0
101,9/2/1978,60,train_Client_105553,11,0
312,14/8/2007,63,train_Client_105554,11,0
101,15/12/1986,60,train_Client_105556,11,0
312,12/1/2016,63,train_Client_105558,11,0
311,13/1/2015,63,train_Client_105559,11,0
311,16/4/2016,63,train_Client_10556,11,0
301,1/7/2015,62,train_Client_105560,11,0
104,2/3/2018,69,train_Client_105561,11,0
303,28/5/2011,62,train_Client_105562,11,0
307,12/8/1988,62,train_Client_105564,11,0
107,1/10/1984,69,train_Client_105566,11,0
101,29/7/1978,60,train_Client_105568,11,0
306,31/10/2008,63,train_Client_105569,11,0
311,7/12/2016,63,train_Client_10557,11,0
105,28/8/1985,69,train_Client_105570,11,0
302,3/8/2012,62,train_Client_105572,11,1
311,7/10/1998,63,train_Client_105574,11,0
311,18/5/2016,63,train_Client_105575,11,0
303,20/2/2006,62,train_Client_105576,11,0
311,24/5/2010,63,train_Client_105577,11,0
104,3/12/2016,69,train_Client_105578,11,0
303,12/11/1992,62,train_Client_105579,11,0
372,26/9/2009,63,train_Client_10558,11,0
301,30/1/2004,62,train_Client_105581,11,0
101,14/12/1992,60,train_Client_105582,11,0
307,7/9/2015,62,train_Client_105583,11,0
306,15/7/1992,63,train_Client_105585,11,0
312,18/10/1983,63,train_Client_105587,11,0
103,5/4/2007,69,train_Client_105588,11,0
107,4/12/1998,69,train_Client_105589,11,0
306,28/9/2007,63,train_Client_105590,11,0
305,6/1/2012,62,train_Client_105591,11,0
311,6/9/2013,63,train_Client_105592,11,0
312,27/2/2017,63,train_Client_105593,11,0
304,14/12/2016,62,train_Client_105595,11,0
104,15/2/2007,69,train_Client_105596,11,0
301,21/10/2015,62,train_Client_105597,11,0
302,21/5/2010,62,train_Client_105598,11,0
101,12/3/2015,60,train_Client_105599,11,1
104,18/5/2012,69,train_Client_1056,11,0
101,7/4/1987,63,train_Client_10560,11,0
101,15/4/2009,60,train_Client_105600,11,0
307,22/10/1991,62,train_Client_105601,11,0
104,14/10/1980,69,train_Client_105603,11,0
309,1/12/2016,62,train_Client_105604,11,0
301,28/1/1986,62,train_Client_105605,11,0
301,21/5/1986,62,train_Client_105608,11,0
107,9/10/2014,69,train_Client_105609,11,0
311,17/2/2016,63,train_Client_10561,11,0
372,11/5/1999,63,train_Client_105610,11,0
371,20/7/1989,62,train_Client_105612,11,0
311,30/12/2016,63,train_Client_105614,11,1
101,12/6/2007,60,train_Client_105615,11,0
302,18/11/2003,62,train_Client_105616,11,0
107,31/10/2011,69,train_Client_105617,11,0
301,16/10/1998,62,train_Client_105618,11,0
103,26/9/2009,69,train_Client_105619,11,0
312,13/6/2015,63,train_Client_10562,11,0
303,18/11/1981,62,train_Client_105620,11,0
107,10/1/2008,69,train_Client_105621,11,0
103,26/10/2009,69,train_Client_105622,11,0
105,13/9/2008,69,train_Client_105623,11,0
304,28/3/2000,62,train_Client_105624,11,0
101,24/2/2015,60,train_Client_105626,11,0
101,18/9/1985,60,train_Client_105627,11,1
305,30/5/2013,62,train_Client_105630,11,0
312,28/11/2006,63,train_Client_105631,51,0
303,25/4/2012,62,train_Client_105632,11,0
311,14/3/2015,63,train_Client_105633,11,0
103,18/4/2014,69,train_Client_105634,11,0
101,12/6/2001,60,train_Client_105636,11,0
104,28/12/1995,69,train_Client_105638,11,0
101,11/10/1977,60,train_Client_105639,11,0
312,6/12/2010,63,train_Client_10564,11,0
101,6/7/2011,63,train_Client_105640,11,0
104,28/8/2010,69,train_Client_105642,11,0
101,4/7/2015,60,train_Client_105643,11,0
306,13/5/2014,63,train_Client_105645,11,0
107,5/2/1977,69,train_Client_105646,11,0
101,16/5/2008,60,train_Client_105647,11,0
101,6/4/1999,60,train_Client_105648,11,0
304,12/11/1979,62,train_Client_105649,11,0
306,10/4/2014,63,train_Client_10565,11,0
105,20/5/2002,69,train_Client_105650,11,0
304,3/9/2013,62,train_Client_105651,11,0
371,7/6/1977,62,train_Client_105652,11,0
101,4/6/2007,60,train_Client_105653,11,0
101,26/3/2003,60,train_Client_105654,11,0
310,30/6/2003,62,train_Client_105655,11,0
311,8/3/1999,63,train_Client_105656,11,0
303,27/12/2016,62,train_Client_105657,11,0
104,22/10/2007,69,train_Client_105658,11,0
104,31/1/1983,69,train_Client_105664,11,0
104,2/8/1993,69,train_Client_105666,11,0
103,25/9/2010,69,train_Client_105667,11,0
302,24/4/1986,62,train_Client_105668,11,0
301,19/4/2016,62,train_Client_105669,11,0
107,22/2/2010,69,train_Client_10567,11,0
101,28/5/2009,60,train_Client_105670,11,0
103,29/1/1996,69,train_Client_105671,11,0
101,2/11/2010,60,train_Client_105672,11,0
101,7/12/2011,60,train_Client_105679,11,0
104,23/6/2015,69,train_Client_105681,11,0
311,17/9/2015,63,train_Client_105682,11,0
310,27/8/1996,62,train_Client_105683,11,0
107,7/2/1991,69,train_Client_105685,11,0
303,30/9/2013,62,train_Client_105687,11,0
104,22/6/1978,69,train_Client_10569,11,0
311,14/9/2004,63,train_Client_105690,11,0
101,13/4/2010,60,train_Client_105692,11,0
103,24/5/2012,69,train_Client_105693,51,1
311,30/11/1999,63,train_Client_105695,11,0
303,9/10/2000,62,train_Client_105696,11,0
301,6/4/2013,62,train_Client_105697,11,0
105,17/1/2008,69,train_Client_105698,11,0
101,13/7/2009,60,train_Client_105699,11,0
101,19/5/1987,60,train_Client_1057,11,0
101,17/8/1979,60,train_Client_10570,11,1
107,10/4/1998,69,train_Client_105700,11,0
303,29/11/1983,62,train_Client_105701,11,0
101,7/1/2013,60,train_Client_105704,11,0
311,12/5/2012,63,train_Client_105705,11,0
101,14/10/1997,60,train_Client_105707,11,0
104,12/5/1998,69,train_Client_105708,11,0
311,28/11/2003,63,train_Client_105709,11,0
101,9/11/2017,60,train_Client_10571,11,0
311,20/7/2016,63,train_Client_105710,11,0
101,22/2/2000,60,train_Client_105713,11,0
107,18/12/1995,69,train_Client_105715,11,0
101,19/10/1998,60,train_Client_105717,11,0
303,27/1/2014,62,train_Client_105718,11,0
101,2/6/2009,60,train_Client_10572,11,0
101,30/5/1984,60,train_Client_105720,11,0
103,18/10/1995,69,train_Client_105721,11,0
304,22/9/2011,62,train_Client_105722,11,0
304,23/4/2016,62,train_Client_105723,11,0
310,6/3/2017,62,train_Client_105727,11,0
301,3/4/2009,62,train_Client_105728,11,0
309,10/4/1991,62,train_Client_10573,11,0
103,8/11/2013,69,train_Client_105730,11,0
101,23/5/2017,60,train_Client_105732,11,0
103,5/9/2011,69,train_Client_105733,11,1
107,30/6/2004,69,train_Client_105734,11,0
309,7/6/1995,62,train_Client_105735,11,0
307,29/5/1998,62,train_Client_105738,11,0
101,19/2/2009,60,train_Client_105739,11,0
303,26/8/2010,62,train_Client_105741,11,0
312,21/8/2017,63,train_Client_105742,11,0
302,31/12/1996,62,train_Client_105743,11,0
301,26/9/2005,62,train_Client_105745,11,0
310,28/6/1988,62,train_Client_105746,11,1
107,12/6/2017,69,train_Client_105748,11,0
371,31/12/1990,62,train_Client_105749,11,1
101,19/9/2003,60,train_Client_105750,11,0
313,4/7/2011,63,train_Client_105751,11,0
311,26/12/2007,63,train_Client_105752,11,0
302,30/10/2007,62,train_Client_105753,11,0
311,31/5/2000,63,train_Client_105754,11,1
310,10/1/2013,62,train_Client_105758,11,0
303,5/6/2017,62,train_Client_105759,11,0
101,14/11/2000,60,train_Client_105760,11,0
103,22/10/1977,69,train_Client_105761,11,0
101,27/10/1997,60,train_Client_105762,11,0
302,13/9/2000,62,train_Client_105763,11,0
311,23/12/2016,63,train_Client_105765,11,0
101,26/12/1994,60,train_Client_105767,11,0
103,1/11/2013,69,train_Client_105771,11,0
107,22/9/2010,69,train_Client_105773,11,0
303,27/12/1993,62,train_Client_105775,11,0
104,30/1/2018,69,train_Client_105776,11,0
101,10/12/2003,60,train_Client_105777,11,0
103,20/5/2010,69,train_Client_105778,11,0
104,20/2/2017,69,train_Client_105779,11,0
101,11/11/1996,60,train_Client_105780,11,0
101,25/8/1981,60,train_Client_105782,11,0
103,15/10/2010,69,train_Client_105784,11,0
104,27/11/1990,69,train_Client_105785,11,0
303,29/7/1997,62,train_Client_105786,11,0
101,11/4/2001,60,train_Client_105787,11,0
101,30/3/2015,60,train_Client_10579,11,0
101,10/2/2009,60,train_Client_105790,11,0
101,17/2/2017,63,train_Client_105792,11,0
103,6/10/2011,69,train_Client_105795,11,0
302,4/10/2000,62,train_Client_105799,11,0
309,6/5/1981,62,train_Client_105800,11,0
311,27/8/1996,63,train_Client_105801,11,1
104,23/10/1985,69,train_Client_105802,11,0
101,29/1/1980,60,train_Client_105803,11,0
379,28/8/2007,63,train_Client_105804,11,0
103,31/5/2007,69,train_Client_105805,11,0
103,23/11/2016,69,train_Client_105806,11,0
301,1/10/2009,62,train_Client_105807,11,0
311,19/11/2012,63,train_Client_105809,11,0
101,21/6/1980,60,train_Client_10581,11,0
103,5/9/2011,69,train_Client_105811,11,1
311,14/12/2010,63,train_Client_105813,11,0
101,10/4/2018,60,train_Client_105814,11,0
311,30/5/2016,63,train_Client_105815,11,0
371,7/12/1988,62,train_Client_105816,11,0
307,7/5/2013,62,train_Client_105818,11,0
104,16/6/1986,69,train_Client_105819,11,1
311,14/7/2012,63,train_Client_10582,11,0
309,15/7/1998,62,train_Client_105821,11,0
306,10/2/2004,63,train_Client_105822,11,0
306,16/1/2018,63,train_Client_105826,11,0
307,5/10/2004,62,train_Client_105828,11,0
301,31/12/1998,62,train_Client_105829,11,0
101,22/4/2005,60,train_Client_10583,11,0
301,25/10/2016,62,train_Client_105832,11,0
311,4/7/2007,63,train_Client_105835,11,0
107,26/4/1995,69,train_Client_105836,11,0
312,21/12/2012,63,train_Client_105838,11,0
104,8/3/2002,69,train_Client_105839,11,0
303,16/3/2011,62,train_Client_105840,11,0
312,23/11/1987,63,train_Client_105841,11,0
371,5/4/2012,62,train_Client_105842,11,0
311,8/10/2015,63,train_Client_105843,11,0
107,19/11/2010,69,train_Client_105844,11,0
307,22/6/1983,62,train_Client_105845,11,0
104,19/12/1988,69,train_Client_105846,11,0
302,7/12/2015,62,train_Client_10585,11,0
101,6/1/2009,60,train_Client_105851,11,0
104,22/10/2011,69,train_Client_105852,11,0
372,29/9/2003,63,train_Client_105855,11,0
107,20/5/2005,69,train_Client_105856,11,0
103,22/12/2015,69,train_Client_105858,11,1
101,16/10/2012,60,train_Client_10586,11,0
103,20/12/2008,69,train_Client_105860,11,0
101,30/3/2016,60,train_Client_105861,11,0
302,21/7/1980,62,train_Client_105862,11,0
101,15/11/1983,60,train_Client_105863,11,1
311,6/5/1987,63,train_Client_105864,11,0
310,23/8/2011,62,train_Client_105865,11,0
301,25/5/1977,62,train_Client_105867,11,0
101,5/11/1977,60,train_Client_105869,11,0
307,18/12/1985,62,train_Client_10587,11,0
107,2/12/2009,69,train_Client_105870,11,0
311,27/5/1997,63,train_Client_105871,11,0
302,20/6/2006,62,train_Client_105872,11,0
312,4/3/2013,63,train_Client_105873,11,0
303,3/5/1999,62,train_Client_105875,11,0
304,23/4/2013,62,train_Client_105877,11,0
101,10/5/2012,60,train_Client_105878,11,0
103,14/7/2007,69,train_Client_105880,11,0
311,28/4/1987,63,train_Client_105882,11,0
104,15/5/1992,69,train_Client_105883,11,0
106,7/2/1979,69,train_Client_105884,11,0
310,31/3/1993,62,train_Client_105889,11,1
101,5/2/2016,60,train_Client_10589,11,0
101,1/11/1999,60,train_Client_105890,11,0
301,21/4/2000,62,train_Client_105891,11,0
301,24/8/2007,62,train_Client_105892,11,0
101,26/9/2006,63,train_Client_105894,11,0
311,25/11/1991,63,train_Client_105895,11,0
371,30/12/2011,62,train_Client_105896,11,0
101,17/4/1980,60,train_Client_105897,11,0
101,6/3/2009,60,train_Client_105898,11,0
301,17/9/2004,62,train_Client_105899,11,0
379,24/11/2010,63,train_Client_1059,11,0
101,7/4/1981,60,train_Client_10590,11,0
301,9/1/2013,62,train_Client_105900,11,0
371,16/5/1994,62,train_Client_105901,11,0
104,29/4/1983,69,train_Client_105902,11,0
311,11/3/2014,63,train_Client_105904,11,0
107,11/8/2009,69,train_Client_105905,11,0
311,21/1/2015,63,train_Client_105906,11,0
311,27/5/2014,63,train_Client_105907,11,0
304,26/12/2003,62,train_Client_105909,11,0
312,19/5/2016,63,train_Client_105910,11,0
105,24/6/2016,69,train_Client_105911,11,0
101,29/6/1993,60,train_Client_105914,11,1
306,3/10/2016,63,train_Client_105916,11,0
104,7/12/2005,69,train_Client_105917,11,0
101,21/6/2001,60,train_Client_105918,11,0
301,26/6/1984,62,train_Client_105919,11,0
101,20/10/2011,60,train_Client_10592,11,0
101,17/5/2008,60,train_Client_105921,11,0
104,27/6/2007,69,train_Client_105923,12,0
107,18/2/2014,69,train_Client_105924,11,0
311,24/4/1986,63,train_Client_105925,11,1
103,17/4/2009,69,train_Client_105926,11,0
107,24/7/2006,69,train_Client_105927,11,0
301,30/11/2004,62,train_Client_105928,11,0
107,17/4/1998,69,train_Client_10593,11,0
105,22/2/2006,69,train_Client_105930,11,0
310,12/6/2010,62,train_Client_105931,11,0
105,29/10/1984,69,train_Client_105932,11,0
107,8/10/2001,69,train_Client_105933,11,0
107,10/2/1998,69,train_Client_105935,11,0
101,5/11/2015,63,train_Client_105936,11,0
310,31/8/2013,62,train_Client_105937,11,0
301,20/5/2005,62,train_Client_105938,11,0
101,4/5/2012,60,train_Client_105939,11,0
311,27/1/2011,63,train_Client_10594,11,0
101,7/7/1997,60,train_Client_105941,11,0
303,30/11/1999,62,train_Client_105942,11,0
303,9/6/2000,62,train_Client_105943,11,0
103,2/5/1988,69,train_Client_105944,11,0
306,6/9/2018,63,train_Client_105945,11,0
107,23/5/2012,69,train_Client_105949,11,0
307,16/9/2014,62,train_Client_105951,11,0
107,30/9/2013,69,train_Client_105952,11,0
307,23/3/1999,62,train_Client_105953,11,0
101,17/8/2011,60,train_Client_105955,11,0
310,22/2/1988,62,train_Client_105956,11,0
107,19/12/2003,69,train_Client_105957,11,0
101,16/2/2007,63,train_Client_105959,11,0
311,9/1/2017,63,train_Client_10596,11,0
311,31/12/1998,63,train_Client_105960,11,0
101,10/8/1987,60,train_Client_105962,11,1
101,18/11/2004,60,train_Client_105965,11,0
306,7/10/1988,63,train_Client_105966,11,0
307,24/7/1987,62,train_Client_105967,11,0
301,4/3/2014,62,train_Client_105968,11,0
311,17/10/2014,63,train_Client_10597,11,0
311,28/5/2002,63,train_Client_105972,11,0
107,14/5/2009,69,train_Client_105973,11,0
101,8/10/2012,60,train_Client_105974,11,0
107,9/3/2001,69,train_Client_105975,11,0
103,6/5/2016,69,train_Client_105976,51,0
311,23/10/2015,63,train_Client_105977,11,0
311,26/6/2010,63,train_Client_105978,11,0
306,25/10/1988,63,train_Client_105979,11,0
303,11/6/2001,62,train_Client_10598,11,0
306,26/5/2005,63,train_Client_105980,11,0
101,7/4/1981,60,train_Client_105981,11,0
309,21/7/2016,62,train_Client_105986,11,0
104,6/1/2014,69,train_Client_105988,11,0
107,15/5/2002,69,train_Client_105989,11,1
306,6/7/2007,63,train_Client_10599,11,0
101,21/10/1991,60,train_Client_105992,11,0
101,23/5/2016,60,train_Client_105993,11,0
301,27/6/2009,62,train_Client_105994,11,0
206,9/7/2014,69,train_Client_105995,11,0
107,11/7/2011,69,train_Client_105996,11,0
302,12/5/2008,62,train_Client_105999,11,0
303,24/6/1998,62,train_Client_106,11,0
101,3/9/2012,63,train_Client_1060,11,0
101,19/8/2011,60,train_Client_106000,11,0
311,26/5/2010,63,train_Client_106002,11,0
104,21/10/2016,69,train_Client_106003,11,0
302,15/2/2016,62,train_Client_106004,11,0
104,5/8/2009,69,train_Client_106005,11,0
311,26/11/2009,63,train_Client_106008,11,0
103,27/5/2008,69,train_Client_106009,11,0
307,17/5/1995,62,train_Client_10601,11,0
107,12/6/1996,69,train_Client_106010,11,0
103,6/5/2010,69,train_Client_106011,11,0
107,11/11/2009,69,train_Client_106012,11,0
103,3/6/2013,69,train_Client_106013,11,0
104,5/3/1991,69,train_Client_106014,11,0
101,10/11/2014,60,train_Client_106015,11,0
308,27/8/2010,63,train_Client_106016,11,0
303,25/10/2016,62,train_Client_106017,11,0
305,6/10/1983,62,train_Client_106019,11,0
101,25/1/2017,60,train_Client_106021,11,0
303,19/8/2010,62,train_Client_106023,11,0
101,22/6/1992,60,train_Client_106025,11,0
101,22/2/2000,60,train_Client_106026,11,1
101,4/5/2001,60,train_Client_106027,11,0
309,24/11/1982,62,train_Client_106028,11,0
304,1/10/2007,62,train_Client_106029,11,0
305,27/3/1985,62,train_Client_10603,11,0
311,12/8/1988,63,train_Client_106030,11,0
107,26/12/1997,69,train_Client_106031,11,0
303,2/6/2015,62,train_Client_106032,11,0
306,20/11/2006,63,train_Client_106033,11,0
101,14/6/2013,60,train_Client_106034,11,0
101,8/11/2010,60,train_Client_106035,11,0
103,16/3/2013,69,train_Client_106036,11,0
101,30/9/2002,60,train_Client_106037,11,0
311,26/6/1997,63,train_Client_106038,11,0
310,21/1/2008,62,train_Client_106040,11,0
312,15/11/1991,63,train_Client_106041,11,1
101,16/8/2007,60,train_Client_106042,11,0
107,14/1/2010,69,train_Client_106043,11,0
307,24/4/2000,62,train_Client_106044,11,0
107,9/6/2007,69,train_Client_106045,11,0
101,10/3/1998,60,train_Client_106049,11,0
101,14/2/2009,60,train_Client_10605,11,0
371,21/6/2011,62,train_Client_106052,11,0
311,8/12/1989,63,train_Client_106054,11,1
101,3/5/2001,60,train_Client_106055,11,0
311,16/1/2017,63,train_Client_106056,11,0
101,31/12/2004,63,train_Client_106057,11,0
107,16/12/1991,69,train_Client_106058,11,0
104,29/12/1979,69,train_Client_106059,11,0
101,4/7/1984,60,train_Client_10606,11,0
312,9/10/1986,63,train_Client_106060,11,0
311,31/5/2011,63,train_Client_106061,11,0
309,26/12/1986,62,train_Client_106062,11,0
101,9/6/1983,60,train_Client_106066,11,0
302,6/9/2013,62,train_Client_10607,11,0
101,22/12/2016,60,train_Client_106071,11,0
301,22/10/2015,62,train_Client_106072,11,0
312,3/7/2007,63,train_Client_106073,11,0
303,28/7/1987,62,train_Client_106074,11,0
302,6/11/2010,62,train_Client_106075,11,0
101,28/9/1993,60,train_Client_106078,11,0
302,11/6/2019,62,train_Client_10608,11,0
104,24/5/2007,69,train_Client_106083,11,0
103,16/6/1999,69,train_Client_106084,11,0
104,12/5/1998,69,train_Client_106087,11,0
306,30/9/1994,63,train_Client_106088,11,0
105,18/12/2000,69,train_Client_106089,11,0
101,24/9/2010,60,train_Client_10609,11,0
104,15/7/2014,69,train_Client_106092,11,0
101,29/3/1989,60,train_Client_106093,11,0
104,12/4/2008,69,train_Client_106094,11,0
312,24/6/2014,63,train_Client_106096,11,0
302,26/12/2000,62,train_Client_106098,11,0
104,17/9/1998,69,train_Client_106099,11,0
301,4/9/2010,62,train_Client_1061,11,0
101,21/5/2011,60,train_Client_10610,11,0
106,14/9/2012,69,train_Client_106101,11,0
101,16/12/1988,60,train_Client_106102,11,0
101,23/9/2014,60,train_Client_106103,11,0
104,18/6/2015,69,train_Client_106105,11,0
107,1/8/2013,69,train_Client_106107,11,0
107,23/12/2011,69,train_Client_106108,11,0
101,10/8/2010,60,train_Client_10611,11,0
307,10/1/1983,62,train_Client_106110,11,0
104,19/11/1999,69,train_Client_106113,11,0
104,20/2/2009,69,train_Client_106114,11,0
313,5/2/1993,63,train_Client_106115,11,0
301,5/4/2012,62,train_Client_106116,11,0
103,27/12/2011,69,train_Client_106117,11,0
303,17/1/1979,62,train_Client_106119,11,0
311,8/4/2010,63,train_Client_10612,11,0
104,1/3/2011,69,train_Client_106121,11,0
301,20/11/1997,62,train_Client_106122,11,0
311,29/9/2003,63,train_Client_106123,11,1
104,19/2/2010,69,train_Client_106124,11,0
308,5/11/2015,63,train_Client_106125,11,0
306,23/9/2013,63,train_Client_106126,11,0
101,27/12/2009,60,train_Client_106127,11,0
101,12/3/2007,60,train_Client_106128,11,0
104,26/8/1996,69,train_Client_106129,11,0
305,9/5/2018,62,train_Client_10613,11,0
311,19/8/1998,63,train_Client_106130,11,0
103,5/5/2011,69,train_Client_106131,11,1
107,17/12/2014,69,train_Client_106133,11,1
307,16/7/2014,62,train_Client_106134,11,0
107,29/11/2011,69,train_Client_106135,11,0
101,27/4/2015,60,train_Client_106139,11,0
104,23/4/2003,69,train_Client_10614,11,0
306,23/9/2015,63,train_Client_106142,11,0
301,11/9/1991,62,train_Client_106143,11,0
303,17/7/2007,62,train_Client_106144,11,0
107,12/12/2011,69,train_Client_106145,11,0
104,28/12/2007,69,train_Client_106147,11,0
101,18/11/2004,60,train_Client_106148,11,0
309,7/9/1998,62,train_Client_106149,11,1
104,28/11/1983,69,train_Client_10615,11,0
101,12/7/1999,60,train_Client_106150,11,0
301,22/12/2003,62,train_Client_106155,11,0
101,16/12/1981,60,train_Client_106156,11,0
306,24/10/2007,63,train_Client_106158,12,0
309,8/12/2012,62,train_Client_106159,11,0
103,25/11/2016,69,train_Client_10616,11,0
301,18/4/1985,62,train_Client_106160,11,0
305,14/6/1977,62,train_Client_106162,11,0
309,3/7/1982,62,train_Client_106164,11,0
103,15/4/2009,69,train_Client_106165,51,0
101,25/2/2009,60,train_Client_106167,11,0
301,9/2/2019,62,train_Client_10617,11,0
101,15/8/2010,60,train_Client_106171,11,0
103,11/7/2017,69,train_Client_106172,11,0
101,31/10/2001,60,train_Client_106173,11,0
310,19/6/1987,62,train_Client_106174,11,0
305,27/3/1985,62,train_Client_106175,11,0
104,2/10/2001,69,train_Client_106176,11,0
311,6/6/1995,63,train_Client_106177,11,0
101,23/8/1995,60,train_Client_106178,11,0
303,20/2/2007,62,train_Client_10618,11,0
302,17/2/2010,62,train_Client_106181,11,0
303,13/1/2017,62,train_Client_106185,11,0
311,30/10/2001,63,train_Client_106186,11,0
103,13/11/2017,69,train_Client_106187,11,0
101,7/3/2008,60,train_Client_106188,11,0
372,25/4/2017,63,train_Client_106189,11,0
101,3/1/2001,60,train_Client_10619,11,0
104,23/6/1988,69,train_Client_106190,11,0
313,29/12/2013,63,train_Client_106191,11,0
302,25/5/1977,62,train_Client_106192,11,0
101,17/9/1999,60,train_Client_106194,12,0
107,26/10/1982,69,train_Client_106196,11,0
313,22/6/2009,63,train_Client_106197,11,0
103,3/5/2010,69,train_Client_106198,11,0
104,30/11/2016,69,train_Client_106199,11,0
371,5/12/2011,62,train_Client_1062,11,0
107,16/12/2016,69,train_Client_106200,11,0
311,20/12/2000,63,train_Client_106201,11,0
302,12/1/2009,62,train_Client_106202,11,0
301,22/2/2008,62,train_Client_106204,11,0
310,25/4/2015,62,train_Client_106205,11,0
301,16/7/2007,62,train_Client_106206,11,0
101,18/12/1984,60,train_Client_106207,11,0
107,19/3/2014,69,train_Client_106208,11,0
101,23/3/2011,63,train_Client_106209,11,0
104,21/5/2015,69,train_Client_10621,11,0
306,27/4/1993,63,train_Client_106210,11,0
101,12/10/2010,60,train_Client_106214,11,0
306,4/5/2011,63,train_Client_106215,11,0
101,8/7/2003,60,train_Client_106216,11,0
104,28/12/1995,69,train_Client_106217,11,0
307,22/12/1999,62,train_Client_106219,11,0
307,11/11/1987,62,train_Client_106222,11,1
310,26/7/2006,62,train_Client_106223,11,0
104,20/8/2007,69,train_Client_106224,11,0
104,16/11/1992,69,train_Client_106225,11,0
101,8/9/1994,60,train_Client_106226,11,0
104,31/7/2012,69,train_Client_106229,11,0
311,8/5/2015,63,train_Client_10623,11,0
107,1/2/2016,69,train_Client_106231,11,0
301,10/6/1983,62,train_Client_106232,11,0
107,15/3/2008,69,train_Client_106233,11,0
307,29/9/1977,62,train_Client_106236,11,0
301,19/2/2008,62,train_Client_106238,11,0
103,23/6/2009,69,train_Client_10624,11,0
301,17/11/2005,62,train_Client_106240,11,0
101,3/4/2013,60,train_Client_106241,11,0
301,29/12/1982,62,train_Client_106242,11,0
103,9/12/2015,69,train_Client_106243,11,0
310,30/10/1998,62,train_Client_106244,11,0
307,8/6/2015,62,train_Client_106245,11,0
313,6/11/2013,63,train_Client_106246,11,0
301,15/3/2018,62,train_Client_106247,11,0
104,28/7/1995,69,train_Client_106248,11,0
103,21/12/2015,69,train_Client_10625,11,0
104,14/5/2002,69,train_Client_106250,11,0
107,6/7/2007,69,train_Client_106252,11,0
107,3/11/2009,69,train_Client_106254,11,0
312,21/3/2016,63,train_Client_106255,12,0
301,31/3/1979,62,train_Client_106257,11,0
101,12/3/2007,60,train_Client_106258,11,0
105,17/10/1983,69,train_Client_106259,11,0
306,26/8/2017,63,train_Client_10626,11,0
107,28/3/2011,69,train_Client_106261,11,0
101,2/9/2015,60,train_Client_106262,11,0
101,29/11/1977,60,train_Client_106263,11,0
301,26/5/2018,62,train_Client_106264,11,0
306,30/4/2001,63,train_Client_106265,11,0
101,5/4/1989,60,train_Client_106266,11,0
101,16/8/2011,60,train_Client_10627,11,0
311,10/5/2011,63,train_Client_106270,11,0
101,8/9/2011,60,train_Client_106271,11,0
312,18/6/1993,63,train_Client_106272,11,0
104,28/5/2002,69,train_Client_106277,11,1
101,25/10/2007,60,train_Client_106278,11,0
306,30/5/1990,63,train_Client_106279,11,0
103,21/2/2013,69,train_Client_10628,11,0
104,14/7/2014,69,train_Client_106280,11,0
302,28/7/1989,62,train_Client_106281,11,0
307,7/4/2011,62,train_Client_106282,11,0
107,8/7/1980,69,train_Client_106283,11,0
301,10/12/1985,62,train_Client_106287,11,0
308,2/12/2016,63,train_Client_106288,11,0
104,16/11/2015,69,train_Client_106289,11,0
302,8/4/2015,62,train_Client_10629,11,0
104,19/12/2011,69,train_Client_106290,11,0
309,14/8/2007,62,train_Client_106291,11,0
107,17/9/2011,69,train_Client_106292,11,0
311,9/8/2000,63,train_Client_106295,11,0
305,19/8/2016,62,train_Client_106296,11,0
101,24/10/2008,60,train_Client_106298,11,0
104,4/1/2014,69,train_Client_106299,11,0
304,23/11/1998,62,train_Client_10630,11,0
103,17/3/2007,69,train_Client_106300,11,0
107,24/9/2016,69,train_Client_106302,11,0
103,8/1/2009,69,train_Client_106303,11,0
304,21/10/1978,62,train_Client_106304,11,0
103,14/11/1985,69,train_Client_106306,11,0
101,23/10/2017,60,train_Client_106308,11,0
379,15/9/2012,63,train_Client_106310,11,0
372,5/8/2009,63,train_Client_106312,11,0
101,25/11/1994,60,train_Client_106313,11,0
101,31/8/2012,60,train_Client_106314,11,0
302,13/4/2010,62,train_Client_106315,11,0
301,14/10/1996,62,train_Client_106318,11,0
103,12/10/2001,69,train_Client_10632,11,0
304,19/4/2006,62,train_Client_106320,12,0
311,28/12/2013,63,train_Client_106321,11,0
107,2/4/2013,69,train_Client_106323,11,0
101,28/1/2014,60,train_Client_106324,11,0
101,5/11/1986,60,train_Client_106325,11,0
101,8/11/2004,60,train_Client_106327,11,0
306,20/5/2010,63,train_Client_106329,11,0
379,6/2/2015,63,train_Client_106330,11,0
303,30/7/2007,62,train_Client_106332,11,0
301,5/11/1984,62,train_Client_106333,11,0
302,16/8/2005,62,train_Client_106334,11,0
101,21/11/2008,60,train_Client_106336,11,0
306,4/3/2013,63,train_Client_106337,11,0
103,30/10/2017,69,train_Client_106338,11,1
101,5/11/2008,60,train_Client_106339,11,0
103,31/5/1989,69,train_Client_10634,11,0
304,3/10/1991,62,train_Client_106341,11,0
104,9/6/2014,69,train_Client_106343,11,0
101,16/2/2015,60,train_Client_106344,11,0
309,12/4/2010,62,train_Client_106345,12,0
101,2/12/1992,60,train_Client_106348,11,0
101,6/11/2012,60,train_Client_106351,11,0
311,30/12/1997,63,train_Client_106352,11,0
101,1/10/2009,60,train_Client_106354,11,0
104,12/5/2017,69,train_Client_106355,11,0
312,28/11/2002,63,train_Client_106356,11,0
104,14/6/1994,69,train_Client_106357,11,0
101,9/11/2016,60,train_Client_106358,11,0
104,21/4/1997,69,train_Client_106359,11,0
104,21/10/2016,69,train_Client_10636,11,0
104,9/6/2013,69,train_Client_106365,11,0
309,8/6/1994,62,train_Client_10637,11,0
101,31/5/1977,60,train_Client_106370,11,0
101,11/6/2010,60,train_Client_106371,11,0
371,22/10/2014,62,train_Client_106373,11,0
379,9/8/2014,63,train_Client_106374,11,0
371,19/9/2006,62,train_Client_106377,11,0
312,19/1/2018,63,train_Client_106378,11,0
101,6/11/2013,60,train_Client_106379,11,0
104,14/2/2011,69,train_Client_10638,11,0
101,4/11/1998,60,train_Client_106380,11,0
101,16/12/1981,60,train_Client_106381,11,0
101,8/10/2008,60,train_Client_106382,11,0
107,25/12/2012,69,train_Client_106383,11,0
101,7/11/1980,60,train_Client_106386,11,0
371,30/5/1990,62,train_Client_10639,11,0
104,12/6/1996,69,train_Client_106390,11,0
101,21/6/2001,60,train_Client_106391,11,0
101,24/9/2013,63,train_Client_106392,11,0
311,15/1/2015,63,train_Client_106393,11,0
103,15/9/1997,69,train_Client_106394,11,1
101,1/9/2016,60,train_Client_106397,11,0
311,15/1/2018,63,train_Client_106398,11,0
301,5/7/2007,62,train_Client_1064,11,0
372,22/1/1980,63,train_Client_106400,11,0
101,1/4/2010,60,train_Client_106401,11,0
371,1/9/2012,62,train_Client_106402,11,0
105,30/12/1985,69,train_Client_106403,11,0
310,21/10/1999,62,train_Client_106404,11,0
313,14/11/2017,63,train_Client_106405,11,0
305,22/6/1978,62,train_Client_106406,11,0
311,6/7/1999,63,train_Client_106407,11,0
304,22/8/1979,62,train_Client_106408,11,0
311,28/12/2010,63,train_Client_10641,11,1
307,31/10/2013,62,train_Client_106411,11,0
302,30/7/2010,62,train_Client_106413,11,0
101,31/12/1994,60,train_Client_106414,11,0
103,17/11/2016,69,train_Client_106416,11,0
312,11/1/1978,63,train_Client_106417,11,0
313,15/9/2012,63,train_Client_106418,11,0
308,28/9/2012,63,train_Client_106419,11,0
101,18/8/1998,60,train_Client_10642,11,0
309,6/12/2017,62,train_Client_106420,11,0
101,23/10/1980,60,train_Client_106421,11,0
306,30/6/1997,63,train_Client_106423,11,0
103,12/8/2010,69,train_Client_106424,11,0
107,19/11/2015,69,train_Client_106426,11,0
309,30/12/2010,62,train_Client_106427,11,0
101,12/7/2010,60,train_Client_106428,11,0
310,8/5/1992,62,train_Client_106429,11,0
104,9/9/2004,69,train_Client_106430,11,0
107,11/10/2002,69,train_Client_106432,11,0
101,17/5/2001,60,train_Client_106433,11,1
101,20/10/1981,60,train_Client_106434,11,0
306,8/12/2012,63,train_Client_106435,11,0
107,10/10/2009,69,train_Client_106436,11,0
313,27/10/1989,63,train_Client_106438,11,0
303,20/6/2003,62,train_Client_10644,11,0
311,2/10/1996,63,train_Client_106440,11,0
101,27/3/1982,60,train_Client_106444,11,0
307,15/9/1992,62,train_Client_106445,11,0
107,15/5/2013,69,train_Client_106447,11,0
309,22/9/2010,62,train_Client_106448,11,0
106,10/1/2011,69,train_Client_106449,11,1
309,7/2/2011,62,train_Client_106452,11,0
107,15/5/2012,69,train_Client_106453,11,1
103,20/2/2015,69,train_Client_106455,11,0
301,2/5/1986,62,train_Client_106457,11,0
301,4/7/1984,62,train_Client_106458,11,0
303,7/11/2017,62,train_Client_10646,11,0
101,28/12/1981,60,train_Client_106463,11,0
107,28/5/2010,69,train_Client_106464,11,1
301,13/3/2012,62,train_Client_106465,11,0
371,30/3/2017,62,train_Client_106467,11,0
107,10/8/2016,69,train_Client_106468,11,0
310,10/4/2018,62,train_Client_106469,11,0
301,26/1/1983,62,train_Client_10647,11,0
306,15/4/2017,63,train_Client_106471,11,0
101,18/4/2015,60,train_Client_106472,11,0
104,14/11/2016,69,train_Client_106473,11,0
104,21/3/2016,69,train_Client_106474,11,0
101,24/4/2008,60,train_Client_106476,11,0
107,28/12/2015,69,train_Client_106477,11,0
306,25/5/2012,63,train_Client_106479,11,0
101,29/9/1987,60,train_Client_106481,11,1
313,28/10/1999,63,train_Client_106482,11,0
101,6/10/1999,60,train_Client_106483,11,0
103,14/11/1985,69,train_Client_106484,11,0
311,16/9/2017,63,train_Client_106485,11,0
306,30/9/2003,63,train_Client_106487,11,0
312,21/3/2013,63,train_Client_106488,11,0
301,17/12/1992,62,train_Client_106489,12,0
305,28/4/2003,62,train_Client_10649,11,0
399,29/11/2001,63,train_Client_106490,11,0
101,17/5/1980,60,train_Client_106491,11,0
104,10/7/1995,69,train_Client_106493,11,0
101,14/8/2009,60,train_Client_106494,11,0
101,19/11/2013,60,train_Client_106495,11,0
302,3/6/2010,62,train_Client_106496,11,0
302,14/10/2010,62,train_Client_106497,11,0
107,26/10/1982,69,train_Client_106498,11,0
101,11/3/2008,60,train_Client_106499,11,0
311,22/4/2017,63,train_Client_106502,11,0
311,31/7/2010,63,train_Client_106503,11,0
305,26/10/2011,62,train_Client_106506,11,0
311,5/4/1988,63,train_Client_106507,11,0
313,8/2/2000,63,train_Client_106508,11,0
306,27/4/2009,63,train_Client_106509,11,0
103,22/12/1997,69,train_Client_106510,11,0
104,18/6/2010,69,train_Client_106511,11,0
101,20/2/1984,60,train_Client_106512,11,0
101,19/11/1990,60,train_Client_106514,11,0
104,27/12/1980,69,train_Client_106515,11,0
301,18/11/1986,62,train_Client_106516,11,0
107,28/9/1992,69,train_Client_106518,11,1
104,3/3/2010,69,train_Client_106520,11,0
104,18/4/2017,69,train_Client_106522,11,0
101,3/7/1982,60,train_Client_106523,11,0
103,7/2/2007,69,train_Client_106524,12,0
311,15/1/2015,63,train_Client_106525,11,0
107,21/11/2005,69,train_Client_106526,11,0
101,8/5/2012,60,train_Client_106527,11,0
103,16/4/2014,69,train_Client_106528,11,1
103,13/8/2007,69,train_Client_10653,11,0
101,1/12/1995,63,train_Client_106531,11,0
303,25/6/1997,62,train_Client_106532,11,0
101,3/8/2006,60,train_Client_106535,11,0
302,18/8/2010,62,train_Client_106536,11,0
307,24/4/2000,62,train_Client_106538,11,0
311,9/1/2017,63,train_Client_106539,11,0
101,15/4/1983,60,train_Client_10654,11,0
306,2/9/1980,63,train_Client_106542,11,0
309,19/5/1998,62,train_Client_106543,11,0
104,27/12/1980,69,train_Client_106544,11,0
101,15/7/1982,60,train_Client_106545,11,0
101,30/12/2010,60,train_Client_106546,11,0
306,28/8/2012,63,train_Client_106548,11,0
301,24/12/2016,62,train_Client_106549,11,0
309,7/5/2014,62,train_Client_10655,11,0
104,18/2/2010,69,train_Client_106550,11,0
312,25/4/2009,63,train_Client_106552,11,0
311,23/11/2015,63,train_Client_106553,11,0
309,22/12/1995,62,train_Client_106555,12,0
101,20/11/1998,60,train_Client_106556,11,0
303,16/11/2001,62,train_Client_106558,11,0
312,28/12/2013,63,train_Client_10656,11,0
107,16/4/1984,69,train_Client_106561,11,0
302,28/7/1989,62,train_Client_106562,11,0
101,16/12/1987,60,train_Client_106564,11,0
101,6/6/2007,60,train_Client_106565,11,0
101,16/11/1998,60,train_Client_106566,11,0
103,5/12/2015,69,train_Client_106567,11,0
104,13/12/2006,69,train_Client_106568,11,0
312,29/9/2016,63,train_Client_106569,11,0
301,17/11/2005,62,train_Client_10657,11,0
302,29/9/2014,62,train_Client_106570,11,0
311,25/2/2016,63,train_Client_106571,11,0
308,18/5/2016,63,train_Client_106572,11,0
101,28/9/2012,60,train_Client_106573,11,0
306,5/11/2014,63,train_Client_106575,11,0
107,24/7/1992,69,train_Client_106576,11,0
305,26/5/1981,62,train_Client_106578,11,0
101,12/7/1999,60,train_Client_106581,11,0
101,7/1/2008,60,train_Client_106582,11,0
301,13/12/1984,62,train_Client_106584,11,0
104,17/7/2006,69,train_Client_106585,11,0
104,30/11/2015,69,train_Client_106587,11,0
101,8/7/2015,60,train_Client_106588,11,0
306,8/10/2011,63,train_Client_106589,11,0
101,7/2/2013,60,train_Client_10659,11,0
103,10/6/2003,69,train_Client_106590,11,0
101,8/9/1980,60,train_Client_106592,11,0
107,27/2/2012,69,train_Client_106594,11,0
101,21/7/2009,60,train_Client_106595,11,0
101,30/9/2011,60,train_Client_106596,11,0
301,13/4/2001,62,train_Client_106598,11,0
107,3/12/2014,69,train_Client_1066,11,0
303,27/3/2017,62,train_Client_10660,11,0
309,3/3/2017,62,train_Client_106601,11,0
371,11/10/1977,62,train_Client_106602,12,0
104,16/9/2010,69,train_Client_106606,11,0
107,13/12/1985,69,train_Client_106607,11,0
101,23/1/2015,60,train_Client_106608,11,0
101,19/3/1977,60,train_Client_10661,11,0
103,19/3/2013,69,train_Client_106613,11,0
371,26/1/1980,62,train_Client_106614,11,0
101,29/8/2005,60,train_Client_106615,11,0
379,30/6/1997,63,train_Client_106616,11,1
311,12/11/2013,63,train_Client_106617,11,0
103,15/5/1992,69,train_Client_106618,11,0
101,13/12/2007,60,train_Client_106619,11,0
372,26/1/2000,63,train_Client_10662,11,0
302,1/12/2003,62,train_Client_106620,11,0
101,30/5/1989,60,train_Client_106621,11,0
101,1/12/1993,60,train_Client_106622,11,0
305,24/2/2009,62,train_Client_106623,11,0
101,22/5/2007,60,train_Client_106625,11,0
104,8/9/2011,69,train_Client_106626,11,0
310,20/6/2013,62,train_Client_106628,11,0
103,10/6/1998,69,train_Client_10663,11,1
303,12/12/1978,62,train_Client_106630,11,0
107,28/8/2012,69,train_Client_106631,11,0
303,11/11/2008,62,train_Client_106632,11,0
107,27/10/1997,69,train_Client_106633,11,0
301,12/8/2009,62,train_Client_106634,11,0
303,3/4/2015,62,train_Client_106635,11,0
303,28/12/1989,62,train_Client_106636,11,0
101,31/7/2013,60,train_Client_106637,11,0
106,2/5/1985,69,train_Client_106638,11,0
311,24/10/2017,63,train_Client_10664,11,0
301,31/10/2011,62,train_Client_106640,11,0
312,19/3/2018,63,train_Client_106644,11,0
101,20/9/2007,60,train_Client_106645,11,0
101,5/3/1977,60,train_Client_106646,11,0
105,27/4/2004,69,train_Client_106647,11,0
311,20/6/2016,63,train_Client_106648,11,1
372,7/2/2017,63,train_Client_10665,11,0
101,26/12/2008,60,train_Client_106650,11,0
101,8/9/2003,60,train_Client_106651,11,0
312,23/3/2011,63,train_Client_106653,11,0
107,20/5/2005,69,train_Client_106655,11,0
101,29/11/2005,60,train_Client_106657,11,0
103,13/10/2015,69,train_Client_106659,11,0
301,30/4/1981,62,train_Client_10666,11,0
399,7/5/1990,63,train_Client_106660,11,0
301,28/5/1999,62,train_Client_106662,11,0
303,31/12/1990,62,train_Client_106663,11,0
305,7/1/2014,62,train_Client_106665,11,0
206,21/10/2011,69,train_Client_106667,11,0
101,15/4/2011,60,train_Client_106669,11,0
306,16/12/2006,63,train_Client_10667,11,0
311,16/10/2015,63,train_Client_106670,11,0
304,15/12/2009,62,train_Client_106672,11,0
106,17/7/2013,69,train_Client_106674,11,0
101,23/4/2013,60,train_Client_106675,11,0
103,24/12/2004,69,train_Client_106676,11,0
301,14/5/1981,62,train_Client_106677,11,0
311,3/4/2014,63,train_Client_106678,11,1
101,13/12/1978,60,train_Client_10668,11,0
306,6/10/2008,63,train_Client_106680,11,0
301,23/6/2016,62,train_Client_106681,11,0
103,6/5/1994,69,train_Client_106682,12,0
101,6/4/2012,60,train_Client_106683,11,0
303,11/2/2008,62,train_Client_106684,11,0
107,18/1/2017,69,train_Client_106687,11,0
107,7/11/2007,69,train_Client_106689,11,1
104,19/7/2013,69,train_Client_10669,11,0
301,13/10/1980,62,train_Client_106690,11,0
311,7/10/1998,63,train_Client_106693,11,0
310,16/5/2016,62,train_Client_106694,11,0
308,19/2/1987,63,train_Client_106696,11,0
310,16/12/1996,62,train_Client_106697,12,0
310,14/5/2001,62,train_Client_106699,11,0
301,27/4/1978,62,train_Client_1067,11,0
307,17/4/2012,62,train_Client_10670,11,0
107,3/11/2014,69,train_Client_106700,11,0
101,4/3/1978,60,train_Client_106701,11,0
371,18/6/2001,62,train_Client_106702,11,0
310,21/9/2012,62,train_Client_106703,11,0
311,29/10/2014,63,train_Client_106704,11,0
301,30/8/2013,62,train_Client_106706,11,1
107,9/7/2010,69,train_Client_106708,11,0
302,13/7/1992,62,train_Client_106709,11,0
303,9/6/2016,62,train_Client_10671,11,0
301,14/10/2014,62,train_Client_106710,11,0
103,3/11/2013,69,train_Client_106712,11,0
306,17/2/1999,63,train_Client_106714,11,0
101,28/6/2011,60,train_Client_106715,11,0
310,18/11/2014,62,train_Client_106717,11,0
301,8/12/1997,62,train_Client_106718,11,0
311,30/9/2016,63,train_Client_106719,11,0
101,28/3/2015,60,train_Client_106720,11,0
303,2/3/2013,62,train_Client_106721,11,0
101,28/3/2018,63,train_Client_106722,11,0
306,15/7/2009,63,train_Client_106723,11,0
107,18/6/2014,69,train_Client_106725,11,0
304,16/11/1998,62,train_Client_106726,11,0
104,8/9/2012,69,train_Client_106727,11,0
101,12/3/2015,60,train_Client_106729,12,0
103,24/5/2017,69,train_Client_10673,12,0
103,27/4/2015,69,train_Client_106736,11,1
107,9/10/2010,69,train_Client_106737,11,0
302,5/6/2015,62,train_Client_106738,11,0
103,11/6/2010,69,train_Client_106739,11,0
312,29/7/2017,63,train_Client_10674,11,0
105,4/2/2019,69,train_Client_106742,11,0
304,23/4/2016,62,train_Client_106744,11,0
101,19/8/1980,60,train_Client_106745,11,0
302,11/12/2013,62,train_Client_106747,11,0
103,24/12/2012,69,train_Client_106748,11,1
107,20/6/2018,69,train_Client_106749,11,0
106,12/4/2005,69,train_Client_106752,11,0
101,10/7/2013,60,train_Client_106753,11,0
104,14/5/2011,69,train_Client_106754,11,0
101,16/4/2004,60,train_Client_106755,11,0
306,21/11/2002,63,train_Client_106756,11,0
103,17/11/2012,69,train_Client_106759,11,0
101,5/7/2001,63,train_Client_10676,11,0
301,29/11/2017,62,train_Client_106761,11,0
311,12/1/2017,63,train_Client_106762,11,0
304,17/1/2013,62,train_Client_106763,11,0
101,8/4/2014,60,train_Client_106764,11,0
301,26/11/1987,62,train_Client_106765,11,0
309,24/3/2005,62,train_Client_106766,11,0
311,14/5/2011,63,train_Client_106767,11,0
101,24/12/2007,60,train_Client_106768,11,0
107,13/8/2010,69,train_Client_106769,11,0
101,23/6/2014,60,train_Client_10677,11,0
311,12/10/1990,63,train_Client_106770,11,0
371,24/4/2000,62,train_Client_106772,11,0
306,27/2/2014,63,train_Client_106773,11,0
311,30/7/2004,63,train_Client_106774,11,0
311,17/11/1993,63,train_Client_106775,11,0
105,12/5/2015,69,train_Client_106776,11,0
307,10/12/1985,62,train_Client_106777,11,1
101,23/11/2013,60,train_Client_106778,51,0
301,16/3/2001,62,train_Client_106780,11,0
107,1/2/2011,69,train_Client_106782,11,1
304,28/3/2002,62,train_Client_106783,11,0
306,27/4/2012,63,train_Client_106784,11,0
105,8/9/1999,69,train_Client_106785,11,0
101,11/11/1983,60,train_Client_106786,11,0
101,24/3/2014,60,train_Client_106787,11,0
101,31/12/2012,63,train_Client_106788,11,0
312,28/5/2018,63,train_Client_106789,11,0
101,14/9/1988,60,train_Client_106790,11,0
101,19/5/2011,60,train_Client_106791,11,0
101,4/3/1987,60,train_Client_106792,11,0
307,29/10/2007,62,train_Client_106793,11,0
106,21/3/1984,69,train_Client_106794,11,0
101,20/11/1998,60,train_Client_106795,11,0
103,4/9/2001,69,train_Client_106797,11,0
303,5/5/2005,62,train_Client_106798,11,0
304,30/11/1995,62,train_Client_10680,11,0
301,26/6/2013,62,train_Client_106800,11,0
101,29/3/1977,60,train_Client_106802,11,0
312,22/12/2016,63,train_Client_106806,11,0
310,15/1/2013,62,train_Client_106807,51,0
103,21/5/1993,69,train_Client_106809,11,0
311,20/1/1993,63,train_Client_10681,11,0
101,23/6/2008,60,train_Client_106810,11,0
101,20/7/2011,60,train_Client_106811,11,0
301,31/10/2001,62,train_Client_106812,11,0
311,18/6/2012,63,train_Client_106813,11,0
101,15/5/2013,60,train_Client_106815,11,0
306,27/9/2001,63,train_Client_106816,11,0
101,29/6/2011,60,train_Client_106817,11,0
303,22/10/2013,62,train_Client_106819,11,0
305,22/6/1978,62,train_Client_10682,11,0
305,12/11/1992,62,train_Client_106820,11,0
107,9/3/1978,69,train_Client_106824,11,0
101,31/12/1982,60,train_Client_106825,11,0
302,12/3/2003,62,train_Client_106826,11,0
101,4/8/1993,60,train_Client_106827,11,0
312,27/7/2010,63,train_Client_106828,11,0
310,17/8/2009,62,train_Client_10683,11,0
101,5/10/1998,60,train_Client_106831,11,0
101,18/7/2008,60,train_Client_106832,11,0
312,3/10/2014,63,train_Client_106835,11,0
101,29/8/1997,60,train_Client_106836,11,0
305,22/11/1980,62,train_Client_106837,11,0
101,19/7/1996,60,train_Client_106839,11,0
310,7/9/2001,62,train_Client_10684,11,0
301,23/2/2018,62,train_Client_106840,11,0
104,16/1/2014,69,train_Client_106841,11,0
379,24/9/2008,63,train_Client_106843,11,0
311,19/4/2007,63,train_Client_106844,11,0
104,20/12/2008,69,train_Client_106846,11,0
307,25/10/2017,62,train_Client_106848,11,0
107,31/1/2002,69,train_Client_10685,11,0
307,21/1/2014,62,train_Client_106850,11,0
302,2/12/2013,62,train_Client_106852,11,0
309,27/7/2010,62,train_Client_106853,11,0
311,24/12/1986,63,train_Client_106854,12,0
101,26/10/2017,60,train_Client_106855,11,0
309,30/9/1983,62,train_Client_106856,11,0
309,12/10/2015,62,train_Client_106857,11,0
101,25/10/1996,60,train_Client_106858,11,0
107,11/7/1979,69,train_Client_106859,11,0
311,20/6/2013,63,train_Client_10686,11,0
306,26/3/1986,63,train_Client_106860,11,0
101,7/12/2005,60,train_Client_106861,11,0
101,30/4/1980,60,train_Client_106862,11,0
101,22/4/1993,60,train_Client_106863,11,0
371,10/9/2012,62,train_Client_106864,11,0
310,31/12/1990,62,train_Client_106867,11,0
309,20/9/2011,62,train_Client_106868,51,0
101,1/10/2010,60,train_Client_10687,11,0
101,16/2/2008,60,train_Client_106871,11,0
106,26/10/2006,69,train_Client_106872,11,0
310,31/12/1996,62,train_Client_106873,11,0
103,26/4/2011,69,train_Client_106874,11,0
104,4/9/1992,69,train_Client_106876,11,0
101,26/12/2007,60,train_Client_106877,11,0
301,31/7/2003,62,train_Client_106878,11,0
101,2/12/2003,60,train_Client_106880,11,0
307,21/9/2011,62,train_Client_106881,11,0
104,10/9/1986,69,train_Client_106882,11,0
101,9/5/2008,63,train_Client_106886,11,0
311,28/9/2011,63,train_Client_106888,11,0
101,14/11/1997,60,train_Client_106889,11,0
101,9/3/2012,60,train_Client_106891,11,0
301,25/9/1992,62,train_Client_106895,51,1
101,12/11/2010,60,train_Client_106897,11,0
303,21/6/2004,62,train_Client_106898,11,0
107,14/5/2013,69,train_Client_1069,11,0
303,1/10/1982,62,train_Client_10690,11,0
103,21/12/2016,69,train_Client_106900,11,0
104,2/5/2007,69,train_Client_106901,11,0
313,29/5/2000,63,train_Client_106902,11,0
103,14/11/2000,69,train_Client_106903,11,0
379,25/9/2010,63,train_Client_106904,11,0
104,28/1/2013,69,train_Client_106905,11,1
101,17/9/2012,60,train_Client_106907,11,0
107,13/9/2008,69,train_Client_106908,11,0
104,5/5/2014,69,train_Client_10691,11,0
303,21/12/1977,62,train_Client_106910,11,0
104,28/1/1985,69,train_Client_106911,11,0
101,20/12/2013,60,train_Client_106912,11,0
305,23/11/2010,62,train_Client_106913,11,0
103,29/11/2011,69,train_Client_106914,11,0
107,15/9/2017,69,train_Client_106916,11,0
304,28/2/2007,62,train_Client_106919,11,0
103,13/3/2014,69,train_Client_10692,11,0
101,11/4/1997,60,train_Client_106920,11,0
306,30/6/1994,63,train_Client_106921,11,0
101,18/10/2010,60,train_Client_106924,11,0
310,2/8/2016,62,train_Client_106925,11,0
306,11/10/2010,63,train_Client_106927,11,0
103,20/11/2017,69,train_Client_106928,11,0
371,31/10/1985,62,train_Client_106929,12,0
103,28/11/2011,69,train_Client_10693,11,0
303,22/9/2012,62,train_Client_106930,11,0
103,16/12/2015,69,train_Client_106931,11,0
101,15/12/1995,60,train_Client_106932,11,0
103,13/9/2012,69,train_Client_106933,11,0
311,20/11/1997,63,train_Client_106934,11,0
101,8/1/2018,60,train_Client_106936,11,0
101,23/11/2012,60,train_Client_10694,11,0
312,7/3/2014,63,train_Client_106940,11,0
303,21/9/2011,62,train_Client_106941,11,0
310,30/12/1998,62,train_Client_106942,11,0
304,3/11/2009,62,train_Client_106943,11,0
101,14/11/2003,60,train_Client_106946,11,0
303,2/6/2008,62,train_Client_106947,11,0
101,4/11/1997,60,train_Client_106948,11,0
302,16/8/2018,62,train_Client_106949,11,0
312,30/12/1997,63,train_Client_10695,11,0
101,12/11/2007,60,train_Client_106950,11,0
301,30/5/1988,62,train_Client_106952,11,0
301,9/5/1985,62,train_Client_106955,11,0
104,16/12/2015,69,train_Client_106956,11,0
310,14/8/2014,62,train_Client_106957,11,0
101,25/9/2009,60,train_Client_106959,11,0
307,20/7/1989,62,train_Client_106961,11,0
311,9/11/2015,63,train_Client_106962,11,0
107,15/12/1999,69,train_Client_106963,11,0
307,4/3/2017,62,train_Client_106965,11,0
311,15/12/1989,63,train_Client_106966,11,0
101,13/11/2008,60,train_Client_106967,11,0
311,12/3/2009,63,train_Client_106968,11,0
311,28/8/2013,63,train_Client_106970,11,0
311,16/5/2000,63,train_Client_106971,11,0
311,19/3/2012,63,train_Client_106973,12,0
101,16/3/1978,60,train_Client_106974,11,0
101,4/9/2000,60,train_Client_106980,11,0
101,7/9/2001,60,train_Client_106982,11,0
101,29/3/1978,60,train_Client_106983,11,1
101,6/8/1998,60,train_Client_106984,11,0
101,8/2/2019,60,train_Client_106985,11,0
101,16/11/1981,60,train_Client_106986,11,1
311,10/1/2015,63,train_Client_106987,11,0
101,25/11/2010,60,train_Client_106988,11,0
103,2/4/2008,69,train_Client_106989,11,0
313,24/12/2009,63,train_Client_10699,11,0
101,2/9/2015,60,train_Client_106990,11,0
312,31/12/1998,63,train_Client_106992,11,0
101,18/10/2012,60,train_Client_106993,11,0
301,8/3/2010,62,train_Client_106994,11,0
101,29/12/1991,60,train_Client_106995,12,0
311,30/10/2001,63,train_Client_106996,11,0
104,19/9/2005,69,train_Client_106997,12,0
306,16/3/2004,63,train_Client_106998,11,0
107,18/11/2002,69,train_Client_107,11,0
103,27/5/1993,69,train_Client_1070,51,0
101,2/2/2015,60,train_Client_107000,11,0
303,9/6/2000,62,train_Client_107003,11,0
311,12/5/2017,63,train_Client_107005,11,0
104,11/11/2009,69,train_Client_107006,11,0
301,8/11/2012,62,train_Client_107007,11,0
302,10/5/2014,62,train_Client_107008,11,0
104,25/4/2007,69,train_Client_107009,11,0
101,31/7/1985,60,train_Client_10701,11,0
101,15/1/2008,60,train_Client_107011,11,0
103,16/10/2012,69,train_Client_107012,11,1
302,27/9/1995,62,train_Client_107013,11,0
101,12/11/1985,60,train_Client_107014,11,0
303,16/12/2010,62,train_Client_107015,11,0
104,11/5/1978,69,train_Client_107016,11,0
303,21/10/2010,62,train_Client_107017,11,0
104,16/6/2015,69,train_Client_107018,11,0
379,8/8/1981,63,train_Client_107019,11,0
302,2/8/2018,62,train_Client_107021,11,0
103,21/6/2008,69,train_Client_107023,11,0
101,15/12/2017,60,train_Client_107024,11,0
101,10/9/2008,60,train_Client_107025,11,0
101,26/6/2002,60,train_Client_107026,11,0
103,19/3/2014,69,train_Client_107027,11,0
104,29/9/1993,69,train_Client_107028,11,0
304,17/2/2015,62,train_Client_107031,11,0
101,27/2/2009,60,train_Client_107032,11,0
101,14/6/2011,60,train_Client_107036,11,0
304,30/12/2002,62,train_Client_107037,11,0
303,3/11/2009,62,train_Client_107038,11,0
307,20/11/2000,62,train_Client_107039,11,0
308,11/9/2014,63,train_Client_10704,11,0
103,20/12/2018,69,train_Client_107040,11,0
103,10/1/2007,69,train_Client_107041,11,0
101,20/12/1993,60,train_Client_107042,11,0
303,13/11/1980,62,train_Client_107044,11,0
306,23/9/1994,63,train_Client_107045,11,0
107,2/12/2013,69,train_Client_107046,11,0
304,24/3/1987,62,train_Client_107047,11,0
101,3/4/2008,60,train_Client_107049,11,0
104,26/12/2011,69,train_Client_107050,11,0
310,21/5/1987,62,train_Client_107051,11,0
101,19/9/2011,60,train_Client_107052,11,0
304,26/12/2000,62,train_Client_107053,11,0
309,20/9/1989,62,train_Client_107054,11,0
104,30/4/2014,69,train_Client_107055,11,0
101,5/12/2008,60,train_Client_107056,11,0
103,22/11/2012,69,train_Client_107058,11,0
312,16/10/2014,63,train_Client_107059,11,0
107,11/4/2018,69,train_Client_10706,11,0
107,9/6/1980,69,train_Client_107060,11,0
302,30/1/2015,62,train_Client_107061,11,0
311,25/5/2000,63,train_Client_107062,11,0
101,25/12/1980,60,train_Client_107063,11,0
107,13/10/2012,69,train_Client_107064,11,0
311,18/11/2013,63,train_Client_107065,11,0
101,16/6/2006,60,train_Client_107067,11,0
101,28/9/2005,60,train_Client_107068,11,0
306,27/11/2013,63,train_Client_107069,11,0
302,27/2/1989,62,train_Client_10707,11,0
101,6/6/2000,60,train_Client_107071,11,0
307,3/12/1982,62,train_Client_107073,11,1
310,23/9/2011,62,train_Client_107074,11,0
103,30/8/2001,69,train_Client_107075,11,0
301,9/12/1996,62,train_Client_107076,11,0
101,22/6/1981,60,train_Client_107077,11,0
104,23/11/2009,69,train_Client_107078,11,0
306,11/12/1980,63,train_Client_10708,11,0
104,3/3/2015,69,train_Client_107080,11,0
312,2/6/2014,63,train_Client_107081,11,0
303,7/9/1977,62,train_Client_107083,11,0
107,13/6/2006,69,train_Client_107085,11,0
101,4/10/1999,60,train_Client_107086,11,0
101,24/2/2015,60,train_Client_107087,11,0
303,25/12/1996,62,train_Client_107088,12,0
306,31/12/1985,63,train_Client_107089,11,0
311,14/4/2015,63,train_Client_107091,51,0
312,15/7/1992,63,train_Client_107092,11,0
301,3/4/2018,62,train_Client_107093,11,0
104,26/12/2016,69,train_Client_107094,11,1
101,18/10/2007,60,train_Client_107095,11,0
107,1/12/1994,69,train_Client_107096,11,0
310,7/3/2017,62,train_Client_107098,11,0
303,26/2/2009,62,train_Client_1071,11,0
103,2/12/2010,69,train_Client_107100,11,1
302,21/7/1980,62,train_Client_107102,11,0
307,29/3/1980,62,train_Client_107103,11,0
103,29/8/2009,69,train_Client_107104,11,0
301,24/11/2010,62,train_Client_107106,11,0
101,26/5/1979,60,train_Client_107108,11,0
101,16/7/2001,60,train_Client_107109,11,0
101,19/11/2014,60,train_Client_107110,11,0
103,7/9/2011,69,train_Client_107111,11,0
312,30/12/2002,63,train_Client_107112,11,0
107,20/11/2015,69,train_Client_107114,11,0
306,28/5/2012,63,train_Client_107115,11,0
305,25/12/2013,62,train_Client_107116,11,0
309,11/6/2001,62,train_Client_107117,11,0
311,8/2/2002,63,train_Client_107119,11,0
106,31/12/1987,69,train_Client_10712,11,0
101,15/5/1979,60,train_Client_107120,11,0
103,19/9/2014,69,train_Client_107121,11,0
101,14/12/1987,60,train_Client_107122,11,0
101,30/9/2011,60,train_Client_107123,12,0
101,25/12/2014,60,train_Client_107125,11,0
107,9/5/2017,69,train_Client_107126,11,0
312,11/12/2017,63,train_Client_107129,11,0
101,2/3/2004,60,train_Client_10713,11,0
301,30/8/2017,62,train_Client_107130,11,0
306,25/12/2000,63,train_Client_107131,11,0
107,8/12/2015,69,train_Client_107132,11,0
306,26/12/2002,63,train_Client_107134,11,0
104,7/8/2012,69,train_Client_107136,11,0
305,23/5/2011,62,train_Client_107137,11,0
311,12/5/2012,63,train_Client_107138,11,0
101,22/6/2011,60,train_Client_10714,11,0
104,11/8/2011,69,train_Client_107141,11,0
104,23/8/1980,69,train_Client_107142,11,0
107,5/12/2006,69,train_Client_107143,11,0
371,14/1/2008,62,train_Client_107144,11,0
107,19/9/2011,69,train_Client_107145,11,1
101,14/3/2017,60,train_Client_107146,11,0
107,26/3/2007,69,train_Client_107147,11,0
101,19/4/1980,60,train_Client_107148,11,0
101,11/6/2002,60,train_Client_107149,11,0
101,22/10/2013,60,train_Client_107150,11,0
305,9/10/2012,62,train_Client_107152,11,0
101,21/2/2017,60,train_Client_107153,11,0
303,2/7/2012,62,train_Client_107154,11,0
301,5/10/1982,62,train_Client_107157,11,0
301,3/2/2015,62,train_Client_10716,11,0
301,29/4/2013,62,train_Client_107161,11,0
311,3/12/2013,63,train_Client_107162,11,0
305,24/4/2000,62,train_Client_107163,11,0
307,16/9/1987,62,train_Client_107165,11,0
311,6/9/1990,63,train_Client_107166,11,0
301,1/1/1997,62,train_Client_107167,11,0
101,12/3/2009,60,train_Client_107168,11,0
312,20/8/2008,63,train_Client_107169,11,0
304,28/7/1989,62,train_Client_10717,11,0
104,7/1/2008,69,train_Client_107173,11,0
310,7/7/2011,62,train_Client_107176,11,0
310,6/5/1981,62,train_Client_107177,11,0
103,22/4/1999,69,train_Client_107178,11,0
101,28/5/1979,60,train_Client_10718,11,0
305,30/6/2003,62,train_Client_107180,11,0
301,26/2/2018,62,train_Client_107182,11,0
310,28/1/2010,62,train_Client_107183,11,0
104,22/4/2009,69,train_Client_107184,11,0
311,12/2/2016,63,train_Client_107185,11,0
107,28/5/2011,69,train_Client_107188,11,0
309,9/4/2009,62,train_Client_10719,11,0
104,29/12/1977,69,train_Client_107190,11,0
305,15/11/2011,62,train_Client_107193,11,0
106,31/1/1984,69,train_Client_107194,51,0
107,6/11/1986,69,train_Client_107196,11,0
312,26/3/2015,63,train_Client_107197,11,0
107,17/2/2007,69,train_Client_107198,11,0
309,31/3/1993,62,train_Client_107199,11,0
302,8/12/1994,62,train_Client_10720,11,0
101,25/4/2017,60,train_Client_107200,11,0
311,10/7/2014,63,train_Client_107201,11,0
301,10/6/2011,62,train_Client_107202,11,0
306,28/10/2010,63,train_Client_107203,11,0
104,21/5/1998,69,train_Client_107204,11,0
103,4/12/2009,69,train_Client_107206,51,0
302,20/5/1980,62,train_Client_107207,11,0
101,14/5/1979,60,train_Client_107208,11,0
301,22/3/1979,62,train_Client_107209,11,0
101,22/1/2002,60,train_Client_107210,11,0
104,26/6/2009,69,train_Client_107211,11,0
310,30/11/2011,62,train_Client_107212,11,0
101,20/8/1984,60,train_Client_107213,11,0
312,4/5/2010,63,train_Client_107214,11,0
101,16/7/2002,60,train_Client_107215,11,0
310,5/9/2012,62,train_Client_107217,11,0
306,28/9/2005,63,train_Client_107220,11,1
303,25/5/2016,62,train_Client_107222,11,0
104,20/9/2007,69,train_Client_107223,11,0
301,26/6/1984,62,train_Client_107224,11,0
104,9/10/2000,69,train_Client_107226,11,0
101,17/11/2014,60,train_Client_107228,11,0
101,14/8/2010,60,train_Client_107230,11,0
313,22/12/1987,63,train_Client_107231,11,1
312,30/10/2001,63,train_Client_107233,11,1
104,12/3/1977,69,train_Client_107234,11,0
307,18/5/2011,62,train_Client_107237,11,0
101,11/1/2013,60,train_Client_107238,11,0
371,12/4/2005,62,train_Client_107239,11,0
103,28/11/2018,69,train_Client_107240,11,0
101,8/4/2010,60,train_Client_107241,11,0
101,27/10/1980,60,train_Client_107242,11,0
101,31/8/2016,60,train_Client_107243,11,0
105,12/4/1989,69,train_Client_107244,11,0
302,14/6/2012,62,train_Client_107245,11,0
101,14/10/1980,60,train_Client_107246,11,0
104,18/5/2012,69,train_Client_107247,11,0
306,12/5/2009,63,train_Client_107248,11,0
101,23/2/2007,60,train_Client_107249,11,0
301,11/6/2010,62,train_Client_107250,11,0
103,10/4/2013,69,train_Client_107251,12,0
101,15/12/1986,60,train_Client_107252,11,0
104,2/8/2016,69,train_Client_107254,11,0
101,25/12/2002,60,train_Client_107255,11,0
103,27/1/2006,69,train_Client_107257,11,0
101,18/4/2007,60,train_Client_107259,11,0
371,27/2/2007,62,train_Client_10726,11,0
101,8/11/2004,60,train_Client_107260,11,0
107,21/5/2003,69,train_Client_107261,11,0
107,22/7/2011,69,train_Client_107262,11,0
101,8/3/2002,60,train_Client_107263,11,0
309,31/8/2001,62,train_Client_107264,11,0
101,2/10/2012,60,train_Client_107266,11,0
301,30/6/2006,62,train_Client_107269,11,0
103,25/9/2010,69,train_Client_107270,11,0
101,18/9/2000,60,train_Client_107271,11,0
101,28/3/1988,63,train_Client_107272,11,0
103,31/12/2014,69,train_Client_107273,11,0
311,10/10/2015,63,train_Client_107275,11,0
306,31/12/2004,63,train_Client_107277,11,0
101,14/6/2013,60,train_Client_107278,11,1
371,25/4/1997,62,train_Client_107281,11,0
101,17/2/1988,60,train_Client_107282,11,0
104,1/10/2010,69,train_Client_107285,12,0
101,6/2/2009,60,train_Client_107286,11,0
310,16/5/2007,62,train_Client_107287,11,0
371,31/12/1990,62,train_Client_10729,11,0
303,23/4/2015,62,train_Client_107290,11,0
304,27/2/2016,62,train_Client_107291,11,0
304,30/12/1998,62,train_Client_107292,11,0
101,20/7/2000,60,train_Client_107293,11,0
311,21/8/1989,63,train_Client_107294,11,0
107,1/4/2008,69,train_Client_107297,11,0
306,25/6/2002,63,train_Client_107298,11,0
305,29/5/2000,62,train_Client_1073,11,0
311,12/6/2018,63,train_Client_10730,11,0
302,8/9/1988,62,train_Client_107300,11,1
104,26/10/2013,69,train_Client_107304,11,0
313,20/5/2014,63,train_Client_107305,11,0
301,4/2/1985,62,train_Client_107306,11,0
301,4/4/2013,62,train_Client_107308,11,0
101,24/8/2009,60,train_Client_107309,11,0
104,22/2/1993,69,train_Client_10731,11,0
104,8/1/2007,69,train_Client_107310,11,0
311,11/5/1999,63,train_Client_107311,11,0
303,18/8/2011,62,train_Client_107312,12,0
303,22/11/2016,62,train_Client_107314,11,0
311,21/3/2017,63,train_Client_107316,12,0
310,22/5/2008,62,train_Client_107317,11,0
107,8/3/2016,69,train_Client_107318,11,0
309,10/12/1985,62,train_Client_107319,11,0
311,9/3/2017,63,train_Client_10732,11,0
306,4/2/2016,63,train_Client_107321,11,0
101,16/5/2017,60,train_Client_107323,11,0
101,22/3/2016,60,train_Client_107324,11,0
107,15/4/2015,69,train_Client_107325,11,0
104,28/4/2014,69,train_Client_107327,11,0
107,2/12/2014,69,train_Client_107328,11,0
101,17/11/2006,60,train_Client_107329,11,0
306,30/7/2002,63,train_Client_10733,11,0
306,17/9/2018,63,train_Client_107330,11,0
305,17/3/1981,62,train_Client_107331,11,0
301,2/2/1978,62,train_Client_107332,11,0
107,7/5/1993,69,train_Client_107334,11,0
311,30/8/2014,63,train_Client_107338,12,0
301,6/5/2014,62,train_Client_10734,11,0
101,27/12/2003,60,train_Client_107340,11,0
101,8/6/2012,60,train_Client_107342,11,0
104,16/12/2016,69,train_Client_107344,11,0
104,9/5/1981,69,train_Client_107345,11,0
103,7/1/2008,69,train_Client_107346,11,0
301,25/6/1993,62,train_Client_107347,11,0
101,2/2/2010,60,train_Client_107348,11,0
101,21/12/2015,60,train_Client_107349,11,0
306,26/11/2013,63,train_Client_107350,11,0
302,26/9/2011,62,train_Client_107351,11,0
103,16/6/2014,69,train_Client_107352,11,0
101,23/1/1978,60,train_Client_107353,11,0
306,17/12/1992,63,train_Client_107357,11,0
312,22/12/2011,63,train_Client_107358,11,0
107,13/12/1984,69,train_Client_107359,11,0
101,14/7/2009,60,train_Client_10736,12,0
103,7/9/2011,69,train_Client_107360,11,0
371,7/9/1998,62,train_Client_107361,11,0
311,27/9/2016,63,train_Client_107364,11,0
303,2/11/2006,62,train_Client_107367,11,0
104,30/1/2014,69,train_Client_107368,11,0
311,27/11/2013,63,train_Client_107369,11,0
101,23/5/1994,60,train_Client_107370,11,0
312,10/12/2014,63,train_Client_107371,12,0
101,21/1/2009,60,train_Client_107372,11,0
310,17/4/2007,62,train_Client_107374,11,0
103,28/10/2013,69,train_Client_107375,11,0
307,10/4/1986,62,train_Client_107376,11,0
107,2/10/1996,69,train_Client_107377,11,0
303,27/9/2010,62,train_Client_107379,11,0
310,20/4/2017,62,train_Client_107380,11,0
303,14/12/1998,62,train_Client_107381,11,0
306,15/6/2009,63,train_Client_107382,11,0
305,13/10/1980,62,train_Client_107383,11,0
103,1/6/2013,69,train_Client_107385,11,0
301,30/11/2007,62,train_Client_107386,11,0
101,1/10/2004,60,train_Client_10739,11,0
312,3/6/2014,63,train_Client_107390,11,0
379,11/3/2011,63,train_Client_107392,11,0
107,4/12/1998,69,train_Client_107396,11,0
307,12/4/2005,62,train_Client_107397,11,0
312,27/12/2012,63,train_Client_107398,11,0
104,21/9/1999,69,train_Client_1074,11,1
104,13/12/1984,69,train_Client_10740,11,0
303,28/10/2013,62,train_Client_107401,11,0
104,14/8/2009,69,train_Client_107402,11,0
103,24/10/2015,69,train_Client_107403,11,1
303,19/8/1978,62,train_Client_107404,11,0
104,16/5/1983,69,train_Client_107405,11,0
302,16/1/2015,62,train_Client_107407,11,0
107,31/1/2014,69,train_Client_107408,11,0
311,31/1/2017,63,train_Client_10741,11,0
307,14/11/2011,62,train_Client_107410,11,0
311,8/4/1987,63,train_Client_107411,11,0
101,31/3/2010,60,train_Client_107412,11,0
107,20/5/2014,69,train_Client_107413,11,0
101,23/5/2012,60,train_Client_107416,11,0
107,30/4/2015,69,train_Client_107418,11,0
304,15/11/2010,62,train_Client_10742,11,0
104,22/9/2017,69,train_Client_107421,11,0
311,21/4/1997,63,train_Client_107422,11,0
306,26/1/2018,63,train_Client_107423,11,0
311,19/9/2016,63,train_Client_107424,11,0
101,11/1/2010,60,train_Client_107425,11,0
310,16/10/2007,62,train_Client_107426,11,0
107,16/12/2015,69,train_Client_107427,11,0
307,20/10/2014,62,train_Client_107428,11,0
311,7/1/2011,63,train_Client_107429,11,1
101,11/1/2018,60,train_Client_10743,11,0
101,23/1/1978,60,train_Client_107430,11,0
107,2/1/2015,69,train_Client_107431,12,0
105,31/10/1989,69,train_Client_107432,11,0
302,5/3/2015,62,train_Client_107434,11,0
101,29/9/1997,60,train_Client_107436,11,0
101,15/12/2008,60,train_Client_107437,11,0
101,25/5/2017,60,train_Client_107438,11,0
107,29/8/2009,69,train_Client_107439,11,0
107,27/7/1983,69,train_Client_107440,11,0
313,16/5/2015,63,train_Client_107441,11,0
307,16/12/1996,62,train_Client_107442,11,0
301,5/11/2018,62,train_Client_107445,11,0
309,1/3/2013,62,train_Client_107446,11,0
302,24/7/2006,62,train_Client_107447,11,0
101,8/3/2010,60,train_Client_107448,11,0
311,26/1/2018,63,train_Client_107449,51,0
304,5/3/1980,62,train_Client_107450,12,0
107,29/1/1996,69,train_Client_107454,11,0
104,22/10/1987,69,train_Client_107455,11,0
107,11/5/1984,69,train_Client_107456,11,0
101,20/8/2008,60,train_Client_107457,11,0
101,30/9/1998,60,train_Client_107458,11,0
305,18/4/2014,62,train_Client_107463,11,0
301,17/3/1981,62,train_Client_107464,11,0
311,29/9/2000,63,train_Client_107466,11,0
304,8/3/2010,62,train_Client_107467,11,0
312,20/10/2008,63,train_Client_107469,11,0
107,17/8/1979,69,train_Client_10747,11,0
101,15/11/1983,60,train_Client_107471,11,0
107,13/12/1984,69,train_Client_107472,11,0
310,29/1/2018,62,train_Client_107475,11,0
104,26/6/1995,69,train_Client_107476,11,0
104,19/3/1985,69,train_Client_107477,11,0
104,18/6/2015,69,train_Client_107478,11,0
103,22/11/2013,69,train_Client_10748,11,0
302,30/1/2008,62,train_Client_107480,11,0
107,6/11/2017,69,train_Client_107481,11,0
101,4/9/1992,60,train_Client_107482,11,0
101,10/8/1981,60,train_Client_107483,11,0
311,9/12/1993,63,train_Client_107484,11,0
302,29/5/2013,62,train_Client_107485,11,0
107,10/12/2010,69,train_Client_107486,11,0
101,19/4/1979,60,train_Client_107487,11,0
311,3/10/2013,63,train_Client_107488,11,0
312,26/5/2018,63,train_Client_107489,11,0
107,18/11/2015,69,train_Client_10749,11,0
306,20/9/1990,63,train_Client_107490,11,0
101,5/5/1997,60,train_Client_107492,11,0
103,28/9/2017,69,train_Client_107493,11,0
301,16/9/1988,62,train_Client_107496,11,0
310,25/4/1997,62,train_Client_107497,11,0
104,29/1/2002,69,train_Client_107498,11,0
312,29/3/2011,63,train_Client_107499,11,0
312,26/5/1987,63,train_Client_1075,11,1
301,7/1/2008,62,train_Client_10750,11,0
101,20/12/2001,60,train_Client_107500,11,0
371,10/3/2012,62,train_Client_107502,11,0
104,25/5/2001,69,train_Client_107503,11,0
106,9/11/2012,69,train_Client_107504,11,0
302,13/5/2002,62,train_Client_107505,11,0
101,18/8/2010,60,train_Client_107507,12,0
101,2/6/2009,60,train_Client_107508,12,0
379,11/7/2017,63,train_Client_107510,11,0
311,20/11/1996,63,train_Client_107511,11,0
103,16/3/2016,69,train_Client_107512,11,1
101,3/12/2009,60,train_Client_107513,11,0
302,17/8/2018,62,train_Client_107514,11,0
306,13/2/2016,63,train_Client_107515,11,0
313,8/12/2012,63,train_Client_107516,11,0
101,30/6/1990,60,train_Client_107517,11,0
306,30/5/1990,63,train_Client_107518,11,0
104,1/11/1996,69,train_Client_10752,11,0
313,13/10/1995,63,train_Client_107520,11,1
307,8/10/2014,62,train_Client_107521,11,0
312,22/12/2016,63,train_Client_107523,11,0
312,29/8/2003,63,train_Client_107524,11,0
309,15/2/2018,62,train_Client_107529,11,0
101,14/10/2016,60,train_Client_107530,11,0
104,20/6/2017,69,train_Client_107532,11,0
372,20/4/2018,63,train_Client_107533,11,0
371,12/12/2012,62,train_Client_107536,11,0
306,26/3/1984,63,train_Client_107537,11,0
101,12/9/1988,60,train_Client_107539,11,0
101,18/5/2007,60,train_Client_107540,11,0
301,15/5/2006,62,train_Client_107541,11,0
313,5/2/1993,63,train_Client_107542,11,0
103,14/12/2015,69,train_Client_107543,11,0
101,5/7/2011,60,train_Client_107544,11,0
301,13/6/1994,62,train_Client_107545,11,0
104,7/11/2012,69,train_Client_107547,11,1
371,21/5/2012,62,train_Client_107548,11,0
101,19/2/2008,60,train_Client_107551,11,0
311,13/7/2013,63,train_Client_107552,11,0
107,10/2/2011,69,train_Client_107553,11,0
101,30/3/2011,60,train_Client_107554,11,0
101,21/8/2008,60,train_Client_107555,11,0
371,7/4/2006,62,train_Client_107556,11,0
305,2/1/2017,62,train_Client_107557,11,0
107,23/10/1989,69,train_Client_107558,11,0
306,2/11/2015,63,train_Client_107559,11,0
101,23/6/2003,60,train_Client_107561,11,0
303,16/3/2018,62,train_Client_107563,11,0
103,25/12/2010,69,train_Client_107567,11,0
304,2/11/2010,62,train_Client_10757,11,0
301,3/12/2014,62,train_Client_107570,11,0
311,30/12/1997,63,train_Client_107571,11,0
104,28/1/2014,69,train_Client_107572,11,0
101,5/6/2013,60,train_Client_107573,11,0
399,10/2/1986,63,train_Client_107575,11,0
304,28/12/1995,62,train_Client_107576,11,0
311,13/5/2010,63,train_Client_107578,11,0
107,7/11/1984,69,train_Client_107579,11,0
310,8/11/2006,62,train_Client_107580,11,0
307,29/11/2007,62,train_Client_107582,11,0
303,27/12/1991,62,train_Client_107583,11,1
103,21/4/2014,69,train_Client_107585,51,1
309,15/9/1995,62,train_Client_107587,11,0
103,12/6/2014,69,train_Client_107588,11,0
104,20/6/2001,69,train_Client_10759,11,0
101,9/7/2007,60,train_Client_107590,11,0
301,29/4/2011,62,train_Client_107591,11,0
311,13/10/2010,63,train_Client_107592,11,0
310,23/4/2015,62,train_Client_107593,11,0
104,1/4/2014,69,train_Client_107594,11,1
101,3/10/2015,60,train_Client_107595,11,0
309,31/5/2007,62,train_Client_107596,11,0
101,30/3/2011,60,train_Client_107600,11,0
104,29/4/1983,69,train_Client_107601,11,0
103,14/11/2015,69,train_Client_107603,11,0
310,24/10/2016,62,train_Client_107604,11,0
101,12/12/2012,60,train_Client_107605,11,0
301,6/5/1994,62,train_Client_107606,11,0
101,19/4/2010,60,train_Client_107607,11,0
301,27/4/1993,62,train_Client_107608,11,0
301,5/10/2009,62,train_Client_107609,11,0
312,1/11/2001,63,train_Client_10761,11,0
307,21/4/2004,62,train_Client_107610,11,0
305,12/8/2014,62,train_Client_107611,11,0
309,26/12/2011,62,train_Client_107612,11,0
301,30/8/2017,62,train_Client_107613,11,0
307,16/9/1986,62,train_Client_107614,11,0
313,20/5/2014,63,train_Client_107615,11,0
311,26/5/1987,63,train_Client_107616,11,0
301,29/10/2002,62,train_Client_107617,11,0
310,30/12/2004,62,train_Client_107618,11,0
307,17/5/1995,62,train_Client_10762,11,0
103,26/10/2016,69,train_Client_107621,11,0
104,21/5/2002,69,train_Client_107625,11,0
104,6/11/2002,69,train_Client_107627,11,0
101,17/12/1998,60,train_Client_107628,11,0
106,24/9/1981,69,train_Client_107629,11,0
104,13/1/1979,69,train_Client_10763,11,0
302,24/9/1999,62,train_Client_107630,11,0
309,27/12/2011,62,train_Client_107631,11,0
103,27/5/1993,69,train_Client_107632,11,0
306,10/2/1986,63,train_Client_107634,11,0
310,15/12/1992,62,train_Client_107635,11,0
306,20/7/2016,63,train_Client_107636,11,0
306,30/11/2015,63,train_Client_107637,11,0
103,17/9/2011,69,train_Client_107639,11,0
311,26/1/2000,63,train_Client_107640,11,0
101,10/11/2008,60,train_Client_107643,11,0
107,17/3/2007,69,train_Client_107644,11,0
101,11/2/2015,60,train_Client_107645,11,0
101,10/2/2010,60,train_Client_107646,11,0
107,11/12/2015,69,train_Client_107648,11,0
306,5/5/2015,63,train_Client_10765,11,0
305,29/3/2014,62,train_Client_107650,11,0
307,29/5/1982,62,train_Client_107651,11,0
308,14/4/2016,63,train_Client_107652,11,0
101,17/7/2007,60,train_Client_107653,11,0
101,12/5/2003,63,train_Client_107654,11,0
107,28/9/2010,69,train_Client_107658,11,1
306,15/12/2011,63,train_Client_10766,11,0
104,20/12/2017,69,train_Client_107661,11,0
301,7/5/2014,62,train_Client_107662,11,0
371,16/6/2008,62,train_Client_107665,11,1
101,18/11/2006,60,train_Client_107666,11,0
301,28/7/2000,62,train_Client_107668,11,0
301,8/3/2010,62,train_Client_107669,11,0
104,10/6/2008,69,train_Client_10767,11,0
303,23/5/2016,62,train_Client_107670,11,0
101,18/10/2004,60,train_Client_107671,11,0
311,20/5/2003,63,train_Client_107672,11,0
310,29/10/2007,62,train_Client_107673,11,0
311,13/10/2010,63,train_Client_107674,11,0
301,5/5/2010,62,train_Client_107675,11,0
101,18/9/1996,60,train_Client_107676,11,0
301,20/2/2010,62,train_Client_107677,11,0
305,25/9/2002,62,train_Client_107680,11,0
301,11/5/2007,62,train_Client_107681,11,0
305,28/10/1996,62,train_Client_107682,11,1
313,7/4/2017,63,train_Client_107683,11,0
304,24/2/2003,62,train_Client_107686,11,0
312,11/12/2015,63,train_Client_107688,11,0
104,8/9/2012,69,train_Client_107689,11,0
107,7/5/1993,69,train_Client_107690,11,0
301,13/11/1998,62,train_Client_107691,11,0
101,17/9/2007,60,train_Client_107692,11,0
101,13/12/1994,60,train_Client_107693,11,0
107,9/8/2014,69,train_Client_107694,11,0
306,28/2/2007,63,train_Client_107695,11,0
301,2/10/2006,62,train_Client_107696,11,0
309,27/12/1990,62,train_Client_107697,11,0
301,2/2/1987,62,train_Client_107698,11,0
311,8/3/2016,63,train_Client_107699,11,0
104,31/10/2000,69,train_Client_107700,11,0
302,5/3/2018,62,train_Client_107702,11,0
104,4/3/2013,69,train_Client_107704,11,0
307,12/12/2007,62,train_Client_107705,11,0
307,19/4/2016,62,train_Client_107707,11,0
308,28/12/2005,63,train_Client_107708,11,0
302,9/6/2000,62,train_Client_10771,11,0
104,27/5/2005,69,train_Client_107710,11,0
305,26/12/2000,62,train_Client_107713,11,0
303,17/7/2007,62,train_Client_107717,11,0
107,12/8/2009,69,train_Client_107718,11,0
104,17/9/2018,69,train_Client_107719,11,0
302,2/5/2007,62,train_Client_10772,11,0
309,14/4/2015,62,train_Client_107720,11,0
103,26/4/2011,69,train_Client_107721,11,0
101,20/11/2013,60,train_Client_107722,11,0
304,25/6/2012,62,train_Client_107724,11,0
103,11/7/2017,69,train_Client_107725,11,0
303,12/2/2018,62,train_Client_107726,11,0
304,18/3/2009,62,train_Client_107727,11,0
103,22/4/1999,69,train_Client_107729,11,1
312,23/6/2018,63,train_Client_10773,11,0
303,30/12/1981,62,train_Client_107730,11,0
104,5/8/2009,69,train_Client_107731,11,0
107,14/5/2009,69,train_Client_107732,11,0
101,22/10/1991,60,train_Client_107734,11,0
101,21/7/2008,60,train_Client_107735,11,0
107,2/12/2009,69,train_Client_107736,11,0
301,3/1/1978,62,train_Client_107737,11,0
101,7/8/1982,60,train_Client_10774,11,0
101,19/10/2005,60,train_Client_107740,11,0
306,10/12/2007,63,train_Client_107741,11,0
107,22/12/1998,69,train_Client_107742,11,0
307,31/5/1982,62,train_Client_107743,11,0
302,10/5/2016,62,train_Client_107744,11,0
309,21/11/1990,62,train_Client_107745,11,0
103,12/8/2010,69,train_Client_107747,11,0
305,25/6/1985,62,train_Client_107748,11,0
101,10/6/2008,60,train_Client_107749,11,0
311,28/2/2001,63,train_Client_10775,12,0
301,20/11/1997,62,train_Client_107750,11,0
104,27/9/1977,69,train_Client_107751,11,1
107,5/9/2011,69,train_Client_107753,11,0
104,8/10/2016,69,train_Client_107755,11,0
372,16/6/1982,63,train_Client_107756,11,0
312,24/1/2015,63,train_Client_107757,11,0
104,1/8/2015,69,train_Client_107759,11,0
104,16/7/2011,69,train_Client_107760,11,0
101,7/3/2008,60,train_Client_107761,11,0
301,5/11/1984,62,train_Client_107762,11,0
103,10/11/2014,69,train_Client_107763,11,0
101,26/10/2016,60,train_Client_107764,11,1
307,18/9/1984,62,train_Client_107766,12,0
104,27/11/1990,69,train_Client_107767,11,0
101,31/8/2007,60,train_Client_107768,11,0
104,20/11/2015,69,train_Client_107769,11,0
313,14/12/1988,63,train_Client_10777,11,0
103,26/6/2008,69,train_Client_107770,11,0
311,16/6/1988,63,train_Client_107771,11,0
301,13/3/1996,62,train_Client_107772,11,0
301,22/8/2011,62,train_Client_107774,11,0
310,16/12/1996,62,train_Client_107775,11,0
101,12/12/1978,60,train_Client_107776,11,0
372,20/11/1996,63,train_Client_107777,11,1
104,28/9/1981,69,train_Client_107779,11,0
104,22/9/2017,69,train_Client_10778,11,0
104,1/7/2009,69,train_Client_107780,11,0
311,26/3/2014,63,train_Client_107783,11,0
101,20/9/2005,60,train_Client_107784,11,0
303,30/9/1983,62,train_Client_107786,11,0
104,11/7/1994,69,train_Client_107788,11,0
101,30/6/2016,60,train_Client_107789,11,0
304,16/9/1993,62,train_Client_10779,11,0
206,10/6/2014,69,train_Client_107790,11,0
103,31/1/1983,69,train_Client_107792,11,0
101,23/4/1981,60,train_Client_107793,11,0
372,22/2/2010,63,train_Client_107794,11,0
301,4/10/2013,62,train_Client_107795,11,0
312,24/5/2017,63,train_Client_107796,11,0
101,19/7/2002,63,train_Client_107797,11,0
104,9/2/2008,69,train_Client_107799,11,0
101,21/9/2010,60,train_Client_1078,11,0
312,11/1/2016,63,train_Client_107800,11,0
101,30/4/2008,60,train_Client_107802,11,0
311,20/11/1997,63,train_Client_107803,11,0
312,24/11/2010,63,train_Client_107804,11,0
310,21/10/2016,62,train_Client_107805,11,0
311,9/1/2017,63,train_Client_107806,11,0
311,3/4/2014,63,train_Client_107809,11,0
311,26/1/2000,63,train_Client_107810,11,0
107,14/12/1990,69,train_Client_107811,11,0
310,25/10/1999,62,train_Client_107813,11,1
311,4/1/2010,63,train_Client_107814,11,0
107,21/5/1993,69,train_Client_107815,11,0
311,5/8/1991,63,train_Client_107816,11,0
104,6/8/1998,69,train_Client_107817,11,0
101,27/2/1984,60,train_Client_107818,11,0
104,10/8/2010,69,train_Client_107819,11,0
306,13/9/2007,63,train_Client_10782,11,0
105,30/10/1995,69,train_Client_107820,11,0
371,11/1/2018,62,train_Client_107822,11,0
101,31/12/1994,60,train_Client_107824,11,0
101,20/8/2015,60,train_Client_107827,11,0
101,13/10/1993,60,train_Client_10783,11,0
313,3/10/1995,63,train_Client_107830,11,0
309,12/12/2012,62,train_Client_107831,11,0
101,29/11/2016,60,train_Client_107832,11,0
303,19/6/2000,62,train_Client_107833,11,0
313,17/9/1999,63,train_Client_107834,11,0
107,31/1/2002,69,train_Client_107836,11,0
107,2/12/2014,69,train_Client_107837,11,0
302,31/5/1984,62,train_Client_107839,11,0
103,29/8/2009,69,train_Client_107843,11,0
104,19/6/2007,69,train_Client_107845,11,0
101,19/9/2008,60,train_Client_107847,11,0
104,7/3/2013,69,train_Client_107849,11,0
312,22/10/2016,63,train_Client_10785,11,0
101,12/7/2011,60,train_Client_107853,11,0
107,25/10/2004,69,train_Client_107854,11,0
312,31/12/2005,63,train_Client_107855,11,0
104,14/7/2014,69,train_Client_107856,11,0
104,15/2/2013,69,train_Client_107858,11,0
309,16/12/2014,62,train_Client_10786,11,0
101,25/10/2001,63,train_Client_107861,11,0
303,31/12/2003,62,train_Client_107862,11,0
307,5/6/2012,62,train_Client_107863,11,0
104,9/9/2004,69,train_Client_107864,11,0
312,12/11/1992,63,train_Client_107865,11,0
311,17/6/2016,63,train_Client_107866,11,0
107,13/8/2007,69,train_Client_107868,11,0
302,18/12/2002,62,train_Client_107869,11,0
206,21/10/2011,69,train_Client_10787,11,0
309,9/1/2017,62,train_Client_107870,11,0
107,26/4/2017,69,train_Client_107871,11,0
103,10/12/2015,69,train_Client_107872,11,0
101,18/8/1998,60,train_Client_107873,11,0
306,29/12/1991,63,train_Client_107875,11,0
104,26/12/2011,69,train_Client_107877,11,0
305,23/6/2003,62,train_Client_107879,11,0
107,7/1/2014,69,train_Client_10788,11,0
301,30/4/2010,62,train_Client_107880,11,0
313,22/9/2015,63,train_Client_107882,11,0
101,17/4/2008,60,train_Client_107883,11,0
101,15/7/1992,60,train_Client_107884,11,0
304,16/11/2013,62,train_Client_107885,11,0
101,2/3/2004,60,train_Client_107886,11,0
303,9/8/2008,62,train_Client_107887,11,0
303,16/3/2007,62,train_Client_107889,11,0
311,29/6/1988,63,train_Client_107890,11,0
104,17/8/2009,69,train_Client_107891,11,0
303,29/12/1989,62,train_Client_107892,11,0
301,16/12/1987,62,train_Client_107897,11,0
313,13/6/1994,63,train_Client_107899,11,0
103,26/10/2011,69,train_Client_1079,11,0
101,22/4/2008,60,train_Client_107900,11,0
101,26/3/1990,60,train_Client_107901,11,0
101,31/12/1989,60,train_Client_107902,11,1
104,24/1/2018,69,train_Client_107903,11,0
311,20/11/1996,63,train_Client_107905,11,1
101,3/12/2012,60,train_Client_107906,11,0
301,30/11/2010,62,train_Client_107907,11,0
301,22/3/2000,62,train_Client_107909,11,0
311,8/12/1994,63,train_Client_107910,11,0
311,18/8/1997,63,train_Client_107912,11,0
107,29/5/2012,69,train_Client_107914,11,0
311,14/2/2011,63,train_Client_107915,11,0
107,29/8/1994,69,train_Client_107916,11,0
307,8/6/2007,62,train_Client_107917,11,0
107,14/5/2015,69,train_Client_107918,11,0
304,30/9/2016,62,train_Client_10792,11,0
101,21/5/2011,60,train_Client_107923,11,0
304,29/12/2014,62,train_Client_107924,11,0
101,6/2/2003,60,train_Client_107926,11,0
311,28/10/2008,63,train_Client_107927,11,0
302,11/4/2012,62,train_Client_107928,11,0
101,22/10/1987,63,train_Client_107929,11,0
104,13/12/1984,69,train_Client_10793,11,0
301,21/10/2014,62,train_Client_107930,11,0
309,4/9/2015,62,train_Client_107933,11,0
312,17/9/2002,63,train_Client_107935,11,0
101,10/6/1993,60,train_Client_107936,11,0
310,24/11/2016,62,train_Client_107938,11,0
302,19/12/1996,62,train_Client_10794,11,0
307,24/5/1984,62,train_Client_107940,11,0
310,20/2/2010,62,train_Client_107942,11,0
103,17/11/2012,69,train_Client_107943,11,0
301,5/12/2013,62,train_Client_107945,11,0
306,17/12/1992,63,train_Client_107946,11,0
104,6/5/1991,69,train_Client_107947,11,0
303,29/3/1985,62,train_Client_107948,11,0
107,17/8/2009,69,train_Client_107949,11,0
107,10/2/2000,69,train_Client_10795,11,1
101,30/6/1990,60,train_Client_107950,11,0
107,3/10/1979,69,train_Client_107951,11,0
302,31/12/2009,62,train_Client_107953,11,0
371,23/3/2000,62,train_Client_107954,11,0
104,31/10/1995,69,train_Client_107955,51,1
107,1/11/2013,69,train_Client_107956,11,0
306,4/11/2002,63,train_Client_107957,12,0
312,15/3/2014,63,train_Client_107958,11,0
104,27/12/2011,69,train_Client_10796,11,0
107,19/11/2016,69,train_Client_107962,11,0
313,28/5/2011,63,train_Client_107964,11,0
306,21/11/2013,63,train_Client_107965,11,0
101,24/4/1997,60,train_Client_107966,11,0
371,23/6/1995,62,train_Client_107967,11,1
101,24/11/2008,60,train_Client_107968,11,0
312,31/12/1995,63,train_Client_107969,11,0
309,16/5/1984,62,train_Client_10797,11,0
310,21/4/2016,62,train_Client_107970,11,0
101,8/3/2002,60,train_Client_107971,11,0
306,28/2/1978,63,train_Client_107974,11,0
304,7/9/2001,62,train_Client_107975,11,0
101,31/10/2013,60,train_Client_107976,11,0
107,3/11/2013,69,train_Client_107977,11,0
101,19/4/2010,60,train_Client_107978,11,0
301,19/5/1993,62,train_Client_107979,11,0
306,11/6/1979,63,train_Client_10798,11,0
101,25/8/2012,60,train_Client_107980,11,0
311,6/12/1989,63,train_Client_107982,11,0
301,12/3/2012,62,train_Client_107985,11,0
101,15/5/1992,60,train_Client_107986,11,0
307,29/5/2014,62,train_Client_107987,11,0
101,30/5/2007,60,train_Client_107989,11,0
104,21/10/2011,69,train_Client_107991,11,0
301,13/6/2011,62,train_Client_107992,11,0
302,8/11/2018,62,train_Client_107993,11,0
104,5/4/2010,69,train_Client_107994,11,0
308,6/6/2018,63,train_Client_107995,11,0
311,9/9/2017,63,train_Client_107996,11,0
101,5/5/2003,60,train_Client_107997,11,0
101,13/9/2006,63,train_Client_107998,11,0
311,21/12/1994,63,train_Client_107999,11,0
104,7/11/2016,69,train_Client_108,11,0
101,4/6/2007,60,train_Client_1080,11,0
305,28/11/2011,62,train_Client_108002,11,0
301,28/7/2000,62,train_Client_108003,11,0
305,26/12/2012,62,train_Client_108004,11,0
305,25/4/2017,62,train_Client_108006,11,0
304,2/3/2015,62,train_Client_108007,11,0
301,30/4/1985,62,train_Client_108008,11,0
101,19/3/2010,60,train_Client_108009,11,0
101,21/3/2018,60,train_Client_108011,11,0
301,21/3/2012,62,train_Client_108013,11,0
311,14/11/2017,63,train_Client_108014,11,0
107,11/7/2011,69,train_Client_108015,11,0
107,1/2/2008,69,train_Client_108016,11,0
101,31/12/1996,60,train_Client_108017,11,0
310,18/3/2016,62,train_Client_108018,11,0
107,27/11/2010,69,train_Client_108019,11,0
311,23/3/2017,63,train_Client_10802,11,0
303,9/12/2004,62,train_Client_108020,11,0
310,30/7/2014,62,train_Client_108021,11,0
308,19/9/2002,63,train_Client_108023,11,0
104,15/3/2001,69,train_Client_108024,11,0
101,11/3/2010,60,train_Client_108025,11,0
306,31/12/2004,63,train_Client_108028,11,0
301,3/12/2012,62,train_Client_10803,11,0
302,21/11/2015,62,train_Client_108030,11,0
104,3/10/2008,69,train_Client_108031,11,0
107,11/5/1977,69,train_Client_108033,11,0
311,30/6/1995,63,train_Client_108034,11,0
107,24/4/2013,69,train_Client_108035,11,0
301,23/4/2008,62,train_Client_108037,11,0
306,28/3/2015,63,train_Client_108039,11,0
103,11/12/2014,69,train_Client_10804,11,0
311,31/12/2003,63,train_Client_108040,11,0
311,12/2/2015,63,train_Client_108043,11,0
306,17/10/2014,63,train_Client_108046,11,0
311,4/2/2011,63,train_Client_108047,11,0
101,18/3/1983,60,train_Client_108048,11,0
101,22/9/2014,60,train_Client_108049,11,0
311,15/12/2005,63,train_Client_10805,51,0
103,3/11/2013,69,train_Client_108050,11,0
101,6/2/2015,63,train_Client_108054,11,0
103,6/9/2010,69,train_Client_108056,11,0
101,27/9/2010,60,train_Client_108057,11,0
107,20/6/2016,69,train_Client_108058,11,0
301,12/11/1987,62,train_Client_108059,11,0
305,28/6/2002,62,train_Client_108065,11,1
101,19/3/1984,60,train_Client_108066,11,0
301,22/12/2016,62,train_Client_108067,11,0
104,11/12/2015,69,train_Client_108069,11,0
304,22/12/1995,62,train_Client_10807,11,0
311,10/9/2009,63,train_Client_108070,11,0
301,18/2/2014,62,train_Client_108073,11,0
101,9/7/1999,60,train_Client_108074,11,0
103,15/2/2019,69,train_Client_108077,11,0
302,28/9/1998,62,train_Client_108079,11,0
104,18/9/2018,69,train_Client_108081,11,0
303,17/4/2001,62,train_Client_108082,11,0
104,3/10/1983,69,train_Client_108084,11,0
304,19/2/1985,62,train_Client_108086,11,0
311,20/2/2009,63,train_Client_108087,11,0
101,30/5/1980,60,train_Client_108089,11,0
107,16/6/2012,69,train_Client_10809,11,0
307,12/7/2010,62,train_Client_108090,11,0
371,27/2/2008,62,train_Client_108091,11,0
107,11/7/1996,69,train_Client_108093,11,0
301,8/11/2011,62,train_Client_108094,11,0
304,13/7/2015,62,train_Client_108095,11,0
101,29/4/1983,60,train_Client_108096,11,0
301,9/8/2007,62,train_Client_108099,11,0
104,1/11/2017,69,train_Client_10810,11,0
307,21/5/1996,62,train_Client_108100,11,0
107,19/10/1984,69,train_Client_108102,11,0
101,8/11/1978,60,train_Client_108103,11,0
101,27/7/2010,60,train_Client_108104,11,0
101,5/9/2012,60,train_Client_108105,11,1
104,26/7/2013,69,train_Client_108106,11,0
309,5/6/2010,62,train_Client_108108,11,0
304,10/9/2012,62,train_Client_108109,11,0
311,25/9/1992,63,train_Client_108110,11,0
311,24/9/2008,63,train_Client_108111,11,0
103,20/11/2015,69,train_Client_108112,11,0
101,17/11/2004,60,train_Client_108114,11,0
107,11/3/2014,69,train_Client_108115,11,0
313,6/9/2000,63,train_Client_108116,11,0
101,29/4/1983,60,train_Client_108118,11,0
311,24/6/2014,63,train_Client_10812,11,0
101,15/4/1983,60,train_Client_108122,11,0
101,11/12/1989,60,train_Client_108123,11,0
311,4/4/2018,63,train_Client_108124,11,0
306,7/3/2013,63,train_Client_108126,11,0
101,24/12/2008,60,train_Client_108128,11,0
301,23/9/1994,62,train_Client_108130,11,0
104,6/8/2012,69,train_Client_108131,11,0
307,31/3/2003,62,train_Client_108132,11,0
307,3/12/2014,62,train_Client_108133,11,1
303,22/9/1995,62,train_Client_108135,12,0
101,13/12/2012,60,train_Client_108138,11,0
101,21/5/2012,60,train_Client_108139,11,0
301,29/9/2008,62,train_Client_108140,11,0
107,4/4/2017,69,train_Client_108143,11,1
104,4/12/1989,69,train_Client_108146,11,0
311,29/12/2011,63,train_Client_108148,11,0
104,11/8/2011,69,train_Client_108149,11,0
311,4/11/2013,63,train_Client_108150,11,0
301,26/5/2016,62,train_Client_108151,11,0
306,29/9/2012,63,train_Client_108152,11,0
303,19/2/2013,62,train_Client_108154,11,0
101,5/1/2012,60,train_Client_108155,11,0
107,25/1/2010,69,train_Client_108156,11,0
105,7/12/1987,69,train_Client_108157,11,0
107,7/1/2014,69,train_Client_108158,11,0
306,12/6/2009,63,train_Client_108159,11,0
104,22/12/2011,69,train_Client_10816,12,0
301,15/4/1986,62,train_Client_108160,11,0
107,16/12/2013,69,train_Client_108162,11,0
302,22/9/2016,62,train_Client_108163,51,0
104,22/4/1994,69,train_Client_108164,11,1
310,21/10/1999,62,train_Client_108165,11,0
104,11/1/2008,69,train_Client_108166,11,0
307,24/11/1994,62,train_Client_108167,11,0
309,21/5/2007,62,train_Client_108168,12,0
104,23/7/2007,69,train_Client_108170,11,0
101,14/2/2009,60,train_Client_108171,11,0
103,12/3/2010,69,train_Client_108172,51,1
107,26/7/2008,69,train_Client_108173,11,0
306,4/4/2016,63,train_Client_108176,11,0
101,29/9/2015,60,train_Client_108181,11,0
107,18/10/2016,69,train_Client_108182,11,0
311,20/5/2005,63,train_Client_108184,11,0
101,26/12/2006,60,train_Client_108185,11,0
303,10/4/2001,62,train_Client_108186,11,0
312,24/12/2003,63,train_Client_108187,11,0
104,16/3/1999,69,train_Client_108188,11,0
101,16/3/2010,60,train_Client_10819,11,1
103,9/3/2018,69,train_Client_108190,12,0
101,31/12/1995,60,train_Client_108191,11,0
104,7/6/2012,69,train_Client_108192,11,0
101,30/10/2001,60,train_Client_108194,11,0
101,13/6/1981,60,train_Client_108195,11,0
101,27/8/2009,60,train_Client_108196,11,0
301,30/9/2002,62,train_Client_108198,11,0
313,27/7/2017,63,train_Client_1082,11,0
310,21/8/2007,62,train_Client_108200,11,0
303,20/2/2017,62,train_Client_108202,11,0
310,21/4/2015,62,train_Client_108204,11,0
101,22/3/1980,60,train_Client_108205,11,0
312,10/10/2018,63,train_Client_108206,11,0
309,23/11/2010,62,train_Client_108207,11,0
104,6/11/2013,69,train_Client_108208,11,0
303,19/3/1984,62,train_Client_108209,11,0
103,11/12/1992,69,train_Client_108212,11,0
107,13/11/2007,69,train_Client_108214,11,0
104,24/9/2007,69,train_Client_108215,11,0
101,15/2/2010,60,train_Client_108216,11,0
107,23/11/2000,69,train_Client_108218,11,0
101,28/3/2011,60,train_Client_10822,11,0
101,19/12/1996,60,train_Client_108221,11,0
107,21/8/2017,69,train_Client_108223,11,0
301,20/4/2009,62,train_Client_108224,11,0
101,11/6/2007,60,train_Client_108225,11,0
371,16/10/2000,62,train_Client_108226,11,0
101,8/12/2003,60,train_Client_108230,11,0
311,14/10/2014,63,train_Client_108231,11,0
304,22/6/2001,62,train_Client_108232,11,0
101,30/7/1991,60,train_Client_108234,11,0
311,13/10/2014,63,train_Client_108235,11,0
104,16/2/2000,69,train_Client_108238,11,0
103,4/12/2012,69,train_Client_108239,11,0
304,14/6/1977,62,train_Client_108240,11,0
309,16/12/1987,62,train_Client_108242,11,0
104,19/11/1996,69,train_Client_108243,11,0
311,19/9/2013,63,train_Client_108245,11,0
304,4/10/2000,62,train_Client_108246,11,0
308,1/8/2009,62,train_Client_108247,11,0
101,2/7/2013,60,train_Client_108248,11,0
107,18/2/2014,69,train_Client_108249,11,0
104,16/9/2013,69,train_Client_10825,11,1
305,5/5/2016,62,train_Client_108250,11,0
311,11/1/2008,63,train_Client_108251,11,0
101,24/3/2010,60,train_Client_108253,11,0
312,1/10/2014,63,train_Client_108255,11,0
310,24/1/2006,62,train_Client_108256,11,0
310,19/5/2010,62,train_Client_108257,11,0
311,31/12/1996,63,train_Client_108258,11,0
107,7/3/2017,69,train_Client_108260,11,0
310,5/2/2015,62,train_Client_108263,11,0
103,21/5/2004,69,train_Client_108264,11,0
304,28/7/1989,62,train_Client_108265,11,0
105,29/9/2000,69,train_Client_108267,11,0
311,23/10/2010,63,train_Client_108268,11,0
101,31/12/2011,60,train_Client_108269,11,0
310,23/4/2011,62,train_Client_10827,11,0
107,10/4/1995,69,train_Client_108270,11,0
301,13/4/2012,62,train_Client_108271,11,0
311,18/7/2017,63,train_Client_108273,11,0
310,21/5/2002,62,train_Client_108276,11,0
301,30/4/2010,62,train_Client_108277,11,0
103,21/12/2015,69,train_Client_108279,11,0
303,10/4/2015,62,train_Client_108280,11,0
371,21/7/2008,62,train_Client_108282,11,0
301,28/6/2013,62,train_Client_108284,11,0
310,23/12/2008,62,train_Client_108285,11,1
309,26/12/2002,62,train_Client_108286,11,0
301,21/6/2002,62,train_Client_108287,11,0
306,31/8/2007,63,train_Client_108288,11,0
307,7/2/2018,62,train_Client_108289,11,0
307,28/5/2002,62,train_Client_108290,11,0
101,9/5/2008,60,train_Client_108291,11,0
101,7/12/2000,60,train_Client_108292,11,0
301,18/8/1977,62,train_Client_108295,11,0
303,20/11/2000,62,train_Client_108298,11,0
103,24/9/1986,69,train_Client_1083,11,0
101,22/7/2005,60,train_Client_10830,11,0
103,14/8/2006,69,train_Client_108301,11,0
301,1/4/1986,62,train_Client_108302,11,0
101,31/10/1995,63,train_Client_108304,11,0
104,23/4/1981,69,train_Client_108306,11,0
101,15/2/2007,60,train_Client_108307,11,0
371,23/12/1994,62,train_Client_108308,11,0
312,14/6/2001,63,train_Client_108309,11,0
310,27/1/2010,62,train_Client_108310,11,0
301,10/9/2014,62,train_Client_108311,11,0
103,13/7/2011,69,train_Client_108312,11,0
311,7/5/2002,63,train_Client_108315,11,0
312,22/8/2001,63,train_Client_108316,11,0
101,24/8/2007,60,train_Client_108317,11,0
104,24/9/2007,69,train_Client_108318,11,0
306,15/5/2003,63,train_Client_108319,11,0
311,7/6/2002,63,train_Client_108320,11,0
101,10/12/2009,60,train_Client_108321,11,0
310,25/12/2000,62,train_Client_108322,11,0
311,31/12/2005,63,train_Client_108323,11,0
105,18/3/2005,69,train_Client_108324,11,0
107,2/12/2010,69,train_Client_108326,11,0
311,28/12/1986,63,train_Client_108328,11,0
311,11/11/2010,63,train_Client_10833,11,0
303,29/1/2010,62,train_Client_108331,11,0
105,15/12/2011,69,train_Client_108332,11,0
101,17/5/2016,60,train_Client_108333,11,0
309,28/9/2011,62,train_Client_108334,11,0
101,22/6/2000,60,train_Client_108335,11,0
372,7/4/1995,63,train_Client_108336,11,0
312,20/7/2000,63,train_Client_108337,11,0
101,16/8/2010,60,train_Client_10834,11,0
101,17/10/1983,60,train_Client_108340,11,1
310,4/7/2006,62,train_Client_108341,11,0
306,13/12/1991,63,train_Client_108342,11,0
307,16/10/2000,62,train_Client_108343,11,0
107,20/6/2016,69,train_Client_108345,11,0
103,9/10/2013,69,train_Client_108346,11,0
107,11/3/2014,69,train_Client_108348,11,0
301,27/11/2002,62,train_Client_108349,11,0
303,26/8/2011,62,train_Client_108350,11,0
301,13/3/1996,62,train_Client_108351,11,0
107,7/4/2007,69,train_Client_108352,11,0
303,10/7/2017,62,train_Client_108353,11,0
101,2/2/2015,60,train_Client_108355,11,0
101,26/8/1980,60,train_Client_108357,11,0
101,16/9/1997,60,train_Client_10836,11,0
101,9/6/1998,60,train_Client_108361,11,0
311,23/11/2016,63,train_Client_108362,11,0
103,29/11/2011,69,train_Client_108364,11,0
101,29/5/1995,63,train_Client_108365,11,0
303,18/2/2002,62,train_Client_108369,11,0
312,8/4/2015,63,train_Client_108370,11,0
103,25/10/2010,69,train_Client_108372,11,0
301,17/11/2017,62,train_Client_108373,11,0
305,22/10/1977,62,train_Client_108374,11,0
306,13/2/2015,63,train_Client_108375,11,0
311,20/2/2012,63,train_Client_108377,11,0
103,18/5/2012,69,train_Client_108379,11,0
312,21/10/2003,63,train_Client_10838,11,0
101,12/12/2007,60,train_Client_108382,11,0
103,14/8/2010,69,train_Client_108384,11,0
101,27/1/1992,60,train_Client_108386,11,0
101,26/10/2010,60,train_Client_108387,11,1
101,16/10/2017,60,train_Client_108389,11,0
104,22/10/2013,69,train_Client_10839,11,1
104,26/8/2014,69,train_Client_108390,11,0
101,16/10/2009,60,train_Client_108391,11,0
103,27/9/2010,69,train_Client_108393,11,1
101,27/9/2006,60,train_Client_108394,11,0
303,31/12/2003,62,train_Client_108395,11,0
306,27/2/1986,63,train_Client_108396,11,0
101,16/5/2013,60,train_Client_108397,11,0
305,16/10/1997,62,train_Client_108398,11,0
101,20/2/2007,60,train_Client_108399,11,0
311,22/5/2000,63,train_Client_1084,12,0
101,28/12/2011,60,train_Client_10840,11,0
104,9/12/1983,69,train_Client_108400,11,0
310,12/5/2012,62,train_Client_108402,51,0
311,30/9/2009,63,train_Client_108403,11,0
371,5/12/2011,62,train_Client_108404,11,0
310,26/9/2000,62,train_Client_108406,11,0
101,4/10/1999,60,train_Client_108407,11,0
101,4/2/2016,60,train_Client_108410,11,0
305,24/5/1985,62,train_Client_108412,11,0
101,24/12/2003,60,train_Client_108413,11,0
311,20/11/2006,63,train_Client_108414,11,0
302,14/6/2006,62,train_Client_108416,11,0
306,16/7/2015,63,train_Client_108418,11,0
311,28/11/1988,63,train_Client_108420,12,0
101,8/5/1980,60,train_Client_108421,11,0
104,16/11/2016,69,train_Client_108422,11,0
302,29/3/1985,62,train_Client_108423,11,0
301,20/7/2001,62,train_Client_108425,11,0
107,25/12/2015,69,train_Client_108427,11,0
311,9/8/2011,63,train_Client_108428,11,0
303,1/10/2016,62,train_Client_108429,11,0
312,29/3/2014,63,train_Client_10843,11,0
104,30/11/2011,69,train_Client_108430,11,0
104,29/3/1983,69,train_Client_108432,11,0
313,26/9/2017,63,train_Client_108436,11,0
302,11/3/2008,62,train_Client_108437,11,0
101,10/1/2014,60,train_Client_108438,11,0
104,24/4/2017,69,train_Client_108439,11,0
313,14/10/1988,63,train_Client_10844,11,1
311,28/5/2002,63,train_Client_108440,11,0
101,12/12/1990,60,train_Client_108441,11,0
104,19/3/1985,69,train_Client_108442,11,0
101,21/1/1985,60,train_Client_108443,11,0
101,23/3/2004,60,train_Client_108444,11,0
101,7/9/2001,60,train_Client_108445,11,0
301,30/12/2004,62,train_Client_108447,11,0
301,17/10/2006,62,train_Client_108448,11,0
305,26/2/2007,62,train_Client_108449,11,0
301,28/2/2008,62,train_Client_108451,11,0
301,17/11/1995,62,train_Client_108452,11,0
311,9/1/2018,63,train_Client_108453,11,0
101,19/4/1994,60,train_Client_108454,12,0
101,18/8/1977,60,train_Client_108455,11,0
101,29/3/2012,60,train_Client_108459,11,0
311,31/10/2011,63,train_Client_10846,11,0
104,18/6/2015,69,train_Client_108460,11,0
101,6/11/1990,60,train_Client_108461,11,0
107,22/4/2017,69,train_Client_108463,11,0
301,27/11/2001,62,train_Client_108465,11,0
301,12/4/2010,62,train_Client_108466,11,0
301,8/11/2002,62,train_Client_108467,11,0
308,23/3/2011,63,train_Client_108469,11,0
301,5/11/2009,62,train_Client_108474,11,0
101,12/12/2007,60,train_Client_108475,11,0
304,31/8/2001,62,train_Client_108476,11,0
310,28/5/2002,62,train_Client_108477,11,0
107,13/8/2010,69,train_Client_108478,11,0
104,25/2/2002,69,train_Client_108479,11,0
309,18/11/2003,62,train_Client_10848,11,0
306,8/6/2007,63,train_Client_108480,51,0
101,3/1/2011,60,train_Client_108481,12,0
305,24/5/1984,62,train_Client_108482,11,0
101,6/11/1990,60,train_Client_108484,11,0
309,24/9/1999,62,train_Client_108485,11,0
301,22/10/2007,62,train_Client_108487,11,0
107,8/12/2014,69,train_Client_10849,11,0
307,28/6/2002,62,train_Client_108490,11,0
311,21/6/2001,63,train_Client_108491,11,0
310,10/6/2014,62,train_Client_108492,11,0
104,13/9/2014,69,train_Client_108493,11,0
107,26/12/2014,69,train_Client_108495,11,0
379,11/2/2015,63,train_Client_108497,11,0
101,19/3/1977,60,train_Client_108498,11,0
371,24/12/1986,62,train_Client_108499,11,0
308,22/3/2018,63,train_Client_1085,11,0
301,14/3/2003,62,train_Client_10850,11,0
312,25/4/2017,63,train_Client_108500,11,0
301,14/6/2012,62,train_Client_108501,11,0
101,23/9/2011,60,train_Client_108502,11,0
308,26/8/2009,63,train_Client_108503,11,0
306,30/11/2013,63,train_Client_108505,11,0
104,18/7/2001,69,train_Client_108506,11,0
101,17/3/1979,60,train_Client_108507,11,0
101,28/11/2014,60,train_Client_108509,11,0
301,24/3/1989,62,train_Client_10851,11,0
101,18/5/2004,60,train_Client_108510,11,0
101,3/5/2007,60,train_Client_108511,11,0
309,11/2/2015,62,train_Client_108512,11,0
304,29/10/2015,62,train_Client_108513,11,0
101,25/12/1980,60,train_Client_108514,11,0
107,26/2/1991,69,train_Client_108516,11,0
104,23/6/2014,69,train_Client_108517,11,0
305,28/11/2018,62,train_Client_108518,11,0
107,25/4/2014,69,train_Client_108519,11,0
101,6/8/2004,60,train_Client_10852,11,0
104,16/6/1986,69,train_Client_108520,11,0
104,31/10/1983,69,train_Client_108521,11,0
371,31/12/2003,62,train_Client_108522,11,0
101,18/3/2011,60,train_Client_108523,11,0
104,23/4/1981,69,train_Client_108525,11,0
310,26/10/2013,62,train_Client_108526,11,0
101,7/8/2017,60,train_Client_108527,11,0
101,9/6/2012,63,train_Client_108529,11,0
311,30/3/2018,63,train_Client_10853,11,0
101,24/7/2009,60,train_Client_108530,11,0
301,26/7/1979,62,train_Client_108531,11,0
101,22/6/2004,60,train_Client_108533,11,0
371,22/10/1991,62,train_Client_108534,11,0
107,27/9/1994,69,train_Client_108536,11,0
304,10/1/2008,62,train_Client_108538,11,0
309,26/8/2009,62,train_Client_108539,11,0
101,17/5/2011,60,train_Client_10854,11,0
306,26/10/1993,63,train_Client_108540,11,0
107,12/6/1996,69,train_Client_108542,11,0
107,3/5/1994,69,train_Client_108544,11,0
310,30/8/2010,62,train_Client_108545,11,0
301,29/8/2003,62,train_Client_108546,11,0
101,9/10/2014,60,train_Client_108547,11,0
103,11/12/2008,69,train_Client_108548,11,1
107,10/8/2016,69,train_Client_10855,11,0
311,25/9/1996,63,train_Client_108550,11,0
310,9/9/2008,62,train_Client_108551,11,0
311,16/12/1986,63,train_Client_108552,11,0
311,28/12/2010,63,train_Client_108553,11,0
104,11/10/2009,69,train_Client_108555,11,0
311,25/9/1996,63,train_Client_108556,11,0
311,10/2/1993,63,train_Client_108557,12,0
311,25/2/2003,63,train_Client_108559,11,0
101,22/10/2007,60,train_Client_10856,11,0
101,25/12/2005,60,train_Client_108560,11,0
101,4/2/2005,60,train_Client_108562,11,0
302,7/3/2012,62,train_Client_108563,11,1
103,7/4/2007,69,train_Client_108565,11,0
101,23/5/1994,60,train_Client_108567,11,0
305,4/11/1983,62,train_Client_108568,11,0
310,27/8/1996,62,train_Client_108569,11,0
301,30/12/1997,62,train_Client_10857,11,0
301,5/10/2015,62,train_Client_108570,11,0
107,31/10/2012,69,train_Client_108572,11,0
301,25/6/1997,62,train_Client_108573,11,0
371,28/6/2011,62,train_Client_108574,11,0
309,14/3/1995,62,train_Client_108575,11,0
302,18/11/2009,62,train_Client_108576,11,0
104,10/1/1978,69,train_Client_108577,11,1
306,29/2/2008,63,train_Client_108578,11,0
304,5/12/2007,62,train_Client_108579,11,0
101,9/6/1983,60,train_Client_108580,11,0
306,20/11/2017,63,train_Client_108581,11,0
103,2/4/2013,69,train_Client_108582,11,0
312,20/11/2014,63,train_Client_108583,11,0
107,30/9/1998,69,train_Client_108584,11,0
107,3/11/2013,69,train_Client_108585,11,1
107,13/9/2000,69,train_Client_108587,11,0
371,24/11/1994,62,train_Client_108588,11,0
101,16/11/1992,60,train_Client_10859,11,0
101,12/2/1998,60,train_Client_108590,11,0
101,1/11/1982,60,train_Client_108591,11,0
371,17/11/2009,62,train_Client_108592,11,0
311,27/10/2014,63,train_Client_108594,11,0
104,15/5/1998,69,train_Client_108595,11,0
103,5/8/2009,69,train_Client_108596,11,0
101,23/2/2017,60,train_Client_108597,11,0
310,11/2/2008,62,train_Client_108598,11,0
304,13/10/1980,62,train_Client_1086,11,0
305,8/3/2013,62,train_Client_10860,11,0
310,28/4/2010,62,train_Client_108605,11,0
101,1/9/2000,60,train_Client_108606,11,0
101,29/9/1987,60,train_Client_108607,11,0
107,11/11/2009,69,train_Client_108608,11,0
105,26/5/1999,69,train_Client_108609,11,0
101,29/8/2005,60,train_Client_10861,11,1
304,25/2/2016,62,train_Client_108616,11,0
304,31/10/2018,62,train_Client_108617,12,0
107,19/11/2016,69,train_Client_108619,11,0
101,27/9/1977,60,train_Client_108620,11,0
101,22/3/1979,60,train_Client_108622,11,0
302,8/5/2010,62,train_Client_108624,11,0
307,7/3/2007,62,train_Client_108625,11,0
101,4/12/2014,60,train_Client_108626,11,0
312,18/12/2012,63,train_Client_108627,11,0
104,23/2/2013,69,train_Client_108628,11,0
304,19/6/1987,62,train_Client_108629,11,0
313,8/1/2015,63,train_Client_10863,11,0
310,6/12/2010,62,train_Client_108631,11,0
304,7/8/2015,62,train_Client_108632,11,0
101,24/2/2015,60,train_Client_108634,11,0
311,19/11/2013,63,train_Client_108636,11,0
303,18/12/2002,62,train_Client_108637,11,0
103,30/8/2007,69,train_Client_108638,11,0
101,8/10/2009,60,train_Client_108640,11,0
302,27/8/1980,62,train_Client_108641,11,0
101,29/9/2014,60,train_Client_108642,11,0
101,19/7/1982,60,train_Client_108643,11,0
311,7/4/2017,63,train_Client_108644,11,0
303,13/9/2005,62,train_Client_108645,11,0
301,5/12/2011,62,train_Client_108646,11,0
301,28/4/2016,62,train_Client_108647,11,0
306,3/11/1993,63,train_Client_108648,11,0
107,19/11/2015,69,train_Client_10865,11,0
303,13/11/1989,62,train_Client_108652,11,0
307,16/11/1994,62,train_Client_108653,11,0
101,26/5/2008,60,train_Client_108654,11,0
107,7/9/2011,69,train_Client_108656,11,0
305,12/12/1978,62,train_Client_108657,11,0
311,14/11/2013,63,train_Client_108658,11,0
103,9/11/2013,69,train_Client_108659,11,0
103,3/8/2011,69,train_Client_10866,11,0
311,2/8/2011,63,train_Client_108660,11,0
101,23/11/2007,60,train_Client_108661,11,0
107,23/9/2005,69,train_Client_108664,11,0
101,1/2/1980,60,train_Client_108666,11,0
310,30/12/1994,62,train_Client_108667,11,0
304,10/4/2014,62,train_Client_108669,11,0
104,5/4/2013,69,train_Client_10867,11,0
302,27/9/1990,62,train_Client_108672,11,0
310,5/11/2015,62,train_Client_108673,11,0
304,28/3/2002,62,train_Client_108674,11,0
306,3/6/1987,63,train_Client_108675,11,0
104,3/3/2015,69,train_Client_108678,11,0
101,19/6/1990,60,train_Client_10868,11,0
311,31/12/1998,63,train_Client_108683,11,0
372,5/12/2012,63,train_Client_108684,11,0
103,31/1/2002,69,train_Client_108685,11,0
303,27/9/2011,62,train_Client_108688,11,0
379,27/6/2016,63,train_Client_108689,11,0
312,16/9/2016,63,train_Client_108690,11,0
304,13/5/2014,62,train_Client_108692,11,0
307,14/2/2006,62,train_Client_108693,11,0
101,7/8/2006,60,train_Client_108694,11,0
312,14/2/2018,63,train_Client_108696,11,0
312,3/2/2015,63,train_Client_108698,11,0
301,31/3/2003,62,train_Client_10870,11,0
301,22/12/2003,62,train_Client_108701,11,0
303,22/9/1995,62,train_Client_108702,11,0
101,27/6/2013,60,train_Client_108705,11,0
104,13/9/2006,69,train_Client_108706,11,0
104,14/7/2014,69,train_Client_108707,11,0
103,29/5/2014,69,train_Client_108708,11,0
304,12/10/2015,62,train_Client_108709,11,0
103,5/8/2009,69,train_Client_108711,11,0
379,6/2/2015,63,train_Client_108712,11,0
312,22/5/2014,63,train_Client_108713,11,0
310,24/9/2014,62,train_Client_108714,11,0
103,13/11/1984,69,train_Client_108716,11,0
306,4/4/1984,63,train_Client_108718,11,0
105,24/10/1978,69,train_Client_108719,11,0
101,13/2/2012,60,train_Client_108720,11,0
307,1/6/2018,62,train_Client_108722,11,0
308,9/7/2010,63,train_Client_108723,11,0
312,18/12/1990,63,train_Client_108724,11,0
104,13/10/2000,69,train_Client_108725,11,0
302,18/12/1990,62,train_Client_108726,12,0
103,29/1/2014,69,train_Client_108727,11,0
107,10/6/2014,69,train_Client_108731,11,0
306,24/10/2016,63,train_Client_108733,11,0
302,2/12/2015,62,train_Client_108734,11,0
313,29/2/2000,63,train_Client_108735,11,0
302,8/4/2015,62,train_Client_108736,11,0
310,13/10/1995,62,train_Client_108741,11,0
303,9/7/2003,62,train_Client_108742,11,0
103,4/12/2014,69,train_Client_108743,11,0
309,15/4/1986,62,train_Client_108744,11,0
101,10/8/1987,60,train_Client_108745,11,0
301,30/10/2010,62,train_Client_108747,11,0
101,26/5/1979,60,train_Client_108750,11,0
101,1/2/1999,60,train_Client_108752,11,0
107,10/12/2008,69,train_Client_108755,11,0
107,19/8/2003,69,train_Client_108756,11,0
104,3/12/2011,69,train_Client_108759,11,0
101,13/2/2012,60,train_Client_10876,11,0
311,30/6/2006,63,train_Client_108760,11,1
103,29/7/1996,69,train_Client_108763,11,0
312,26/2/2007,63,train_Client_108764,11,0
107,16/4/1977,69,train_Client_108766,11,0
104,12/10/2016,69,train_Client_108767,11,0
101,16/2/1988,60,train_Client_108768,11,0
101,4/2/2015,60,train_Client_10877,11,0
311,26/6/1997,63,train_Client_108771,11,0
302,22/2/1982,62,train_Client_108774,11,0
103,16/12/2015,69,train_Client_108775,11,0
107,15/12/1993,69,train_Client_108776,11,0
309,24/3/1987,62,train_Client_108777,11,0
313,27/2/2018,63,train_Client_108778,11,0
101,9/12/2011,60,train_Client_108779,11,0
101,2/5/2008,60,train_Client_10878,11,0
101,30/1/2007,60,train_Client_108781,11,0
101,28/9/1989,60,train_Client_108782,11,0
104,25/6/2012,69,train_Client_108783,11,0
105,8/3/1996,69,train_Client_108784,11,0
301,24/11/1992,62,train_Client_108787,11,0
104,12/7/1977,69,train_Client_108788,11,0
310,5/9/2017,62,train_Client_108789,11,0
107,6/7/1983,69,train_Client_10879,11,0
311,21/10/2013,63,train_Client_108791,11,0
310,11/3/2017,62,train_Client_108793,11,0
101,16/11/1992,60,train_Client_108794,11,0
107,9/10/1996,69,train_Client_108795,11,0
307,21/2/2011,62,train_Client_108796,11,0
101,16/7/1990,60,train_Client_108797,11,1
105,27/10/1997,69,train_Client_108798,11,0
101,26/2/2013,60,train_Client_108799,11,0
107,6/9/2011,69,train_Client_1088,11,0
311,27/3/2018,63,train_Client_108801,11,0
104,4/8/2008,69,train_Client_108802,11,0
312,16/4/2010,63,train_Client_108803,11,0
101,20/10/2008,60,train_Client_108805,11,0
101,29/6/2001,60,train_Client_108807,11,0
101,8/12/1994,60,train_Client_108808,11,0
309,26/1/2008,62,train_Client_108809,11,0
104,26/3/2007,69,train_Client_10881,11,0
301,8/12/1997,62,train_Client_108810,11,0
306,29/12/1986,63,train_Client_108812,11,0
305,2/12/1992,62,train_Client_108816,11,0
311,3/10/2013,63,train_Client_108817,11,0
307,24/4/2009,62,train_Client_108818,11,1
305,29/11/1979,62,train_Client_10882,11,0
311,30/8/2013,63,train_Client_108822,11,0
304,21/7/1980,62,train_Client_108824,11,0
313,4/6/2008,63,train_Client_108825,11,0
101,17/2/1999,60,train_Client_108827,11,1
101,31/12/2012,60,train_Client_108829,11,0
301,23/9/1983,62,train_Client_10883,11,0
101,8/12/2003,60,train_Client_108830,11,0
303,20/5/1991,62,train_Client_108831,11,0
101,8/4/2013,60,train_Client_108834,11,0
101,26/9/2009,60,train_Client_108835,11,0
101,24/9/2014,60,train_Client_108836,12,0
101,23/10/1980,60,train_Client_108837,11,0
306,28/12/2012,63,train_Client_108838,11,0
311,26/6/2018,63,train_Client_108839,11,0
101,20/11/1996,60,train_Client_10884,11,0
101,4/3/1978,60,train_Client_108840,11,0
107,10/12/2007,69,train_Client_108842,11,0
303,11/10/2016,62,train_Client_108843,11,0
101,4/5/2001,60,train_Client_108845,11,0
107,29/4/2014,69,train_Client_108846,11,0
103,13/8/2010,69,train_Client_108847,11,0
103,10/6/2009,69,train_Client_108849,51,0
101,8/6/1982,60,train_Client_10885,11,0
310,7/9/2001,62,train_Client_108850,11,0
306,31/5/2002,63,train_Client_108851,11,0
311,29/5/2003,63,train_Client_108852,11,0
104,4/11/2014,69,train_Client_108854,11,0
311,1/9/2016,63,train_Client_108855,11,0
101,22/4/2008,60,train_Client_108856,11,0
101,28/9/2011,60,train_Client_108857,11,0
307,14/2/2015,62,train_Client_108858,11,0
311,18/5/2016,63,train_Client_108859,11,0
103,8/11/2013,69,train_Client_10886,11,0
106,17/5/1980,69,train_Client_108861,11,0
101,5/5/1998,60,train_Client_108863,11,0
101,13/9/1983,60,train_Client_108865,11,0
101,13/3/1980,60,train_Client_108866,11,0
103,23/4/2008,69,train_Client_108868,11,0
310,30/7/2007,62,train_Client_10887,11,0
312,27/6/2005,63,train_Client_108870,11,0
101,15/10/2008,60,train_Client_108871,11,0
310,21/6/2017,62,train_Client_108872,11,0
101,13/12/1978,60,train_Client_108874,11,0
105,20/2/2017,69,train_Client_108875,11,0
301,5/11/1984,62,train_Client_108877,11,0
371,9/11/2011,62,train_Client_108878,11,0
103,21/6/1989,69,train_Client_108879,11,0
101,12/12/2014,60,train_Client_10888,11,0
301,10/10/2012,62,train_Client_108880,11,0
302,17/11/2004,62,train_Client_108881,11,0
103,16/12/2016,69,train_Client_108883,11,0
301,17/10/2006,62,train_Client_108884,11,0
312,23/12/2015,63,train_Client_108885,11,0
103,27/2/2012,69,train_Client_108886,11,0
306,23/9/2008,63,train_Client_108888,11,0
301,28/12/1986,62,train_Client_108889,11,0
371,13/11/2013,62,train_Client_10889,11,0
301,29/4/2011,62,train_Client_108890,11,0
303,9/6/2011,62,train_Client_108892,11,0
306,18/12/1985,63,train_Client_108894,11,0
308,5/10/2018,63,train_Client_108895,11,0
101,30/5/1984,60,train_Client_108896,11,0
101,7/1/2014,60,train_Client_108897,11,0
310,5/11/2010,62,train_Client_108899,11,0
101,23/7/2013,60,train_Client_1089,11,0
101,5/3/2016,60,train_Client_108900,51,1
306,21/10/1991,63,train_Client_108901,11,0
103,7/9/2011,69,train_Client_108903,11,0
304,12/11/1979,62,train_Client_108904,11,1
310,23/12/1994,62,train_Client_108905,11,0
101,24/12/1990,60,train_Client_108908,11,0
307,22/12/1987,62,train_Client_108909,11,0
101,17/8/1992,60,train_Client_108910,11,0
303,22/5/2017,62,train_Client_108911,11,0
101,30/11/2012,63,train_Client_108914,11,0
104,10/3/2013,69,train_Client_108915,11,0
301,25/9/2010,62,train_Client_108916,11,0
107,3/11/2013,69,train_Client_108918,11,0
101,12/7/1977,60,train_Client_108919,11,0
101,26/2/2002,60,train_Client_10892,11,0
301,3/5/1999,62,train_Client_108920,11,0
101,13/1/2016,60,train_Client_108921,11,0
311,13/4/2018,63,train_Client_108922,11,0
101,6/11/2013,60,train_Client_108924,11,0
104,8/9/1987,69,train_Client_108925,11,0
101,20/9/2013,60,train_Client_108927,11,0
306,26/8/2017,63,train_Client_108928,11,0
301,28/10/2008,62,train_Client_108930,11,0
107,31/7/2002,69,train_Client_108932,11,0
306,9/7/2002,63,train_Client_108934,11,0
101,1/9/1982,60,train_Client_108935,11,0
104,30/4/2014,69,train_Client_108937,11,0
305,7/7/2012,62,train_Client_108938,11,0
312,15/12/1986,63,train_Client_108939,11,0
101,7/12/2008,60,train_Client_10894,11,0
312,22/12/2015,63,train_Client_108940,11,0
309,21/12/2009,62,train_Client_108941,11,0
101,19/9/2011,60,train_Client_108942,11,0
399,18/1/2002,63,train_Client_108946,11,0
308,31/12/2003,63,train_Client_108948,11,0
306,10/12/2007,63,train_Client_10895,11,0
103,17/9/2011,69,train_Client_108951,11,0
311,6/9/2000,63,train_Client_108955,11,0
101,22/11/2004,60,train_Client_108958,11,0
103,31/10/2006,69,train_Client_108960,11,0
303,27/12/2013,62,train_Client_108961,11,0
311,12/5/2007,63,train_Client_108962,11,0
303,8/10/2015,62,train_Client_108964,11,0
107,19/9/2011,69,train_Client_108967,11,0
310,18/11/2010,62,train_Client_108968,12,0
107,26/10/2017,69,train_Client_108969,11,0
306,5/1/2011,63,train_Client_10897,11,0
101,4/11/1997,60,train_Client_108970,11,0
302,4/9/2013,62,train_Client_108971,11,0
101,21/11/2007,60,train_Client_108974,11,0
103,12/10/2016,69,train_Client_108975,11,0
309,24/11/1997,62,train_Client_108976,11,0
104,6/3/2007,69,train_Client_108978,12,1
312,2/11/2018,63,train_Client_108979,11,0
306,30/1/2009,63,train_Client_108981,11,0
104,2/10/2009,69,train_Client_108982,51,0
307,27/9/2017,62,train_Client_108983,11,0
304,13/10/1980,62,train_Client_108984,11,0
101,24/5/2012,60,train_Client_108985,11,0
104,27/2/2012,69,train_Client_108987,11,0
104,5/2/2014,69,train_Client_10899,11,0
103,27/12/2011,69,train_Client_108990,11,0
302,30/6/1983,62,train_Client_108991,11,0
313,31/12/2004,63,train_Client_108992,11,0
301,20/5/1983,62,train_Client_108993,11,0
311,26/5/2005,63,train_Client_108994,11,1
101,24/5/1985,60,train_Client_108995,11,0
101,19/9/1979,60,train_Client_108999,11,0
206,21/10/2011,69,train_Client_109,11,0
107,12/11/2013,69,train_Client_1090,11,0
305,18/10/2008,62,train_Client_10900,11,0
101,30/10/2001,60,train_Client_109000,11,0
301,28/7/2000,62,train_Client_109001,11,0
107,10/9/2016,69,train_Client_109005,11,0
305,24/5/1980,62,train_Client_109006,11,0
101,25/11/2015,63,train_Client_109007,11,0
302,27/5/1997,62,train_Client_109009,11,0
303,6/6/2011,62,train_Client_10901,11,0
101,16/4/2013,60,train_Client_109010,11,1
101,30/6/2011,60,train_Client_109012,11,0
372,7/12/2012,63,train_Client_109014,11,0
311,7/10/2013,63,train_Client_109015,11,0
101,10/12/2003,60,train_Client_109016,11,0
309,12/10/2005,62,train_Client_109017,11,0
107,22/11/2011,69,train_Client_109018,11,0
107,10/12/2010,69,train_Client_109019,11,0
304,12/9/2018,62,train_Client_109020,11,0
301,10/6/1983,62,train_Client_109021,11,0
107,18/10/1999,69,train_Client_109023,11,0
301,1/9/2009,62,train_Client_109025,11,0
103,14/6/2006,69,train_Client_109027,11,0
101,23/5/2013,60,train_Client_109028,11,0
107,30/12/2010,69,train_Client_109029,11,0
104,19/10/2016,69,train_Client_109030,11,0
104,1/12/2015,69,train_Client_109031,11,0
103,26/4/2011,69,train_Client_109034,11,0
371,27/12/1979,62,train_Client_109036,11,0
372,21/12/2010,63,train_Client_109038,11,0
101,2/2/2001,60,train_Client_109039,11,0
101,19/6/1990,60,train_Client_10904,11,0
310,11/6/2015,62,train_Client_109040,11,0
301,27/11/2002,62,train_Client_109042,11,0
306,24/5/2007,63,train_Client_109043,11,0
104,11/7/1979,69,train_Client_109044,11,0
301,20/12/2002,62,train_Client_109045,11,0
101,22/11/2008,60,train_Client_109046,11,1
101,18/9/2007,60,train_Client_109047,11,0
309,30/11/1999,62,train_Client_109048,11,0
107,2/6/2015,69,train_Client_109049,11,0
104,2/12/2010,69,train_Client_10905,11,0
103,18/6/2016,69,train_Client_109051,11,0
311,14/5/2007,63,train_Client_109052,11,1
101,17/10/1983,60,train_Client_109053,11,0
302,17/5/2012,62,train_Client_109054,11,0
104,14/6/2010,69,train_Client_109056,11,0
104,10/9/1981,69,train_Client_109057,11,0
379,27/5/2008,63,train_Client_109058,11,0
101,21/5/1979,60,train_Client_109059,11,0
311,16/5/2002,63,train_Client_10906,11,0
101,12/6/1991,63,train_Client_109061,11,0
304,24/6/1978,62,train_Client_109064,11,0
306,10/5/2012,63,train_Client_109065,51,0
311,10/1/2015,63,train_Client_109066,11,0
301,12/10/2001,62,train_Client_109069,11,0
311,1/11/2001,63,train_Client_10907,11,0
301,29/9/2006,62,train_Client_109071,11,0
107,20/10/2017,69,train_Client_109072,11,0
306,4/2/2016,63,train_Client_109073,11,0
101,9/11/2010,60,train_Client_109074,11,0
311,6/3/2017,63,train_Client_109075,11,0
104,26/1/2018,69,train_Client_109076,11,0
104,8/1/2011,69,train_Client_109077,11,0
101,27/4/2015,60,train_Client_109079,11,0
301,15/12/2000,62,train_Client_109082,11,0
301,22/12/1981,62,train_Client_109083,11,0
103,25/9/2010,69,train_Client_109085,11,0
379,13/11/2013,63,train_Client_109086,11,0
311,8/12/2010,63,train_Client_109087,11,0
301,10/6/2004,62,train_Client_109088,11,0
307,3/12/2016,62,train_Client_109089,11,0
103,26/1/1980,69,train_Client_109091,11,0
101,5/6/1978,60,train_Client_109095,11,0
107,24/12/2012,69,train_Client_109099,11,0
101,17/10/2006,60,train_Client_1091,11,0
107,13/8/2009,69,train_Client_10910,11,0
399,17/5/1980,63,train_Client_109101,11,0
107,14/11/2011,69,train_Client_109103,11,0
101,23/2/2011,60,train_Client_109104,12,0
312,13/9/2013,63,train_Client_109105,11,0
104,20/9/2014,69,train_Client_109106,11,0
103,5/9/2011,69,train_Client_109108,11,0
101,16/1/2007,60,train_Client_109110,11,0
301,21/6/1994,62,train_Client_109111,12,0
103,16/2/2007,69,train_Client_109112,11,0
101,19/10/1998,60,train_Client_109114,11,0
104,29/12/2007,69,train_Client_109116,11,0
104,3/12/2010,69,train_Client_109117,11,0
312,28/11/2003,63,train_Client_109118,11,0
309,28/3/2008,62,train_Client_10912,11,0
310,30/12/2011,62,train_Client_109120,11,0
104,11/10/2007,69,train_Client_109121,11,0
371,18/5/2011,62,train_Client_109122,11,0
311,22/9/2015,63,train_Client_109124,11,0
101,28/1/2000,60,train_Client_109126,11,0
302,8/12/1994,62,train_Client_109127,11,0
104,4/12/1989,69,train_Client_109128,11,0
101,29/1/2008,60,train_Client_109129,11,0
310,30/11/1999,62,train_Client_10913,11,0
301,26/5/2011,62,train_Client_109130,11,0
301,27/2/1984,62,train_Client_109133,11,0
309,2/12/2015,62,train_Client_109135,11,0
301,13/2/2018,62,train_Client_109136,11,0
103,27/8/2015,69,train_Client_109137,11,0
105,17/4/2014,69,train_Client_109138,11,0
302,16/5/1984,62,train_Client_10914,11,0
311,24/4/2012,63,train_Client_109140,11,0
101,28/12/2009,60,train_Client_109141,11,0
310,1/10/2013,62,train_Client_109142,11,0
301,5/11/2010,62,train_Client_109143,11,0
306,17/10/2009,63,train_Client_109144,11,0
101,27/1/2007,60,train_Client_109145,11,0
101,18/12/2017,60,train_Client_109146,11,0
301,5/6/2014,62,train_Client_109147,11,0
103,1/11/1996,69,train_Client_109148,11,0
107,14/5/2007,69,train_Client_109149,11,0
101,21/2/2008,60,train_Client_10915,11,0
306,11/6/1979,63,train_Client_109150,11,0
104,30/7/2016,69,train_Client_109152,11,0
313,14/7/2012,63,train_Client_109153,11,0
301,12/6/1991,62,train_Client_109154,11,0
301,14/10/1996,62,train_Client_109155,12,0
103,5/6/1982,69,train_Client_109156,11,0
101,28/3/1985,60,train_Client_109158,11,0
311,4/10/1995,63,train_Client_109159,11,0
101,20/2/1998,60,train_Client_10916,11,0
311,19/8/2016,63,train_Client_109160,11,0
101,1/3/2019,60,train_Client_109162,11,0
103,21/9/2010,69,train_Client_109163,11,0
103,4/12/2008,69,train_Client_109164,11,0
312,21/12/2012,63,train_Client_109165,11,0
104,26/6/2009,69,train_Client_109167,11,0
307,16/9/2014,62,train_Client_109168,11,0
101,23/4/2014,60,train_Client_10917,11,0
305,22/12/1999,62,train_Client_109170,11,0
311,30/11/2012,63,train_Client_109171,11,0
312,27/9/2001,63,train_Client_109172,11,0
304,29/10/2002,62,train_Client_109173,12,0
101,22/10/1991,60,train_Client_109174,11,0
103,24/2/2010,69,train_Client_109178,51,0
101,11/3/2017,60,train_Client_109179,11,0
104,25/5/1998,69,train_Client_10918,11,0
101,31/8/1977,60,train_Client_109180,11,0
103,30/11/2015,69,train_Client_109181,12,0
101,16/12/1994,60,train_Client_109183,11,0
103,14/8/2010,69,train_Client_109184,11,1
303,18/9/2007,62,train_Client_109186,11,0
104,20/2/2003,69,train_Client_109187,11,0
107,31/5/2007,69,train_Client_10919,11,0
311,26/6/2014,63,train_Client_109190,11,0
103,27/1/2010,69,train_Client_109191,11,1
306,30/8/1989,63,train_Client_109192,11,0
371,23/11/2009,62,train_Client_109194,11,0
105,8/12/2014,69,train_Client_109195,11,0
301,4/3/2014,62,train_Client_109196,11,0
107,20/5/2017,69,train_Client_109198,11,0
101,21/12/1977,60,train_Client_109199,11,0
103,5/12/2015,69,train_Client_1092,11,0
311,19/1/2018,63,train_Client_10920,11,0
105,19/3/1992,69,train_Client_109200,12,1
302,28/9/1998,62,train_Client_109201,11,1
301,13/3/1986,62,train_Client_109202,11,0
305,2/9/2013,62,train_Client_109207,11,0
101,18/9/1996,63,train_Client_109208,11,0
101,31/7/1991,60,train_Client_10921,11,0
303,29/3/1980,62,train_Client_109210,11,0
101,19/3/2004,60,train_Client_109211,11,0
104,9/7/2016,69,train_Client_109213,11,0
312,8/9/2010,63,train_Client_109216,12,0
101,23/5/1990,60,train_Client_109218,11,1
101,29/12/2012,60,train_Client_10922,11,0
104,22/7/2011,69,train_Client_109221,11,0
103,18/5/2013,69,train_Client_109223,11,0
309,10/12/1985,62,train_Client_109225,11,0
103,23/5/2017,69,train_Client_109226,11,0
312,17/2/1988,63,train_Client_109229,11,0
305,10/5/2012,62,train_Client_10923,11,0
101,4/9/1992,60,train_Client_109232,11,0
371,23/2/2008,62,train_Client_109234,11,0
101,10/12/1991,60,train_Client_109235,11,0
305,12/11/1979,62,train_Client_109236,11,0
101,23/4/2009,60,train_Client_109237,11,0
101,25/6/2018,60,train_Client_109238,11,0
104,4/8/1978,69,train_Client_109240,11,0
304,21/9/2010,62,train_Client_109241,11,0
107,13/10/2015,69,train_Client_109242,11,0
104,15/4/2013,69,train_Client_109243,11,0
103,5/12/2014,69,train_Client_109244,11,0
310,16/9/2010,62,train_Client_109245,11,0
101,4/10/1978,60,train_Client_109247,11,0
103,8/3/2018,69,train_Client_109248,11,0
101,2/7/2012,60,train_Client_10925,11,0
305,25/2/2019,62,train_Client_109250,11,0
101,13/11/2001,60,train_Client_109251,11,0
101,4/9/2015,60,train_Client_109252,11,0
101,12/7/1999,60,train_Client_109253,11,0
309,27/7/2013,62,train_Client_109256,11,0
307,19/6/1987,62,train_Client_109257,11,0
301,26/6/1987,62,train_Client_109258,11,0
107,11/5/2018,69,train_Client_109259,51,0
101,27/5/1983,60,train_Client_109261,11,0
306,2/2/2017,63,train_Client_109262,11,0
312,23/1/2016,63,train_Client_109263,11,0
107,3/7/2008,69,train_Client_109266,11,0
101,1/12/1995,60,train_Client_10927,11,0
305,23/5/2011,62,train_Client_109272,11,0
104,23/5/1994,69,train_Client_109274,11,0
101,31/8/2009,60,train_Client_109275,11,0
101,18/8/1998,60,train_Client_109277,11,0
104,11/3/2003,69,train_Client_109278,11,0
101,17/12/2014,60,train_Client_109279,11,0
101,7/5/1997,60,train_Client_10928,11,0
301,25/10/2007,62,train_Client_109281,11,0
307,18/9/1987,62,train_Client_109283,11,0
307,12/8/1988,62,train_Client_109285,11,0
103,22/11/2012,69,train_Client_109286,11,0
312,7/9/2016,63,train_Client_109288,11,0
104,11/12/2013,69,train_Client_10929,51,0
103,20/11/2017,69,train_Client_109291,11,0
104,8/3/2011,69,train_Client_109292,11,0
301,3/9/2013,62,train_Client_109294,11,0
302,17/3/2012,62,train_Client_109295,11,0
107,21/8/2009,69,train_Client_109296,11,0
101,11/12/2007,60,train_Client_109297,11,0
307,12/7/1977,62,train_Client_109298,11,0
310,18/1/2013,62,train_Client_109299,11,0
101,18/5/2000,60,train_Client_1093,11,0
308,26/9/2006,63,train_Client_10930,11,0
103,4/12/2012,69,train_Client_109300,11,0
101,25/6/2007,60,train_Client_109301,11,1
303,30/6/2007,62,train_Client_109302,11,0
301,26/12/2014,62,train_Client_109303,11,0
103,24/5/2000,69,train_Client_109304,11,0
105,10/11/1989,69,train_Client_109305,11,0
311,6/12/1989,63,train_Client_109306,11,0
104,14/5/2011,69,train_Client_109307,11,0
302,30/12/1994,62,train_Client_109308,11,0
107,22/7/2007,69,train_Client_10931,11,0
104,11/8/1986,69,train_Client_109310,11,0
106,23/5/1997,69,train_Client_109311,11,0
311,19/5/2014,63,train_Client_109313,11,0
303,13/10/1980,62,train_Client_109314,11,0
309,31/7/2003,62,train_Client_109315,12,0
104,25/11/2014,69,train_Client_109318,11,0
309,29/12/2016,62,train_Client_109319,11,0
104,16/1/2014,69,train_Client_109321,11,0
311,15/9/2012,63,train_Client_109322,11,0
101,28/4/1980,60,train_Client_109324,11,0
301,10/12/1985,62,train_Client_109326,11,0
301,26/9/1990,62,train_Client_109329,11,0
107,21/12/2015,69,train_Client_10933,11,0
313,17/9/1999,63,train_Client_109330,11,0
311,31/1/2000,63,train_Client_109331,11,0
311,11/12/2014,63,train_Client_109333,11,0
303,9/12/2015,62,train_Client_109334,11,0
301,21/10/2008,62,train_Client_109335,11,0
371,11/5/2005,62,train_Client_109336,11,0
101,23/10/1980,60,train_Client_109337,11,0
305,16/10/2014,62,train_Client_109338,11,0
103,24/12/2004,69,train_Client_10934,11,0
309,11/8/2010,62,train_Client_109342,11,0
301,4/3/2013,62,train_Client_109343,11,0
101,8/9/2003,60,train_Client_109344,11,0
302,29/3/1983,62,train_Client_109348,11,0
101,7/1/1983,60,train_Client_109349,11,0
103,12/8/2009,69,train_Client_109350,12,0
306,31/3/2000,63,train_Client_109351,11,0
104,21/5/2009,69,train_Client_109352,11,0
101,6/12/2014,60,train_Client_109354,11,0
304,27/6/2014,62,train_Client_109355,11,0
101,13/1/1992,60,train_Client_109356,11,1
310,27/11/2012,62,train_Client_109357,11,0
303,26/12/1995,62,train_Client_109358,11,0
101,18/8/1999,60,train_Client_109359,12,0
310,12/5/2016,62,train_Client_10936,11,1
103,16/6/2016,69,train_Client_109360,11,0
104,24/11/2014,69,train_Client_109363,11,0
104,20/2/2013,69,train_Client_109364,11,0
101,9/2/2001,60,train_Client_109365,11,0
306,14/9/2015,63,train_Client_109367,11,0
311,7/10/2008,63,train_Client_10937,11,0
303,26/12/2000,62,train_Client_109371,11,0
101,1/9/1994,60,train_Client_109372,11,0
312,27/3/1990,63,train_Client_109373,11,0
301,15/10/2004,62,train_Client_109377,11,0
371,10/8/2011,62,train_Client_109378,11,0
306,6/6/2015,63,train_Client_109379,11,0
104,11/10/2016,69,train_Client_109380,11,0
103,13/8/2016,69,train_Client_109381,11,0
103,26/10/1982,69,train_Client_109382,11,0
104,12/3/2012,69,train_Client_109383,11,1
101,25/10/2001,60,train_Client_109386,11,0
302,19/12/1996,62,train_Client_109388,11,1
371,16/5/1996,62,train_Client_109389,11,1
311,24/5/2017,63,train_Client_109390,11,0
101,19/7/1996,60,train_Client_109393,12,0
101,10/8/1987,60,train_Client_109394,11,0
104,29/1/1996,69,train_Client_109395,11,0
104,21/10/2016,69,train_Client_109396,11,0
104,16/2/1989,69,train_Client_1094,11,0
101,30/3/2010,60,train_Client_10940,11,0
301,26/9/2003,62,train_Client_109401,11,0
303,30/5/2007,62,train_Client_109402,11,0
371,4/3/2016,62,train_Client_109403,11,0
106,4/11/2011,69,train_Client_109404,11,0
310,25/6/2015,62,train_Client_109405,11,0
101,23/9/2005,60,train_Client_109406,11,0
372,12/11/1992,63,train_Client_109407,11,0
101,28/2/2014,60,train_Client_109409,11,0
301,28/5/2014,62,train_Client_10941,11,1
313,12/6/2010,63,train_Client_109411,11,0
312,21/10/2003,63,train_Client_109414,11,0
101,26/7/1985,60,train_Client_109416,11,0
311,18/12/1990,63,train_Client_109418,11,0
304,24/6/2014,62,train_Client_109419,11,0
101,22/8/1989,60,train_Client_109420,11,0
101,28/1/2002,60,train_Client_109421,11,0
301,15/12/2000,62,train_Client_109424,11,0
104,19/12/2011,69,train_Client_109425,11,0
311,6/5/2015,63,train_Client_109426,11,0
312,21/12/2012,63,train_Client_109427,11,0
101,16/11/1993,63,train_Client_109428,11,0
311,15/3/2001,63,train_Client_109429,11,0
101,30/9/2003,60,train_Client_109430,11,0
101,18/11/1999,60,train_Client_109431,11,0
107,3/12/2009,69,train_Client_109433,11,0
103,20/6/2007,69,train_Client_109434,11,0
101,20/8/1984,60,train_Client_109435,11,0
107,14/5/2013,69,train_Client_109436,11,0
101,14/9/1987,60,train_Client_109437,11,0
302,6/12/1977,62,train_Client_109438,11,0
312,25/2/2013,63,train_Client_109439,11,0
101,20/5/2013,60,train_Client_10944,11,0
103,9/12/2013,69,train_Client_109440,11,0
303,17/5/2000,62,train_Client_109441,11,0
104,10/11/1997,69,train_Client_109443,11,0
101,25/8/2012,60,train_Client_109444,11,0
307,17/9/2016,62,train_Client_109445,11,0
101,28/9/1999,60,train_Client_109446,11,0
371,26/6/1991,62,train_Client_109447,11,0
101,20/8/2014,60,train_Client_109452,11,0
103,14/11/2015,69,train_Client_109453,11,0
107,13/10/2012,69,train_Client_109456,11,0
104,29/12/1981,69,train_Client_109457,11,0
104,14/4/2017,69,train_Client_109458,11,0
107,19/11/2015,69,train_Client_109459,11,0
303,7/4/1981,62,train_Client_10946,11,0
305,8/3/2012,62,train_Client_109460,11,1
101,13/11/2013,60,train_Client_109462,11,1
101,24/9/2001,60,train_Client_109463,11,0
101,28/9/2012,60,train_Client_109466,11,0
310,7/1/2013,62,train_Client_109467,11,0
101,24/2/1997,60,train_Client_109468,11,0
104,12/12/2013,69,train_Client_10947,11,0
310,21/3/2016,62,train_Client_109470,11,0
103,17/4/2009,69,train_Client_109471,11,0
104,26/12/2012,69,train_Client_109472,11,0
302,24/10/1989,62,train_Client_109475,11,0
371,8/5/1992,62,train_Client_109476,11,0
310,28/4/2011,62,train_Client_109478,11,0
101,14/12/2006,60,train_Client_109479,11,0
312,24/3/1989,63,train_Client_109480,11,0
312,27/6/1991,63,train_Client_109482,11,0
306,20/1/2018,63,train_Client_109485,11,0
107,17/5/2010,69,train_Client_109486,11,0
306,30/9/2010,63,train_Client_109487,11,0
302,22/8/1979,62,train_Client_109488,11,0
101,5/1/2015,60,train_Client_10949,11,0
107,9/7/2009,69,train_Client_109490,11,0
306,5/10/2016,63,train_Client_109492,11,0
312,2/3/2007,63,train_Client_109493,11,0
106,29/12/2000,69,train_Client_109495,11,0
101,25/9/2006,60,train_Client_109497,11,0
303,9/6/2004,62,train_Client_1095,11,0
307,13/3/2017,62,train_Client_109500,11,0
312,18/3/2011,63,train_Client_109501,11,1
104,9/10/2000,69,train_Client_109502,11,0
304,4/9/2015,62,train_Client_109504,12,0
311,18/5/2004,63,train_Client_109505,11,0
103,1/6/2013,69,train_Client_109507,11,0
104,7/11/1983,69,train_Client_109508,11,0
107,9/5/1981,69,train_Client_109509,11,0
301,9/6/1987,62,train_Client_10951,11,0
104,30/9/1981,69,train_Client_109510,11,0
101,7/9/2001,60,train_Client_109512,11,1
301,31/12/1983,62,train_Client_109513,11,0
302,18/12/1990,62,train_Client_109517,11,0
301,2/4/2014,62,train_Client_109518,11,0
103,6/12/1985,69,train_Client_10952,11,0
104,21/10/2011,69,train_Client_109520,11,0
101,26/6/2009,60,train_Client_109521,11,0
104,1/9/2016,69,train_Client_109522,11,0
310,16/12/1996,62,train_Client_109526,11,0
312,9/6/2018,63,train_Client_109528,11,0
104,9/6/1987,69,train_Client_109529,11,0
311,9/5/2007,63,train_Client_109531,11,0
310,19/12/2017,62,train_Client_109533,11,0
371,8/11/2007,62,train_Client_109534,11,0
302,30/9/2015,62,train_Client_109535,11,0
101,16/7/1990,60,train_Client_109536,11,0
107,23/5/2012,69,train_Client_109538,11,0
306,19/4/2012,63,train_Client_10954,11,0
307,22/6/1983,62,train_Client_109541,12,0
101,16/12/1996,60,train_Client_109542,11,0
312,31/12/1998,63,train_Client_109543,11,0
104,14/6/2002,69,train_Client_109547,11,0
101,23/5/2001,63,train_Client_109548,11,0
307,31/3/2010,62,train_Client_109549,11,0
103,30/11/2016,69,train_Client_10955,11,0
101,30/10/1985,60,train_Client_109550,11,0
307,7/6/1977,62,train_Client_109552,11,0
101,14/5/2004,60,train_Client_109553,11,0
311,29/12/1986,63,train_Client_109554,11,0
101,14/2/2000,60,train_Client_109555,11,0
103,24/2/2010,69,train_Client_109557,11,0
311,26/1/2000,63,train_Client_109558,11,0
305,26/7/2004,62,train_Client_10956,11,0
310,17/1/1979,62,train_Client_109560,11,1
312,16/12/1986,63,train_Client_109561,11,1
301,2/2/2015,62,train_Client_109562,11,0
107,7/1/2014,69,train_Client_109563,11,0
312,5/9/2007,63,train_Client_109564,11,0
101,21/10/1987,60,train_Client_109565,11,0
101,19/6/2007,60,train_Client_109567,12,0
107,12/2/2010,69,train_Client_109568,11,0
101,29/9/2014,60,train_Client_109569,11,0
303,17/1/2014,62,train_Client_10957,11,0
309,26/9/2000,62,train_Client_109570,11,0
311,29/11/2013,63,train_Client_109575,11,0
303,17/3/1981,62,train_Client_109576,11,0
313,25/9/2010,63,train_Client_109577,11,0
302,12/11/1979,62,train_Client_109578,11,0
310,22/9/2010,62,train_Client_10958,11,0
301,16/7/1999,62,train_Client_109580,11,0
311,30/9/1994,63,train_Client_109581,11,0
101,27/5/1978,60,train_Client_109582,11,0
304,16/2/2018,62,train_Client_109583,11,0
103,14/12/2015,69,train_Client_109584,11,0
107,13/11/1995,69,train_Client_109586,11,1
312,5/9/2018,63,train_Client_109587,11,0
311,6/6/1995,63,train_Client_109589,11,0
101,22/1/2018,60,train_Client_10959,11,0
101,28/12/1988,63,train_Client_109592,11,1
311,6/5/1994,63,train_Client_109593,11,0
101,5/12/2006,60,train_Client_109594,11,0
101,19/11/2008,60,train_Client_109595,11,1
101,25/3/2011,60,train_Client_109597,11,0
306,22/11/2014,63,train_Client_109598,11,0
371,26/6/1991,62,train_Client_109599,11,0
311,27/9/1990,63,train_Client_1096,11,0
304,24/2/2010,62,train_Client_10960,11,0
107,20/5/2014,69,train_Client_109600,11,0
101,15/6/2015,60,train_Client_109601,11,0
309,10/8/2011,62,train_Client_109602,11,0
311,25/6/1997,63,train_Client_109603,11,1
302,27/5/1997,62,train_Client_109606,11,0
101,10/4/2013,60,train_Client_109607,11,0
104,18/11/2017,69,train_Client_109608,11,0
101,19/6/2007,60,train_Client_109609,51,0
304,4/12/1987,62,train_Client_109612,11,0
103,11/11/2016,69,train_Client_109613,11,0
302,21/9/2013,62,train_Client_109614,11,0
107,6/6/2017,69,train_Client_109616,11,0
104,28/11/1995,69,train_Client_109617,11,0
107,25/6/2018,69,train_Client_109618,11,0
308,23/5/2011,63,train_Client_109619,11,0
304,3/12/2007,62,train_Client_10962,11,0
101,23/7/2001,60,train_Client_109620,11,0
306,18/10/2010,63,train_Client_109621,11,0
303,27/3/2017,62,train_Client_109623,11,0
304,24/6/2014,62,train_Client_109624,11,0
371,2/5/2006,62,train_Client_109625,11,0
104,30/4/2015,69,train_Client_109626,11,0
104,29/6/2012,69,train_Client_109627,11,1
311,29/7/2005,63,train_Client_109628,11,0
101,25/2/1988,60,train_Client_109629,11,0
106,27/10/1986,69,train_Client_10963,11,0
306,12/11/2012,63,train_Client_109630,11,0
101,3/10/2000,60,train_Client_109631,11,0
103,11/5/1984,69,train_Client_109634,11,0
103,29/1/1996,69,train_Client_109635,11,0
302,11/9/1992,62,train_Client_109636,11,0
107,17/2/2016,69,train_Client_109637,11,0
107,10/9/2008,69,train_Client_109638,11,0
301,9/1/1985,62,train_Client_109640,11,0
107,10/4/2009,69,train_Client_109641,11,0
302,27/9/1995,62,train_Client_109642,11,0
104,24/12/2007,69,train_Client_109643,11,0
107,18/8/2003,69,train_Client_109645,11,0
311,6/6/1995,63,train_Client_109646,11,0
306,24/3/2009,63,train_Client_109647,11,1
101,7/3/2009,60,train_Client_109648,11,0
302,10/1/2018,62,train_Client_109649,11,0
302,29/11/1979,62,train_Client_10965,11,0
301,24/6/2016,62,train_Client_109654,11,0
103,15/12/2015,69,train_Client_109655,11,0
107,17/12/2014,69,train_Client_109656,11,0
101,30/6/1994,60,train_Client_109657,11,0
301,30/12/1993,62,train_Client_109659,11,1
104,31/1/1997,69,train_Client_10966,11,0
309,8/6/1994,62,train_Client_109661,11,0
371,15/10/2011,62,train_Client_109662,11,0
107,25/2/2002,69,train_Client_109663,11,0
305,19/12/2014,62,train_Client_109664,11,0
107,11/4/2017,69,train_Client_109665,11,0
101,17/5/2007,60,train_Client_109666,11,0
103,27/7/2010,69,train_Client_109669,11,0
104,8/11/1994,69,train_Client_10967,11,0
311,10/3/1998,63,train_Client_109671,11,0
303,8/12/1986,62,train_Client_109672,11,0
103,12/6/2001,69,train_Client_109673,11,0
313,21/10/2016,63,train_Client_109674,11,0
301,25/2/1983,62,train_Client_109675,11,0
303,17/1/2002,62,train_Client_109677,11,0
309,13/2/2009,62,train_Client_109679,11,0
101,28/9/2017,60,train_Client_10968,51,0
105,9/12/1983,69,train_Client_109680,11,0
303,15/7/1991,62,train_Client_109681,11,0
104,24/10/1978,69,train_Client_109682,11,1
371,7/5/1991,62,train_Client_109684,11,0
101,16/12/2015,60,train_Client_109685,11,0
101,27/1/1992,60,train_Client_109686,11,0
107,24/9/1996,69,train_Client_109687,11,0
101,21/3/1984,60,train_Client_10969,11,0
301,16/12/1988,62,train_Client_109690,11,0
206,10/6/2014,69,train_Client_109691,11,0
311,15/2/2014,63,train_Client_109692,11,0
101,19/7/1983,60,train_Client_109693,11,0
303,20/5/1980,62,train_Client_109695,11,0
304,17/10/2012,62,train_Client_109696,11,0
103,16/3/1994,69,train_Client_109697,11,0
103,12/3/2007,69,train_Client_109699,11,0
104,4/3/1983,69,train_Client_1097,11,0
311,7/1/2013,63,train_Client_10970,11,0
303,31/12/1990,62,train_Client_109700,11,0
107,18/3/2016,69,train_Client_109701,11,0
311,13/10/1989,63,train_Client_109703,11,0
306,17/5/1991,63,train_Client_109704,11,0
311,29/4/2015,63,train_Client_109706,11,0
312,16/4/2014,63,train_Client_109707,12,0
311,12/2/1993,63,train_Client_109708,11,0
313,16/11/2013,63,train_Client_10971,11,0
103,27/1/2010,69,train_Client_109710,11,0
104,8/10/2003,69,train_Client_109711,11,0
311,31/12/1996,63,train_Client_109712,11,0
312,27/4/2012,63,train_Client_109716,11,0
101,11/4/2016,60,train_Client_109717,11,0
309,16/8/2011,62,train_Client_109719,11,0
302,18/11/2009,62,train_Client_10972,11,0
306,4/4/2012,63,train_Client_109720,11,0
307,31/10/1985,62,train_Client_109723,11,1
104,28/11/2015,69,train_Client_109724,11,0
312,19/9/2016,63,train_Client_109725,11,0
311,30/3/2007,63,train_Client_109726,11,0
101,20/1/2010,60,train_Client_109727,11,0
104,7/9/2015,69,train_Client_109728,11,1
302,30/5/1978,62,train_Client_109729,11,0
371,28/6/2011,62,train_Client_109734,11,0
311,22/2/1991,63,train_Client_109735,12,0
104,29/8/2016,69,train_Client_109738,11,0
306,25/3/2013,63,train_Client_10974,11,0
301,16/7/2013,62,train_Client_109740,11,0
103,13/3/1992,69,train_Client_109741,11,0
372,5/10/2016,63,train_Client_109743,11,0
101,22/4/1998,60,train_Client_109744,11,0
101,11/9/2007,60,train_Client_109745,11,0
103,11/3/2014,69,train_Client_109747,11,0
308,23/9/2013,63,train_Client_109748,11,0
313,13/2/1980,63,train_Client_10975,11,0
301,25/6/2018,62,train_Client_109752,11,0
304,20/2/2010,62,train_Client_109753,11,0
101,21/8/2006,60,train_Client_109754,11,0
101,22/1/2010,60,train_Client_109755,11,0
103,14/7/2014,69,train_Client_109757,11,0
307,19/9/2011,62,train_Client_109758,11,0
104,6/9/2017,69,train_Client_109759,11,0
101,27/5/1978,60,train_Client_10976,11,0
310,8/10/1982,62,train_Client_109761,11,0
310,31/12/1997,62,train_Client_109762,11,0
313,19/4/1988,63,train_Client_109763,11,0
306,27/11/2013,63,train_Client_109765,11,0
305,1/8/1984,62,train_Client_109766,11,0
103,27/12/2013,69,train_Client_109768,51,0
311,8/3/1999,63,train_Client_10977,11,0
101,23/11/2013,60,train_Client_109770,51,0
101,5/2/2013,60,train_Client_109771,11,0
301,20/2/2009,62,train_Client_109774,11,0
303,16/3/2015,62,train_Client_109775,51,0
301,4/1/2010,62,train_Client_109776,11,0
103,14/8/2010,69,train_Client_109778,11,0
101,7/2/2012,60,train_Client_109779,11,0
101,21/2/1983,60,train_Client_10978,11,0
101,20/11/1996,60,train_Client_109780,11,0
303,6/4/1993,62,train_Client_109781,11,0
101,11/11/2009,60,train_Client_109783,11,0
104,13/9/2006,69,train_Client_109784,11,0
303,15/9/2016,62,train_Client_109785,11,0
301,31/10/1984,62,train_Client_109788,11,0
103,25/11/2010,69,train_Client_109789,11,0
301,30/3/2011,62,train_Client_109790,11,0
101,27/4/2015,60,train_Client_109792,11,0
107,6/9/2011,69,train_Client_109794,11,0
311,16/5/2000,63,train_Client_109796,12,0
101,19/9/2016,60,train_Client_109798,11,0
306,21/10/2011,63,train_Client_1098,11,0
307,18/8/1997,62,train_Client_109800,11,0
371,8/12/2010,62,train_Client_109801,12,0
107,1/8/2013,69,train_Client_109802,11,0
308,29/4/2003,63,train_Client_109804,11,0
304,18/9/1997,62,train_Client_109808,11,0
371,30/12/2011,62,train_Client_109809,11,0
101,29/12/2011,60,train_Client_109810,11,0
103,17/11/2016,69,train_Client_109811,11,0
103,5/4/1982,69,train_Client_109813,11,0
312,22/10/2007,63,train_Client_109814,11,0
101,22/6/1982,60,train_Client_109815,11,0
301,28/11/2007,62,train_Client_109817,11,0
101,4/8/2010,60,train_Client_109818,11,0
304,23/12/2011,62,train_Client_109820,11,0
301,5/11/1991,62,train_Client_109821,11,0
301,16/2/2016,62,train_Client_109823,11,0
309,28/11/2006,62,train_Client_109828,11,0
101,20/6/2018,63,train_Client_109829,11,0
107,3/11/2014,69,train_Client_109831,11,0
104,2/4/2013,69,train_Client_109832,11,0
107,24/5/2012,69,train_Client_109835,11,0
310,25/11/2013,62,train_Client_109836,11,0
307,16/9/1986,62,train_Client_109837,11,0
104,24/9/1981,69,train_Client_109840,11,0
107,5/12/2015,69,train_Client_109842,11,0
103,19/4/2010,69,train_Client_109843,11,0
310,17/8/2016,62,train_Client_109844,11,0
101,19/11/2008,60,train_Client_109845,11,0
372,26/4/2011,63,train_Client_109846,11,0
106,17/10/1997,69,train_Client_109847,11,0
306,9/7/1985,63,train_Client_109848,11,1
104,2/4/2013,69,train_Client_109849,11,0
101,17/8/2009,60,train_Client_109850,11,0
101,23/5/2013,60,train_Client_109853,11,0
311,15/1/2018,63,train_Client_109855,11,0
313,30/1/2010,63,train_Client_109856,11,0
311,14/3/1989,63,train_Client_109857,11,0
101,8/12/1994,60,train_Client_109859,11,0
103,10/12/2004,69,train_Client_10986,11,0
104,14/12/1998,69,train_Client_109860,11,0
101,25/6/1992,60,train_Client_109861,11,0
101,29/1/1980,60,train_Client_109862,11,0
101,8/8/2015,60,train_Client_109865,11,0
309,14/3/1995,62,train_Client_109866,11,0
311,20/11/2017,63,train_Client_109867,11,0
206,21/10/2011,69,train_Client_109868,11,0
101,23/11/2015,60,train_Client_10987,11,0
101,5/11/1977,60,train_Client_109872,11,0
101,27/12/1996,60,train_Client_109873,11,0
101,13/4/2007,60,train_Client_109875,11,0
304,19/4/2005,62,train_Client_109876,11,0
371,11/5/2005,62,train_Client_109877,11,0
304,21/6/2004,62,train_Client_109878,11,0
101,6/11/2007,60,train_Client_109879,11,0
301,19/11/1999,62,train_Client_109880,11,0
302,2/7/1985,62,train_Client_109881,11,0
312,21/10/2003,63,train_Client_109882,11,0
303,28/4/2004,62,train_Client_109884,11,0
101,4/10/1988,60,train_Client_109885,11,0
107,31/1/2002,69,train_Client_109886,11,0
101,2/2/1978,60,train_Client_109889,11,0
311,27/9/2014,63,train_Client_10989,11,0
101,8/6/2009,60,train_Client_109891,11,0
104,23/4/2003,69,train_Client_109892,11,0
311,18/6/1985,63,train_Client_109894,11,0
312,30/9/2005,63,train_Client_109896,11,1
310,16/7/2012,62,train_Client_109897,11,0
309,1/12/2016,62,train_Client_109898,11,0
311,12/2/2007,63,train_Client_1099,11,0
371,30/12/2003,62,train_Client_10990,11,0
101,12/11/2014,60,train_Client_109900,11,0
101,30/12/2016,60,train_Client_109901,11,0
101,3/5/2001,60,train_Client_109903,11,0
307,11/12/1986,62,train_Client_109904,11,0
372,29/8/2015,63,train_Client_109905,11,0
301,16/9/2015,62,train_Client_109908,11,0
303,15/10/2009,62,train_Client_109909,11,0
104,28/8/2007,69,train_Client_109910,11,0
101,24/9/2001,60,train_Client_109911,11,0
312,27/5/1983,63,train_Client_109912,11,0
107,29/10/2016,69,train_Client_109913,11,0
103,16/9/2005,69,train_Client_109915,11,0
104,29/5/1995,69,train_Client_109916,11,0
103,31/7/2009,69,train_Client_109917,11,0
103,18/6/2007,69,train_Client_109918,51,0
306,6/11/2013,63,train_Client_109919,11,0
302,15/11/1991,62,train_Client_10992,11,0
302,31/3/1979,62,train_Client_109920,11,0
303,8/5/2007,62,train_Client_109921,11,0
301,20/1/2010,62,train_Client_109922,11,0
307,10/12/1985,62,train_Client_109923,11,0
107,19/12/2003,69,train_Client_109924,11,0
101,23/8/2000,60,train_Client_109925,11,0
104,30/7/2008,69,train_Client_109926,11,0
371,17/2/2017,62,train_Client_109928,11,0
304,23/6/2014,62,train_Client_109929,11,0
104,13/4/1994,69,train_Client_10993,11,0
101,21/12/1982,60,train_Client_109932,11,0
312,15/6/1993,63,train_Client_109933,11,0
301,12/12/2003,62,train_Client_109934,11,0
307,8/5/2007,62,train_Client_109936,11,0
101,20/11/1996,60,train_Client_109937,11,0
310,13/9/2004,62,train_Client_109939,11,0
311,16/3/2018,63,train_Client_109940,11,0
302,25/10/1999,62,train_Client_109941,11,0
101,7/2/2010,60,train_Client_109943,11,0
311,7/2/2001,63,train_Client_109944,11,0
101,20/11/2007,60,train_Client_109946,11,0
312,16/12/2013,63,train_Client_109947,11,0
104,9/6/2009,69,train_Client_109948,11,0
101,19/7/1983,60,train_Client_109949,11,0
104,16/6/1998,69,train_Client_109950,11,0
311,7/6/2001,63,train_Client_109951,11,0
302,10/6/2010,62,train_Client_109953,11,0
107,31/3/1999,69,train_Client_109954,11,0
104,19/3/1985,69,train_Client_109955,11,0
103,15/2/2010,69,train_Client_109957,11,0
101,15/8/2014,60,train_Client_10996,11,0
101,28/7/1977,60,train_Client_109960,11,0
311,21/8/2017,63,train_Client_109961,11,0
310,23/5/1995,62,train_Client_109962,11,0
106,11/4/2009,69,train_Client_109963,11,0
372,28/9/2010,63,train_Client_109964,11,0
306,21/2/2007,63,train_Client_109965,11,0
104,9/1/2013,69,train_Client_109966,11,0
311,8/12/2012,63,train_Client_109967,11,0
303,31/5/2001,62,train_Client_109971,11,0
302,14/5/2001,62,train_Client_109972,11,0
313,15/4/2016,63,train_Client_109975,11,0
101,11/1/2010,60,train_Client_109976,11,0
101,1/4/1981,60,train_Client_109977,11,0
101,22/2/2018,60,train_Client_109979,11,0
107,19/4/1991,69,train_Client_10998,11,0
305,25/12/1987,62,train_Client_109980,11,0
101,17/6/2009,60,train_Client_109981,11,0
101,24/2/2012,60,train_Client_109982,11,0
302,22/12/1987,62,train_Client_109983,11,1
101,11/3/2009,60,train_Client_109985,11,0
101,30/6/1994,60,train_Client_109987,11,0
103,5/9/2011,69,train_Client_109989,51,1
104,31/12/2014,69,train_Client_10999,11,1
308,17/11/2015,63,train_Client_109990,11,1
307,16/11/1989,62,train_Client_109991,11,0
103,18/11/2002,69,train_Client_109992,11,0
107,17/9/2011,69,train_Client_109993,11,0
311,19/8/2017,63,train_Client_109994,11,0
312,17/12/2013,63,train_Client_109995,11,0
101,18/11/2016,60,train_Client_109998,11,0
101,3/9/2016,60,train_Client_110,11,0
104,30/12/2004,69,train_Client_11000,11,1
101,13/12/2002,60,train_Client_110000,11,0
305,15/6/2015,62,train_Client_110001,11,0
107,12/5/2017,69,train_Client_110002,11,0
101,4/7/1984,60,train_Client_110004,12,0
101,10/11/1995,60,train_Client_110006,11,0
103,5/6/2010,69,train_Client_110007,11,0
311,30/6/1997,63,train_Client_110009,11,0
307,6/4/1978,62,train_Client_11001,11,0
303,17/3/2006,62,train_Client_110010,11,0
101,19/9/2011,60,train_Client_110011,11,0
302,8/9/1992,62,train_Client_110014,11,0
309,9/12/2017,62,train_Client_110015,11,0
306,25/4/2016,63,train_Client_110016,11,0
104,16/2/2000,69,train_Client_110017,51,0
310,5/7/2011,62,train_Client_110019,11,0
312,14/3/2015,63,train_Client_11002,11,0
107,29/5/2012,69,train_Client_110020,11,0
306,27/11/2008,63,train_Client_110023,11,0
107,2/12/2014,69,train_Client_110025,11,0
103,7/9/2011,69,train_Client_110026,11,0
103,21/1/2011,69,train_Client_110027,11,0
101,16/6/2006,60,train_Client_110029,11,0
302,7/1/2008,62,train_Client_11003,11,0
379,28/2/2006,63,train_Client_110030,11,0
101,20/10/2008,60,train_Client_110032,11,0
306,26/12/1991,63,train_Client_110033,11,0
379,30/9/2002,63,train_Client_110034,11,0
104,30/5/2012,69,train_Client_110035,51,1
306,8/5/2008,63,train_Client_110036,11,0
107,20/5/2002,69,train_Client_110038,11,0
103,7/5/2014,69,train_Client_110039,11,0
107,23/10/1985,69,train_Client_11004,11,0
310,22/3/2006,62,train_Client_110040,11,0
310,22/10/2007,62,train_Client_110041,11,0
101,29/10/2001,60,train_Client_110042,11,0
101,26/2/2002,60,train_Client_110045,11,0
311,12/4/2014,63,train_Client_110046,11,0
104,22/11/2013,69,train_Client_110047,11,0
107,19/2/2010,69,train_Client_110049,11,0
101,18/11/2011,60,train_Client_11005,11,0
101,23/2/2004,60,train_Client_110050,11,0
101,22/9/1998,60,train_Client_110052,11,0
301,8/1/1985,62,train_Client_110053,11,0
306,25/9/2013,63,train_Client_110054,11,0
103,24/3/2008,69,train_Client_110055,11,0
307,27/2/1986,62,train_Client_110056,11,0
311,28/12/2005,63,train_Client_110057,11,0
303,27/9/2012,62,train_Client_110058,11,0
301,17/4/1985,62,train_Client_110061,11,0
301,19/12/1996,62,train_Client_110062,11,0
104,28/11/2015,69,train_Client_110064,11,0
101,29/5/1995,60,train_Client_110065,11,0
101,16/8/2007,60,train_Client_110067,11,0
302,13/12/1984,62,train_Client_110070,11,0
107,19/12/2016,69,train_Client_110071,11,0
107,23/8/2002,69,train_Client_110072,11,0
311,5/7/1996,63,train_Client_110074,11,0
105,18/11/2002,69,train_Client_110075,11,1
101,7/12/1981,60,train_Client_110076,11,0
107,21/2/1978,69,train_Client_110077,11,0
312,11/4/1990,63,train_Client_110078,11,0
312,30/11/1990,63,train_Client_110079,11,0
302,16/6/2011,62,train_Client_110080,11,0
302,21/4/1997,62,train_Client_110082,11,0
306,16/1/2015,63,train_Client_110084,11,0
101,31/5/2013,60,train_Client_110085,11,0
313,18/5/2009,63,train_Client_110086,11,0
307,29/12/2015,62,train_Client_110087,11,0
301,6/8/2013,62,train_Client_110088,11,0
311,31/7/1985,63,train_Client_110089,11,0
101,12/1/2017,60,train_Client_11009,11,0
304,4/12/2003,62,train_Client_110092,11,0
103,15/12/2008,69,train_Client_110093,11,1
101,26/6/2002,60,train_Client_110095,11,0
306,25/10/1988,63,train_Client_110096,11,0
301,17/3/1979,62,train_Client_110097,11,0
301,16/7/1999,62,train_Client_110098,11,0
101,25/11/2014,60,train_Client_11010,11,0
101,29/11/2012,60,train_Client_110100,11,0
311,19/8/2017,63,train_Client_110101,11,0
107,2/8/1993,69,train_Client_110102,11,0
104,30/4/2014,69,train_Client_110103,11,0
311,30/11/1994,63,train_Client_110104,11,0
379,2/12/2010,63,train_Client_110105,11,0
310,24/9/2013,62,train_Client_110106,11,0
101,26/3/2003,60,train_Client_110107,11,0
103,14/11/2009,69,train_Client_11011,11,0
107,3/12/1996,69,train_Client_110110,11,0
101,15/5/2003,60,train_Client_110111,11,0
107,19/4/2014,69,train_Client_110114,11,0
101,14/5/1993,60,train_Client_110116,11,0
371,16/5/2007,62,train_Client_110117,11,0
101,1/11/2012,60,train_Client_11012,11,0
306,4/6/2018,63,train_Client_110120,11,0
103,13/7/2011,69,train_Client_110124,11,0
107,23/6/1988,69,train_Client_110126,11,0
301,19/2/2008,62,train_Client_110128,11,0
301,8/12/1997,62,train_Client_110129,11,0
104,15/11/1991,69,train_Client_110130,11,0
101,31/3/2011,60,train_Client_110131,11,0
310,22/10/1991,62,train_Client_110132,11,0
101,15/7/2008,60,train_Client_110133,11,0
101,20/1/2014,60,train_Client_110134,11,0
301,27/10/1994,62,train_Client_110135,11,0
308,6/4/1982,63,train_Client_110137,11,0
103,11/12/2014,69,train_Client_110138,11,0
310,23/8/2002,62,train_Client_110139,11,0
104,16/1/2014,69,train_Client_11014,11,0
371,17/1/2008,62,train_Client_110141,11,0
103,28/11/2018,69,train_Client_110142,11,0
307,29/12/2011,62,train_Client_110145,11,0
306,24/5/1991,63,train_Client_110147,11,0
301,13/5/2013,62,train_Client_110149,11,0
301,16/1/1984,62,train_Client_11015,12,0
101,18/10/2004,60,train_Client_110150,11,0
104,18/8/2008,69,train_Client_110153,11,0
101,7/5/2009,60,train_Client_110155,11,0
104,27/4/1978,69,train_Client_110156,11,0
101,28/11/2001,63,train_Client_110157,11,0
306,18/1/1993,63,train_Client_110159,11,0
311,12/2/2014,63,train_Client_11016,11,0
310,13/3/2001,62,train_Client_110162,11,0
101,8/11/1978,60,train_Client_110164,11,0
103,8/7/2016,69,train_Client_110165,11,0
101,21/1/2009,60,train_Client_110166,11,0
309,30/3/2015,62,train_Client_110168,11,0
301,6/8/2013,62,train_Client_110169,11,0
104,17/6/2014,69,train_Client_11017,11,0
371,16/9/1996,62,train_Client_110170,12,1
104,9/7/2014,69,train_Client_110171,11,0
301,4/1/2013,62,train_Client_110173,11,0
103,20/2/2017,69,train_Client_110174,11,0
304,4/11/1991,62,train_Client_110176,11,0
104,13/7/2017,69,train_Client_110177,11,0
310,4/7/2018,62,train_Client_11018,11,0
107,28/12/1988,69,train_Client_110181,11,0
107,23/4/2012,69,train_Client_110182,11,0
103,21/2/2013,69,train_Client_110184,11,1
101,27/12/2003,60,train_Client_110189,11,0
105,14/10/1983,69,train_Client_110190,11,0
104,20/7/1988,69,train_Client_110191,11,1
301,7/12/2015,62,train_Client_110192,51,0
312,8/8/1981,63,train_Client_110193,11,0
303,27/1/2011,62,train_Client_110195,11,0
103,27/10/2017,69,train_Client_110196,11,0
104,7/7/1999,69,train_Client_110198,11,0
310,11/4/2012,62,train_Client_110199,11,0
101,17/5/2012,60,train_Client_110201,11,0
311,31/10/2009,63,train_Client_110202,11,0
311,31/7/2000,63,train_Client_110204,11,0
302,27/11/2007,62,train_Client_110206,11,0
301,24/12/2016,62,train_Client_110209,11,0
101,16/6/2016,60,train_Client_11021,11,0
101,12/5/2005,60,train_Client_110210,11,0
103,30/9/2008,69,train_Client_110211,11,0
104,5/12/2015,69,train_Client_110212,11,0
101,17/10/2012,60,train_Client_110215,11,0
101,11/12/1990,60,train_Client_110216,11,0
104,8/9/2012,69,train_Client_11022,11,0
101,20/11/2017,63,train_Client_110220,11,0
308,7/10/1998,63,train_Client_110222,11,0
101,13/1/1979,60,train_Client_110224,11,0
303,20/2/2006,62,train_Client_110225,11,0
107,11/10/2012,69,train_Client_110226,11,0
103,30/10/1995,69,train_Client_110227,11,0
301,28/1/1983,62,train_Client_110228,11,0
313,25/12/2000,63,train_Client_110229,11,0
101,7/6/1979,60,train_Client_110230,11,0
101,24/5/2012,60,train_Client_110232,11,0
101,6/7/1982,60,train_Client_110234,11,0
107,5/12/2015,69,train_Client_110235,11,0
101,6/12/1989,60,train_Client_110238,11,0
101,28/5/2015,60,train_Client_110239,11,0
301,14/2/2011,62,train_Client_11024,11,0
301,13/6/1995,62,train_Client_110240,11,0
301,28/1/2008,62,train_Client_110241,11,0
101,9/9/1993,60,train_Client_110243,11,0
104,28/8/2015,69,train_Client_110245,11,0
101,20/12/2013,60,train_Client_110246,11,0
309,9/1/2015,62,train_Client_110248,11,0
371,29/11/2002,62,train_Client_110249,11,1
101,8/6/2012,60,train_Client_11025,12,0
312,22/8/2009,63,train_Client_110250,11,0
304,10/11/2016,62,train_Client_110251,11,0
104,4/11/2014,69,train_Client_110252,11,0
310,15/4/2014,62,train_Client_110253,11,0
371,2/10/2014,62,train_Client_110254,11,1
302,16/9/1986,62,train_Client_110255,11,0
301,27/11/1992,62,train_Client_110258,11,0
371,8/11/2006,62,train_Client_110259,11,0
307,13/12/2004,62,train_Client_110261,11,0
107,25/8/1997,69,train_Client_110263,11,0
107,14/10/2014,69,train_Client_110264,11,0
101,3/5/2001,60,train_Client_110265,11,0
301,9/12/2011,62,train_Client_110269,11,0
103,4/11/2016,69,train_Client_11027,11,0
311,2/10/2018,63,train_Client_110270,11,0
311,24/2/2004,63,train_Client_110271,11,0
307,31/10/2015,62,train_Client_110272,11,0
301,6/5/2009,62,train_Client_110273,11,0
101,2/11/2009,60,train_Client_110274,11,0
104,28/8/2015,69,train_Client_110275,11,1
308,24/1/2017,63,train_Client_110276,11,0
312,24/3/2012,63,train_Client_110278,11,0
310,31/10/2007,62,train_Client_110279,11,0
101,28/11/2011,60,train_Client_11028,11,0
307,28/12/1995,62,train_Client_110280,11,0
307,10/6/2014,62,train_Client_110282,11,0
312,12/6/1984,63,train_Client_110283,11,0
310,11/6/2014,62,train_Client_110284,11,0
311,4/10/1995,63,train_Client_110285,11,1
101,10/3/2012,60,train_Client_110286,11,0
101,3/3/2015,60,train_Client_110287,11,0
311,10/11/2012,63,train_Client_110288,11,0
307,31/12/2000,62,train_Client_110289,11,0
311,8/3/1999,63,train_Client_11029,11,0
103,9/10/2003,69,train_Client_110290,11,0
310,8/1/2008,62,train_Client_110291,11,0
303,23/5/2001,62,train_Client_110292,12,0
101,3/10/2011,60,train_Client_110293,11,0
101,9/6/2006,60,train_Client_110296,11,0
311,8/3/1999,63,train_Client_110297,11,0
104,26/10/1998,69,train_Client_110298,11,0
101,8/4/2015,60,train_Client_1103,11,0
101,25/12/2001,60,train_Client_110300,11,1
104,21/5/2015,69,train_Client_110301,11,0
307,7/9/1993,62,train_Client_110302,11,0
302,22/4/2015,62,train_Client_110303,11,0
307,21/12/2009,62,train_Client_110305,11,0
101,29/9/2007,60,train_Client_110307,11,0
101,4/6/2007,60,train_Client_110309,11,0
104,19/9/1995,69,train_Client_11031,11,0
371,24/4/2000,62,train_Client_110311,11,0
103,30/5/1978,69,train_Client_110312,11,0
301,8/7/2009,62,train_Client_110313,11,0
106,18/12/2007,69,train_Client_110314,11,0
302,13/6/2009,62,train_Client_110315,11,0
306,28/12/2017,63,train_Client_110316,11,0
308,12/5/2010,63,train_Client_110318,11,0
101,2/6/2010,63,train_Client_11032,11,0
104,31/12/1998,69,train_Client_110320,11,0
301,4/3/2010,62,train_Client_110321,12,0
302,5/8/2009,62,train_Client_110325,11,1
302,23/10/1985,62,train_Client_110326,11,0
104,22/4/2005,69,train_Client_110327,11,0
307,24/7/2010,62,train_Client_110328,11,0
103,16/2/2018,69,train_Client_110330,11,0
371,14/4/2017,62,train_Client_110331,11,0
311,22/6/2011,63,train_Client_110332,11,0
206,21/10/2011,69,train_Client_110333,11,0
304,27/9/1990,62,train_Client_110334,11,0
101,7/2/1992,63,train_Client_110335,11,0
371,11/11/1991,62,train_Client_110337,11,0
313,14/1/2008,63,train_Client_110338,12,1
313,31/8/2007,63,train_Client_110339,11,0
306,5/9/2018,63,train_Client_11034,11,0
312,27/10/1989,63,train_Client_110341,11,0
101,7/1/2016,60,train_Client_110342,11,0
101,16/2/1994,60,train_Client_110343,11,0
101,28/5/2014,60,train_Client_110344,11,0
107,7/1/2009,69,train_Client_110347,11,0
302,13/10/2017,62,train_Client_110348,11,0
101,1/12/1995,63,train_Client_110349,11,0
372,30/7/2002,63,train_Client_110351,11,0
107,11/3/2014,69,train_Client_110352,11,0
107,11/5/1987,69,train_Client_110355,11,0
104,9/7/2004,69,train_Client_110358,11,0
311,19/11/2008,63,train_Client_110361,11,0
104,19/11/1980,69,train_Client_110362,11,0
306,16/4/1987,63,train_Client_110363,11,0
107,22/4/1999,69,train_Client_110365,11,1
107,5/12/2006,69,train_Client_110367,11,0
313,22/3/2018,63,train_Client_110368,11,0
104,2/7/2012,69,train_Client_110370,11,0
101,16/12/2005,60,train_Client_110371,11,0
103,1/10/2009,69,train_Client_110372,11,0
101,25/9/1996,60,train_Client_110374,11,0
107,6/6/2005,69,train_Client_110376,11,0
101,7/5/2013,60,train_Client_110377,11,0
311,3/10/2013,63,train_Client_110378,11,0
304,21/4/1997,62,train_Client_110379,11,0
107,10/7/2015,69,train_Client_110380,11,0
103,1/8/2017,69,train_Client_110382,11,0
301,25/5/1977,62,train_Client_110383,11,0
104,24/6/2014,69,train_Client_110384,11,0
306,18/1/2016,63,train_Client_110385,11,0
101,4/3/1978,60,train_Client_110386,11,0
101,8/3/2002,63,train_Client_110388,11,0
107,23/9/2009,69,train_Client_110389,11,0
311,2/6/2012,63,train_Client_11039,11,0
371,16/2/2005,62,train_Client_110391,11,0
101,11/11/2010,60,train_Client_110392,12,0
311,30/8/2012,63,train_Client_110394,11,0
310,18/12/2002,62,train_Client_110396,11,0
104,25/5/2004,69,train_Client_110398,11,0
311,20/10/2017,63,train_Client_110399,11,0
101,31/12/1999,60,train_Client_1104,11,0
104,27/11/1997,69,train_Client_11040,11,0
304,20/2/2014,62,train_Client_110400,11,0
103,7/12/2012,69,train_Client_110401,51,0
101,9/8/2007,60,train_Client_110402,11,0
306,1/1/1997,63,train_Client_110404,11,0
306,16/10/2007,63,train_Client_110405,11,0
107,26/9/2016,69,train_Client_110406,11,0
309,24/8/2009,62,train_Client_110407,11,0
313,14/12/1988,63,train_Client_110408,11,0
107,31/10/2002,69,train_Client_110409,11,0
107,10/11/1999,69,train_Client_110411,11,0
104,11/10/2016,69,train_Client_110414,11,0
301,11/2/2011,62,train_Client_110415,11,0
372,7/5/2014,63,train_Client_110416,11,0
107,2/6/2012,69,train_Client_110417,11,0
311,22/9/2012,63,train_Client_110418,12,0
371,23/10/2007,62,train_Client_110419,11,0
104,30/8/1979,69,train_Client_11042,11,1
313,11/12/1992,63,train_Client_110420,11,0
301,31/12/1998,62,train_Client_110421,11,1
301,10/5/2010,62,train_Client_110422,11,0
302,22/11/1999,62,train_Client_110424,11,0
313,9/2/2015,63,train_Client_110425,11,0
101,29/6/1981,60,train_Client_110426,11,1
107,4/6/2004,69,train_Client_110427,11,0
311,4/7/2008,63,train_Client_11043,11,0
101,5/6/2014,60,train_Client_110432,11,0
101,14/11/2006,60,train_Client_110433,11,0
101,31/12/1979,60,train_Client_110434,11,0
301,31/5/1994,62,train_Client_110435,11,0
302,22/11/2010,62,train_Client_110437,11,0
306,16/4/2018,63,train_Client_11044,11,0
104,13/2/2014,69,train_Client_110441,11,0
101,6/11/2006,60,train_Client_110443,11,0
101,31/8/2012,60,train_Client_110444,11,0
301,24/12/1982,62,train_Client_110445,11,0
103,10/10/2012,69,train_Client_110446,11,0
103,13/4/1983,69,train_Client_110447,11,0
101,25/9/2006,60,train_Client_110449,11,0
104,12/7/1977,69,train_Client_110450,11,0
311,27/6/2005,63,train_Client_110451,11,0
303,16/3/1977,62,train_Client_110452,11,0
104,16/7/2014,69,train_Client_110453,11,0
107,11/11/1980,69,train_Client_110455,11,0
306,1/2/2016,63,train_Client_110459,11,1
101,31/12/1994,63,train_Client_11046,11,0
103,6/12/2010,69,train_Client_110460,11,0
309,6/9/1988,62,train_Client_110461,12,0
103,16/10/2012,69,train_Client_110462,11,0
310,7/4/2006,62,train_Client_110463,11,1
309,6/2/2018,62,train_Client_110464,11,0
103,3/7/2018,69,train_Client_110465,11,0
312,17/5/2017,63,train_Client_110466,11,0
311,8/8/2010,63,train_Client_110467,11,0
303,12/1/2016,62,train_Client_110468,11,0
301,28/12/1989,62,train_Client_11047,11,0
101,22/8/2014,60,train_Client_110470,11,0
310,18/1/2016,62,train_Client_110472,11,0
311,11/2/2015,63,train_Client_110473,11,0
313,31/12/2006,63,train_Client_110474,11,0
309,30/6/2004,62,train_Client_110475,11,0
101,11/12/2012,60,train_Client_110476,11,0
104,16/1/1985,69,train_Client_110477,11,0
310,18/11/2015,62,train_Client_110478,11,0
311,16/3/2015,63,train_Client_110479,11,0
301,21/2/2009,62,train_Client_11048,11,0
310,31/1/2013,62,train_Client_110480,11,0
310,26/9/2016,62,train_Client_110481,11,0
306,11/3/2014,63,train_Client_110482,11,0
301,26/2/2018,62,train_Client_110483,11,0
306,17/2/1979,63,train_Client_110484,11,0
305,7/9/1998,62,train_Client_110486,11,0
302,18/12/1985,62,train_Client_110488,11,0
301,28/12/2009,62,train_Client_110489,11,0
104,28/2/2007,69,train_Client_110490,11,0
104,17/12/1987,69,train_Client_110491,11,0
311,8/10/2014,63,train_Client_110492,11,0
101,19/7/2016,60,train_Client_110493,11,0
101,28/6/1991,60,train_Client_110494,11,0
313,15/11/2013,63,train_Client_110499,11,0
101,16/11/2017,63,train_Client_1105,11,0
101,9/8/2011,60,train_Client_11050,11,0
379,29/11/2011,63,train_Client_110500,11,0
304,28/3/2002,62,train_Client_110502,11,0
312,8/3/2011,63,train_Client_110503,11,0
101,10/9/2012,60,train_Client_110504,11,0
313,22/10/2009,63,train_Client_110505,11,0
101,6/3/1985,60,train_Client_110506,11,0
309,5/11/2014,62,train_Client_110507,11,0
309,17/4/2013,62,train_Client_110508,11,0
101,12/7/1984,60,train_Client_11051,11,0
101,4/5/2016,63,train_Client_110510,11,0
310,1/12/2003,62,train_Client_110511,11,0
101,23/6/2015,60,train_Client_110512,11,0
104,14/8/2012,69,train_Client_110514,11,0
103,29/11/2011,69,train_Client_110515,11,0
105,14/2/2007,69,train_Client_110516,11,0
101,18/12/2002,60,train_Client_110518,11,0
310,26/8/2017,62,train_Client_110519,11,0
310,10/12/2008,62,train_Client_11052,11,0
107,5/9/2011,69,train_Client_110520,11,0
107,25/6/2010,69,train_Client_110522,11,0
104,14/5/2011,69,train_Client_110523,11,0
310,27/12/2011,62,train_Client_110524,11,0
107,13/4/2007,69,train_Client_110525,11,0
311,30/8/2000,63,train_Client_110526,11,0
101,21/10/2002,63,train_Client_110528,11,0
311,30/7/2004,63,train_Client_110529,11,0
311,31/5/2014,63,train_Client_110530,11,0
103,30/4/2014,69,train_Client_110531,11,0
107,30/10/1995,69,train_Client_110534,11,0
104,5/12/2006,69,train_Client_110536,11,0
104,9/12/1983,69,train_Client_110539,11,0
313,8/10/2015,63,train_Client_11054,11,0
309,29/4/2010,62,train_Client_110541,11,0
104,19/12/1988,69,train_Client_110542,11,0
306,9/12/1980,63,train_Client_110543,11,0
104,5/4/1982,69,train_Client_110545,11,0
311,25/8/2016,63,train_Client_110547,11,0
304,26/9/2000,62,train_Client_110548,11,0
301,31/5/1994,62,train_Client_110550,11,0
306,13/11/2013,63,train_Client_110551,11,0
107,13/5/2013,69,train_Client_110556,11,0
101,15/1/2010,60,train_Client_110557,11,0
307,27/12/2010,62,train_Client_110558,11,0
105,4/12/2013,69,train_Client_110559,11,0
308,6/11/2009,63,train_Client_11056,11,0
301,15/12/1989,62,train_Client_110561,11,0
301,14/2/2018,62,train_Client_110563,11,0
304,22/4/1983,62,train_Client_110564,11,0
107,1/10/2009,69,train_Client_110565,11,1
104,28/9/2000,69,train_Client_110566,11,0
104,21/9/1999,69,train_Client_110567,11,0
103,20/12/2002,69,train_Client_110568,11,0
101,1/10/2007,60,train_Client_110570,11,0
371,30/6/1999,62,train_Client_110571,11,0
307,29/11/2002,62,train_Client_110572,11,1
107,8/1/2010,69,train_Client_110574,11,1
107,22/10/1984,69,train_Client_110576,11,0
104,17/6/2014,69,train_Client_110579,11,0
107,18/4/2011,69,train_Client_11058,11,0
311,28/12/2017,63,train_Client_110580,11,0
101,28/1/2009,60,train_Client_110581,11,0
311,22/12/1987,63,train_Client_110582,12,0
101,27/4/1978,60,train_Client_110583,11,0
101,18/1/2010,60,train_Client_110584,11,0
107,8/6/2016,69,train_Client_110586,11,0
305,28/7/2006,62,train_Client_110589,11,0
107,11/3/2014,69,train_Client_11059,11,0
107,15/11/1991,69,train_Client_110590,11,0
312,10/12/2016,63,train_Client_110592,11,0
305,11/9/2014,62,train_Client_110593,11,0
101,13/12/2011,60,train_Client_110594,11,0
104,8/5/2014,69,train_Client_110596,11,1
302,26/12/2003,62,train_Client_110598,11,0
106,6/1/2009,69,train_Client_110599,11,0
107,29/12/1982,69,train_Client_1106,11,0
107,22/4/2013,69,train_Client_110600,11,0
306,22/10/2002,63,train_Client_110601,11,0
303,11/12/2017,62,train_Client_110602,11,0
107,10/9/2004,69,train_Client_110603,11,1
104,13/10/2011,69,train_Client_110604,11,0
103,4/10/2012,69,train_Client_110605,11,0
301,10/6/1983,62,train_Client_110607,12,0
104,24/11/2016,69,train_Client_110609,11,0
104,7/12/2012,69,train_Client_11061,11,0
101,29/12/1983,60,train_Client_110610,11,0
310,8/12/1986,62,train_Client_110611,11,0
107,14/11/2017,69,train_Client_110612,11,0
310,24/12/2014,62,train_Client_110616,11,0
371,18/12/2000,62,train_Client_110617,11,0
104,8/9/2012,69,train_Client_110618,11,0
101,14/12/2005,60,train_Client_110619,11,0
311,20/1/1993,63,train_Client_11062,11,0
107,22/12/1997,69,train_Client_110620,11,0
101,18/1/2012,63,train_Client_110621,11,0
304,27/5/1978,62,train_Client_110622,11,0
101,26/12/1991,60,train_Client_110623,11,0
311,21/8/2013,63,train_Client_110625,11,0
309,29/12/2016,62,train_Client_110626,11,0
103,9/1/2014,69,train_Client_110627,11,0
101,4/3/1992,60,train_Client_110628,11,0
305,28/6/2002,62,train_Client_110629,11,0
303,4/9/2010,62,train_Client_110630,11,0
107,1/10/2010,69,train_Client_110631,11,0
301,24/5/2006,62,train_Client_110632,11,0
302,30/7/2007,62,train_Client_110633,11,0
310,27/11/2007,62,train_Client_110634,11,0
303,21/9/2011,62,train_Client_110635,11,0
107,19/10/2012,69,train_Client_110638,11,0
379,22/4/2017,63,train_Client_110643,11,0
307,1/2/2017,62,train_Client_110645,11,0
101,22/1/2009,60,train_Client_110647,11,0
301,12/12/2012,62,train_Client_110648,11,0
101,31/12/1993,60,train_Client_110649,11,0
107,14/2/1990,69,train_Client_11065,11,0
101,24/6/1994,60,train_Client_110652,11,0
312,14/11/2013,63,train_Client_110653,11,0
107,8/8/2014,69,train_Client_110655,11,0
101,21/12/2009,60,train_Client_110656,11,0
101,25/3/2008,63,train_Client_110657,11,0
104,19/3/1992,69,train_Client_110658,11,0
311,29/10/2014,63,train_Client_110659,11,0
302,28/4/1987,62,train_Client_110660,11,1
103,31/12/1982,69,train_Client_110661,11,0
104,25/11/1992,69,train_Client_110663,11,0
104,5/8/2009,69,train_Client_110664,11,0
301,7/6/1983,62,train_Client_110666,11,0
104,9/6/2009,69,train_Client_110667,11,0
103,18/7/2012,69,train_Client_110669,11,0
306,30/6/1994,63,train_Client_110670,11,0
301,9/12/1980,62,train_Client_110673,11,0
101,16/7/2002,60,train_Client_110674,11,0
309,20/9/2004,62,train_Client_110676,11,0
310,16/11/1989,62,train_Client_110678,11,0
309,8/5/2007,62,train_Client_11068,11,0
302,6/10/1983,62,train_Client_110681,11,0
107,18/12/1995,69,train_Client_110682,11,0
311,26/9/1995,63,train_Client_110683,11,0
101,7/12/2013,60,train_Client_110684,11,0
305,25/8/2015,62,train_Client_110686,11,0
309,2/8/2008,62,train_Client_110687,11,0
309,17/9/2002,62,train_Client_110689,11,0
304,7/8/2017,62,train_Client_11069,11,0
107,25/4/1988,69,train_Client_110691,11,0
311,16/1/2015,63,train_Client_110692,11,1
101,7/11/2016,60,train_Client_110693,11,0
101,15/9/2014,60,train_Client_110695,11,0
101,31/10/1985,60,train_Client_110698,11,0
306,4/3/2013,63,train_Client_110699,11,0
107,11/10/2002,69,train_Client_1107,11,1
101,12/7/1984,60,train_Client_11070,11,0
101,15/12/2008,60,train_Client_110700,11,0
101,4/7/2015,60,train_Client_110702,11,0
104,13/3/2000,69,train_Client_110703,11,0
101,24/6/2015,60,train_Client_110704,11,0
101,7/7/2018,60,train_Client_110705,11,0
104,24/9/1985,69,train_Client_11071,11,0
312,30/6/2016,63,train_Client_110710,11,0
309,11/4/2012,62,train_Client_110711,11,0
313,22/11/2000,63,train_Client_110712,11,0
301,31/12/1996,62,train_Client_110713,11,0
101,21/10/2010,60,train_Client_110714,11,0
106,21/2/1978,69,train_Client_110716,11,0
301,31/7/2008,62,train_Client_110718,11,0
107,8/9/2011,69,train_Client_110720,11,0
104,10/7/1995,69,train_Client_110721,11,0
307,25/12/1990,62,train_Client_110723,11,0
313,23/9/2016,63,train_Client_110725,11,0
301,2/8/2014,62,train_Client_110726,11,0
107,17/10/2016,69,train_Client_110728,11,0
101,8/9/2003,60,train_Client_110729,11,0
101,31/8/2016,60,train_Client_11073,11,0
301,5/10/2010,62,train_Client_110730,11,0
101,26/11/1998,60,train_Client_110731,11,0
311,6/2/2014,63,train_Client_110732,11,0
101,10/7/2008,60,train_Client_110733,11,0
311,25/9/1996,63,train_Client_110734,11,0
104,23/6/2009,69,train_Client_110737,11,0
311,20/10/2012,63,train_Client_110738,11,0
306,28/10/1983,63,train_Client_11074,11,0
101,26/9/1994,60,train_Client_110743,11,0
101,2/3/2010,60,train_Client_110744,11,0
301,27/7/2001,62,train_Client_110748,11,0
101,20/11/2014,60,train_Client_110749,11,0
311,20/8/2018,63,train_Client_11075,11,0
306,14/7/2012,63,train_Client_110750,11,0
306,16/10/2014,63,train_Client_110751,11,0
304,23/10/1996,62,train_Client_110753,11,0
307,12/3/2018,62,train_Client_110754,11,0
107,1/11/2013,69,train_Client_110755,11,0
101,20/11/2007,60,train_Client_110756,11,0
107,13/11/2010,69,train_Client_110758,11,0
105,5/2/1999,69,train_Client_110759,11,0
101,1/6/1992,60,train_Client_11076,11,0
101,23/5/1990,60,train_Client_110760,11,0
304,25/3/2008,62,train_Client_110762,11,0
379,21/3/2013,63,train_Client_110764,11,0
103,25/9/2010,69,train_Client_110768,11,0
101,7/10/2005,60,train_Client_110769,11,0
104,23/2/2013,69,train_Client_110772,11,0
101,3/4/2017,60,train_Client_110774,11,0
309,18/6/2009,62,train_Client_110775,12,0
371,29/10/2004,62,train_Client_110776,11,0
301,4/12/1992,62,train_Client_110779,11,0
307,23/9/2011,62,train_Client_110780,11,0
311,25/12/1990,63,train_Client_110781,11,0
107,3/12/1996,69,train_Client_110782,11,0
306,4/1/2013,63,train_Client_110783,11,0
301,8/8/2016,62,train_Client_110785,11,0
311,24/10/2016,63,train_Client_110786,11,0
107,9/10/2010,69,train_Client_110787,11,1
101,21/10/2002,60,train_Client_110788,11,0
107,26/2/2009,69,train_Client_11079,11,0
101,15/2/2012,60,train_Client_110792,11,0
304,4/3/2016,62,train_Client_110793,11,0
309,9/5/2007,62,train_Client_110794,11,1
101,7/11/2012,60,train_Client_110796,51,0
307,7/11/1989,62,train_Client_110797,11,0
104,22/12/2008,69,train_Client_110798,11,0
311,4/4/2012,63,train_Client_11080,11,0
104,30/5/2002,69,train_Client_110801,11,0
103,16/4/2014,69,train_Client_110802,11,0
101,6/11/1986,60,train_Client_110805,11,0
311,5/12/2009,63,train_Client_110806,11,0
101,19/5/1998,60,train_Client_110807,11,0
303,21/2/2013,62,train_Client_110808,11,0
309,29/12/2003,62,train_Client_11081,11,0
311,31/12/2003,63,train_Client_110810,11,0
304,15/2/1985,62,train_Client_110812,11,0
306,6/7/2009,63,train_Client_110813,11,0
310,21/12/2007,62,train_Client_110814,11,0
302,2/3/2009,62,train_Client_110818,11,0
104,28/2/2013,69,train_Client_110819,11,0
308,25/8/2016,63,train_Client_110821,11,0
303,29/10/2008,62,train_Client_110824,11,0
104,10/5/1984,69,train_Client_110825,11,0
104,23/8/2005,69,train_Client_110827,11,0
301,20/9/2012,62,train_Client_110828,11,0
306,31/5/2004,63,train_Client_110829,11,0
104,7/6/2012,69,train_Client_11083,11,0
103,21/4/2014,69,train_Client_110830,11,0
371,24/6/1998,62,train_Client_110831,11,0
104,11/6/2001,69,train_Client_110832,51,1
101,30/12/2013,60,train_Client_110833,11,0
301,4/6/2012,62,train_Client_110834,11,0
104,28/6/2001,69,train_Client_110835,11,1
307,20/4/2012,62,train_Client_110836,11,0
302,7/6/2010,62,train_Client_110837,11,0
103,9/11/2013,69,train_Client_110838,11,0
101,24/10/2001,60,train_Client_110840,11,0
104,27/7/2004,69,train_Client_110842,11,0
101,19/5/1998,60,train_Client_110843,11,0
303,7/4/2008,62,train_Client_110844,11,0
101,23/7/2010,60,train_Client_110846,11,0
101,15/2/2012,60,train_Client_110847,11,0
305,16/5/2016,62,train_Client_110848,11,0
107,24/12/2013,69,train_Client_110849,11,0
104,28/1/2013,69,train_Client_110852,11,1
301,11/12/2006,62,train_Client_110853,11,0
101,28/4/1980,60,train_Client_110854,11,0
313,17/1/2007,63,train_Client_110855,11,0
104,22/11/1982,69,train_Client_110856,11,0
101,27/12/2004,60,train_Client_110859,11,0
307,24/9/1999,62,train_Client_11086,11,0
101,18/12/1984,60,train_Client_110860,11,0
101,28/11/2011,60,train_Client_110861,11,0
307,22/12/2003,62,train_Client_110862,11,0
105,16/2/2008,69,train_Client_110863,11,0
303,1/6/2007,62,train_Client_110865,11,0
301,21/12/2016,62,train_Client_110866,11,1
304,7/2/2018,62,train_Client_110867,11,0
306,30/11/1990,63,train_Client_110868,11,0
104,8/9/2016,69,train_Client_110869,11,0
104,31/12/1982,69,train_Client_110870,11,0
101,20/5/2013,60,train_Client_110871,11,0
308,29/4/2003,63,train_Client_110876,11,0
101,13/12/1994,60,train_Client_110877,11,0
305,19/4/1985,62,train_Client_110878,11,0
104,16/3/2012,69,train_Client_110879,11,0
304,20/6/2014,62,train_Client_11088,11,0
101,20/7/2009,60,train_Client_110882,11,0
306,28/9/2005,63,train_Client_110883,11,0
101,4/10/1978,60,train_Client_110884,12,0
101,30/9/1992,60,train_Client_110885,11,0
107,21/6/2004,69,train_Client_110886,11,0
107,30/10/2015,69,train_Client_11089,51,1
310,28/6/1988,62,train_Client_110890,11,0
101,26/12/2012,60,train_Client_110893,11,0
104,20/8/2014,69,train_Client_110894,11,0
104,23/6/1998,69,train_Client_110895,11,0
103,5/12/2015,69,train_Client_110897,11,0
101,14/2/2002,60,train_Client_110898,11,0
101,27/12/2009,60,train_Client_110899,11,0
313,9/6/1980,63,train_Client_1109,11,0
106,15/2/2016,69,train_Client_11090,11,0
101,28/11/2006,60,train_Client_110901,11,0
107,24/5/2000,69,train_Client_110902,11,0
101,29/8/2007,60,train_Client_110908,11,0
311,14/4/1989,63,train_Client_110909,11,0
309,30/8/2010,62,train_Client_11091,11,0
303,29/11/2012,62,train_Client_110910,11,1
301,31/3/1979,62,train_Client_110911,11,0
371,9/6/1980,62,train_Client_110912,11,0
101,31/5/1999,60,train_Client_110914,12,0
101,5/6/1990,60,train_Client_110916,11,0
101,25/12/1996,60,train_Client_110917,11,0
301,12/12/2012,62,train_Client_11092,11,0
313,11/9/2009,63,train_Client_110921,11,0
313,20/11/1997,63,train_Client_110922,11,0
101,1/9/1982,60,train_Client_110923,11,0
107,20/12/1994,69,train_Client_110926,11,0
103,26/4/2011,69,train_Client_110928,11,0
301,23/7/2002,62,train_Client_11093,11,0
104,19/8/2010,69,train_Client_110930,11,0
104,7/6/1994,69,train_Client_110932,11,0
309,8/9/2016,62,train_Client_110933,12,0
105,16/9/2003,69,train_Client_110934,11,0
306,11/11/1980,63,train_Client_110936,11,0
310,3/4/2015,62,train_Client_110937,11,0
105,28/8/1985,69,train_Client_110938,11,0
101,6/7/2009,60,train_Client_110939,11,0
303,24/9/1999,62,train_Client_110940,11,0
311,22/9/2014,63,train_Client_110941,11,0
308,29/12/2000,63,train_Client_110942,11,0
305,15/1/2018,62,train_Client_110943,11,0
107,27/11/1997,69,train_Client_110944,11,0
107,15/9/2017,69,train_Client_110945,11,0
101,13/3/2018,60,train_Client_110946,11,0
313,28/12/2011,63,train_Client_110947,11,0
103,3/5/2011,69,train_Client_110948,11,0
101,16/12/2010,60,train_Client_11095,11,0
301,30/12/2010,62,train_Client_110950,11,0
107,1/8/2018,69,train_Client_110951,11,0
309,15/4/2016,62,train_Client_110953,11,0
306,29/6/2001,63,train_Client_110954,11,0
311,10/6/2008,63,train_Client_110956,11,0
104,7/7/2014,69,train_Client_110957,11,0
312,21/9/2010,63,train_Client_110958,11,0
306,30/9/2015,63,train_Client_110959,11,0
311,18/2/2009,63,train_Client_11096,11,0
103,28/3/2011,69,train_Client_110961,11,0
311,14/12/1989,63,train_Client_110964,11,0
302,27/10/1980,62,train_Client_110965,11,0
107,2/4/2013,69,train_Client_110966,11,1
107,26/3/2012,69,train_Client_110967,11,0
312,26/10/1983,63,train_Client_110968,11,0
107,9/8/2011,69,train_Client_11097,11,0
301,29/10/2004,62,train_Client_110971,11,1
101,29/4/1994,60,train_Client_110973,11,0
101,23/11/2006,60,train_Client_110974,11,0
301,10/11/2009,62,train_Client_110980,11,0
103,5/6/2010,69,train_Client_110981,11,0
311,28/2/2006,63,train_Client_110982,11,0
310,23/6/1993,62,train_Client_110983,11,0
101,31/10/2008,60,train_Client_110984,11,0
104,18/12/1991,69,train_Client_110986,11,0
101,23/5/2008,60,train_Client_110987,11,0
101,30/10/2009,60,train_Client_110988,11,0
101,10/6/1993,60,train_Client_110989,11,0
312,30/3/2001,63,train_Client_11099,11,0
301,15/12/1986,62,train_Client_110990,11,0
101,30/9/2005,63,train_Client_110992,11,0
305,26/8/2017,62,train_Client_110993,11,0
101,14/9/2000,60,train_Client_110995,11,0
103,12/6/2014,69,train_Client_110996,11,0
313,29/7/2008,63,train_Client_110997,11,0
103,21/9/2017,69,train_Client_1110,11,0
101,11/11/2015,60,train_Client_11100,11,0
301,30/11/1984,62,train_Client_111000,11,0
101,22/1/2002,60,train_Client_111002,11,0
311,20/2/2007,63,train_Client_111005,11,0
307,26/2/2003,62,train_Client_111007,11,0
104,17/1/2008,69,train_Client_111008,11,0
101,10/1/2010,60,train_Client_11101,11,0
101,17/9/2007,60,train_Client_111010,11,0
309,9/2/2010,62,train_Client_111011,11,0
313,23/2/2010,63,train_Client_111014,11,0
107,26/8/1996,69,train_Client_111015,11,0
106,30/12/1988,69,train_Client_111016,11,0
311,13/3/2015,63,train_Client_111017,11,0
101,15/3/1995,60,train_Client_111018,11,0
101,1/6/1992,60,train_Client_111019,12,1
101,28/7/1979,60,train_Client_11102,11,0
310,27/12/2012,62,train_Client_111020,11,0
101,29/3/2000,60,train_Client_111021,11,0
104,15/5/2012,69,train_Client_111022,11,0
309,20/10/2016,62,train_Client_111024,11,0
302,19/9/2008,62,train_Client_111025,11,0
105,19/7/2004,69,train_Client_111026,11,0
101,12/6/2007,60,train_Client_111027,11,0
306,21/12/2013,63,train_Client_111028,11,0
107,30/4/2010,69,train_Client_111029,11,0
371,14/2/2013,62,train_Client_111030,11,0
301,22/4/2011,62,train_Client_111031,11,0
101,22/6/1983,60,train_Client_111032,11,0
101,25/9/1997,60,train_Client_111033,11,0
301,29/9/1992,62,train_Client_111034,12,0
312,21/10/2003,63,train_Client_111035,11,0
301,21/10/2015,62,train_Client_111036,11,0
104,20/12/2016,69,train_Client_111037,51,1
107,30/3/2001,69,train_Client_11104,11,0
372,21/8/1989,63,train_Client_111040,11,1
103,5/12/2015,69,train_Client_111041,11,0
101,9/3/2010,60,train_Client_111042,11,0
101,2/12/2009,60,train_Client_111043,11,0
104,18/11/2010,69,train_Client_111044,11,0
101,23/10/1985,60,train_Client_111045,11,0
101,13/11/2015,63,train_Client_111046,11,0
101,10/7/2009,60,train_Client_111047,11,0
104,4/3/2010,69,train_Client_111049,11,0
302,30/11/1999,62,train_Client_11105,11,0
101,23/4/2001,60,train_Client_111050,11,0
101,14/1/1985,60,train_Client_111053,11,1
101,14/12/2006,60,train_Client_111055,11,0
301,29/9/2006,62,train_Client_111056,11,0
101,29/12/2009,60,train_Client_111059,11,0
307,19/11/1984,62,train_Client_11106,11,1
101,22/6/1992,63,train_Client_111060,11,0
301,3/6/1987,62,train_Client_111062,11,0
310,20/4/2017,62,train_Client_111063,11,0
101,18/8/1998,63,train_Client_111065,11,0
107,9/8/2016,69,train_Client_111066,11,0
101,7/9/2001,60,train_Client_111067,11,0
311,25/5/2000,63,train_Client_111068,11,0
101,20/2/2002,60,train_Client_111072,11,0
372,22/1/1980,63,train_Client_111073,11,0
107,4/7/2017,69,train_Client_111074,11,0
305,19/7/2011,62,train_Client_111075,11,0
311,14/10/2017,63,train_Client_111077,11,0
107,25/3/2011,69,train_Client_111078,11,0
301,24/12/1999,62,train_Client_111079,11,0
101,16/1/1980,60,train_Client_111082,11,0
371,31/12/1990,62,train_Client_111087,11,0
304,18/8/1977,62,train_Client_111089,12,0
303,16/3/2015,62,train_Client_111091,11,0
306,20/5/2014,63,train_Client_111094,11,0
107,11/8/2017,69,train_Client_111097,11,0
103,26/10/2011,69,train_Client_111098,11,0
311,30/12/1995,63,train_Client_111099,11,0
104,16/6/2015,69,train_Client_1111,11,0
104,27/5/2005,69,train_Client_11110,11,0
310,7/8/1987,62,train_Client_111100,11,1
311,17/2/2014,63,train_Client_111102,11,0
101,30/3/2012,60,train_Client_111104,11,0
103,19/3/2013,69,train_Client_111106,11,0
301,25/1/1983,62,train_Client_111108,12,0
101,17/10/1980,60,train_Client_111109,11,0
104,29/8/1994,69,train_Client_111111,11,0
107,12/11/2013,69,train_Client_111112,11,0
101,10/3/2009,60,train_Client_111113,11,0
101,20/7/2016,60,train_Client_111114,11,0
101,22/5/2017,60,train_Client_111115,11,0
304,1/10/1982,62,train_Client_111117,11,0
101,31/7/1990,60,train_Client_111118,11,0
103,28/11/2011,69,train_Client_11112,11,0
304,26/3/2013,62,train_Client_111120,11,0
303,25/10/2016,62,train_Client_111121,11,0
304,18/4/2018,62,train_Client_111122,11,0
101,30/12/2004,60,train_Client_111123,11,0
103,11/5/2009,69,train_Client_111124,11,0
104,10/2/2006,69,train_Client_111128,11,0
104,23/6/2012,69,train_Client_111129,11,0
309,18/11/2014,62,train_Client_11113,11,0
103,12/12/2011,69,train_Client_111130,51,0
101,8/8/2011,60,train_Client_111131,11,0
101,29/3/2013,60,train_Client_111132,11,0
309,26/12/2006,62,train_Client_111133,11,0
310,31/8/2001,62,train_Client_111134,11,0
104,19/10/2016,69,train_Client_111136,11,0
301,24/12/1982,62,train_Client_111137,11,0
101,3/6/1982,60,train_Client_111139,11,1
307,18/2/2015,62,train_Client_11114,11,0
372,22/11/2010,63,train_Client_111140,11,0
104,20/12/2011,69,train_Client_111141,11,0
103,25/12/2014,69,train_Client_111142,11,0
101,11/6/2015,60,train_Client_111143,11,0
101,25/1/1994,60,train_Client_111144,11,0
101,28/6/2006,60,train_Client_111145,11,0
103,12/8/2010,69,train_Client_111146,11,0
301,21/1/2013,62,train_Client_111149,11,0
107,28/12/2011,69,train_Client_111151,11,0
302,8/9/2008,62,train_Client_111152,11,0
309,28/7/2012,62,train_Client_111153,11,0
303,28/12/2015,62,train_Client_111155,11,0
101,25/3/1998,60,train_Client_111156,11,0
101,12/6/2007,60,train_Client_111157,11,0
101,8/12/2003,60,train_Client_111158,11,0
303,25/10/2006,62,train_Client_11116,11,0
104,13/7/2017,69,train_Client_111160,11,0
307,21/5/2016,62,train_Client_111161,11,0
311,9/8/2011,63,train_Client_111163,11,0
311,29/7/2005,63,train_Client_111164,11,0
103,9/1/2014,69,train_Client_111166,11,0
305,10/4/2018,62,train_Client_111167,11,1
305,29/6/2012,62,train_Client_111169,11,0
101,19/5/1998,60,train_Client_11117,11,0
103,28/5/2012,69,train_Client_111170,11,0
310,21/5/1996,62,train_Client_111171,11,0
101,7/2/2010,60,train_Client_111174,11,0
379,31/7/2010,63,train_Client_111175,11,0
303,13/9/2000,62,train_Client_111176,11,0
101,29/8/1995,60,train_Client_111178,11,0
303,10/7/2000,62,train_Client_111179,11,0
372,24/12/2002,63,train_Client_11118,11,0
307,24/5/2012,62,train_Client_111180,11,0
101,29/11/1995,60,train_Client_111182,11,0
302,4/11/2008,62,train_Client_111183,11,0
101,21/5/2012,60,train_Client_111184,11,0
107,14/10/2005,69,train_Client_111186,11,0
106,15/5/2009,69,train_Client_111187,11,0
104,27/10/1980,69,train_Client_111188,11,0
312,15/12/1986,63,train_Client_11119,11,1
306,23/2/2000,63,train_Client_111190,11,0
101,14/2/2001,60,train_Client_111191,11,0
303,19/2/2013,62,train_Client_111192,11,0
101,28/5/2013,60,train_Client_111196,11,0
104,30/11/2000,69,train_Client_111199,11,0
103,11/12/2007,69,train_Client_11120,11,0
103,16/7/2013,69,train_Client_111200,11,0
399,15/10/2002,63,train_Client_111201,11,0
103,9/6/1980,69,train_Client_111202,11,0
304,9/5/2009,62,train_Client_111203,11,0
101,22/6/1987,60,train_Client_111204,11,0
107,30/11/1993,69,train_Client_111206,11,0
107,28/2/2017,69,train_Client_111207,11,0
101,29/7/2010,60,train_Client_111208,11,0
303,13/9/2011,62,train_Client_111209,11,0
101,20/2/2010,63,train_Client_11121,11,0
313,26/6/2009,63,train_Client_111210,11,0
101,23/2/2016,60,train_Client_111211,11,0
307,22/12/1999,62,train_Client_111213,11,0
101,14/2/2018,60,train_Client_111214,11,0
101,12/1/2016,60,train_Client_111215,11,0
101,24/3/2010,60,train_Client_111216,11,0
307,15/4/1988,62,train_Client_111217,11,1
101,3/9/1997,60,train_Client_111218,11,0
310,10/9/2001,62,train_Client_111219,11,0
302,8/3/2004,62,train_Client_11122,11,0
107,9/10/2015,69,train_Client_111220,11,0
101,31/8/2010,60,train_Client_111221,11,0
309,30/4/2009,62,train_Client_111222,11,0
101,3/10/2011,60,train_Client_111224,11,0
303,20/6/2016,62,train_Client_111225,11,0
310,13/11/2014,62,train_Client_111226,11,0
301,2/3/1989,62,train_Client_111227,11,0
301,1/10/1982,62,train_Client_111228,11,0
372,13/12/1994,63,train_Client_111230,11,0
309,9/6/2016,62,train_Client_111231,11,0
101,20/12/2013,60,train_Client_111235,11,0
301,15/2/2002,62,train_Client_111236,11,0
309,25/2/2016,62,train_Client_111238,11,1
301,16/7/2013,62,train_Client_111241,11,0
101,29/10/2001,60,train_Client_111243,11,0
101,12/2/2009,60,train_Client_111244,11,0
107,24/11/2014,69,train_Client_111245,11,0
101,17/9/2007,63,train_Client_111246,11,0
101,13/4/2012,60,train_Client_111247,11,0
101,14/5/2010,60,train_Client_111249,11,0
306,29/9/2003,63,train_Client_11125,11,0
101,7/3/2009,60,train_Client_111250,11,0
303,17/5/1995,62,train_Client_111251,11,0
311,11/1/2008,63,train_Client_111253,11,1
101,23/5/1996,60,train_Client_111254,11,0
301,12/11/1999,62,train_Client_111255,11,0
311,30/4/2009,63,train_Client_111257,11,0
311,5/4/1988,63,train_Client_111258,11,0
306,20/6/2011,63,train_Client_111259,11,1
104,5/5/2014,69,train_Client_11126,11,0
103,10/4/2002,69,train_Client_111260,11,0
307,29/3/1983,62,train_Client_111262,11,0
103,27/10/1980,69,train_Client_111263,11,0
101,23/6/1995,60,train_Client_111264,11,0
107,8/1/2010,69,train_Client_111265,11,1
303,13/2/2014,62,train_Client_111267,11,0
306,6/6/1986,63,train_Client_111269,11,0
311,18/9/2017,63,train_Client_111270,11,0
101,26/5/2012,60,train_Client_111271,11,0
104,12/11/2013,69,train_Client_111272,11,0
301,30/9/1994,62,train_Client_111273,11,0
101,29/11/2017,60,train_Client_111274,11,0
103,14/11/2013,69,train_Client_111275,11,0
107,31/3/1995,69,train_Client_111277,11,0
307,26/11/1993,62,train_Client_111279,11,0
302,19/9/2015,62,train_Client_111281,11,0
310,12/12/2017,62,train_Client_111283,11,0
371,30/6/2004,62,train_Client_111285,11,0
302,13/3/2000,62,train_Client_111287,11,0
303,2/3/2009,62,train_Client_111288,11,0
101,26/10/2011,60,train_Client_111289,11,0
302,28/4/1977,62,train_Client_11129,11,0
103,25/9/2013,69,train_Client_111290,11,0
104,4/8/1978,69,train_Client_111291,11,0
307,20/11/2014,62,train_Client_111292,11,0
305,24/5/1999,62,train_Client_111294,11,1
104,20/8/2010,69,train_Client_111295,11,0
301,17/12/2009,62,train_Client_111296,11,0
101,30/11/2016,60,train_Client_111298,11,0
301,20/10/2016,62,train_Client_111299,11,0
101,18/10/2014,60,train_Client_1113,11,0
104,5/2/2014,69,train_Client_11130,11,0
311,11/5/1999,63,train_Client_111300,11,0
309,26/9/2012,62,train_Client_111301,11,0
101,5/5/2011,60,train_Client_111302,11,0
103,20/11/2015,69,train_Client_111303,11,0
107,13/1/1979,69,train_Client_111304,11,0
307,29/4/2005,62,train_Client_111305,11,0
107,4/10/2006,69,train_Client_111307,11,0
107,22/6/2009,69,train_Client_111308,11,0
310,27/6/2016,62,train_Client_111309,11,0
310,26/12/1995,62,train_Client_111310,11,0
101,25/11/2009,60,train_Client_111312,11,0
101,2/1/2013,60,train_Client_111314,11,0
101,24/12/2001,60,train_Client_111315,11,0
311,21/12/1994,63,train_Client_111318,11,0
307,25/12/1996,62,train_Client_111319,11,0
304,24/11/1988,62,train_Client_111320,11,0
313,11/3/2011,63,train_Client_111324,11,0
399,11/12/1995,63,train_Client_111326,12,0
101,1/11/2007,60,train_Client_111327,11,0
107,20/5/2005,69,train_Client_111331,11,0
101,1/10/2007,60,train_Client_111332,11,0
103,9/10/2008,69,train_Client_111333,51,0
104,4/12/2014,69,train_Client_111335,11,0
301,13/12/1991,62,train_Client_111339,11,0
104,18/4/2001,69,train_Client_11134,11,1
104,3/3/2015,69,train_Client_111340,11,0
304,17/5/2011,62,train_Client_111342,11,0
101,10/6/1992,60,train_Client_111343,11,0
104,21/5/2016,69,train_Client_11135,11,0
101,23/6/1981,60,train_Client_111352,11,0
104,10/10/2014,69,train_Client_111353,11,0
103,24/12/2004,69,train_Client_111355,11,0
313,9/1/2010,63,train_Client_111356,11,0
104,16/1/1985,69,train_Client_111357,11,0
303,23/1/2018,62,train_Client_111358,11,0
101,28/2/1977,60,train_Client_11136,11,0
104,21/12/2012,69,train_Client_111360,11,0
101,24/7/1995,60,train_Client_111361,11,0
104,30/10/1995,69,train_Client_111362,11,0
101,13/9/2006,63,train_Client_111363,11,0
101,9/12/1983,60,train_Client_111365,11,0
301,20/6/1986,62,train_Client_111368,11,0
104,30/10/1998,69,train_Client_11137,11,0
101,26/3/2007,60,train_Client_111370,11,0
101,24/3/2010,60,train_Client_111371,11,0
304,17/9/1985,62,train_Client_111372,11,0
311,19/12/1997,63,train_Client_111373,11,0
303,9/12/1981,62,train_Client_111374,11,0
301,26/2/1999,62,train_Client_111375,11,0
107,29/11/2011,69,train_Client_111376,11,0
311,30/1/2008,63,train_Client_111377,11,0
104,21/12/2005,69,train_Client_111379,11,1
101,29/11/2005,60,train_Client_11138,11,0
101,11/9/2009,60,train_Client_111382,11,0
106,31/12/2005,69,train_Client_111385,11,0
101,13/11/2014,60,train_Client_111386,11,0
103,16/12/2015,69,train_Client_111387,11,0
371,24/3/1987,62,train_Client_111388,11,1
303,26/12/2012,62,train_Client_111389,11,0
301,24/10/2003,62,train_Client_111390,11,0
101,26/1/2017,60,train_Client_111392,11,0
104,17/8/2009,69,train_Client_111394,11,0
301,19/9/1994,62,train_Client_111396,11,0
107,4/4/1978,69,train_Client_111399,11,0
304,9/6/1987,62,train_Client_11140,12,0
309,24/11/1994,62,train_Client_111400,11,0
301,27/3/2013,62,train_Client_111402,11,0
101,29/11/1977,60,train_Client_111403,11,0
311,16/2/2013,63,train_Client_111405,11,0
104,27/7/2010,69,train_Client_111406,12,0
308,13/12/1994,63,train_Client_111407,11,0
371,15/6/2017,62,train_Client_111408,11,0
101,21/7/2006,60,train_Client_11141,11,0
103,26/1/2016,69,train_Client_111412,11,0
307,24/4/2000,62,train_Client_111414,11,0
309,2/12/2015,62,train_Client_111415,11,0
101,21/4/1992,60,train_Client_111416,11,0
310,26/12/2016,62,train_Client_111417,11,0
303,15/4/2009,62,train_Client_11142,11,0
302,29/3/1980,62,train_Client_111420,11,0
379,10/5/1991,63,train_Client_111421,11,0
302,7/9/1977,62,train_Client_111422,11,0
101,21/6/2006,63,train_Client_111423,11,0
303,7/3/2013,62,train_Client_111425,11,0
309,19/5/1998,62,train_Client_111426,11,0
101,18/3/1992,60,train_Client_111427,11,0
101,25/10/1996,60,train_Client_11143,11,1
103,12/4/2013,69,train_Client_111430,11,1
301,14/3/1977,62,train_Client_111432,11,0
107,10/7/2015,69,train_Client_111433,11,0
101,6/12/1988,63,train_Client_111434,11,0
103,20/7/1998,69,train_Client_111435,11,0
301,6/1/2012,62,train_Client_111436,12,0
101,6/6/2013,60,train_Client_111437,11,0
310,12/5/2007,62,train_Client_111439,11,0
103,16/7/2013,69,train_Client_11144,12,0
399,10/10/1983,63,train_Client_111440,11,0
303,13/11/1980,62,train_Client_111442,11,0
104,11/6/1999,69,train_Client_111443,11,0
107,26/12/2011,69,train_Client_111444,11,0
310,31/12/1996,62,train_Client_111445,11,0
312,3/5/2018,63,train_Client_111446,11,0
301,12/2/2018,62,train_Client_111447,11,0
107,2/6/2012,69,train_Client_111448,11,0
101,22/10/1979,60,train_Client_111449,11,0
101,6/12/2007,60,train_Client_11145,11,0
101,19/1/1994,60,train_Client_111450,11,0
101,10/12/2014,60,train_Client_111451,11,0
301,30/8/2013,62,train_Client_111452,51,0
104,23/6/1980,69,train_Client_111453,11,0
101,20/11/1989,60,train_Client_111454,11,0
101,22/12/2008,60,train_Client_111455,11,0
104,20/2/2017,69,train_Client_111457,11,0
107,15/7/2017,69,train_Client_111459,11,0
301,20/5/1980,62,train_Client_111460,11,0
312,19/3/2013,63,train_Client_111461,11,0
101,22/6/1981,60,train_Client_111462,11,0
312,16/6/2008,63,train_Client_111467,11,0
101,14/10/1997,60,train_Client_11147,11,0
101,26/1/2011,60,train_Client_111470,11,0
312,13/9/2013,63,train_Client_111471,11,0
311,5/2/1987,63,train_Client_111472,11,0
105,14/6/2011,69,train_Client_111473,11,0
101,23/12/2009,60,train_Client_111474,11,0
312,29/6/2005,63,train_Client_111476,11,0
372,27/10/1989,63,train_Client_111477,11,0
104,11/5/1984,69,train_Client_111478,11,0
104,11/11/2017,69,train_Client_111480,11,0
101,17/5/1978,60,train_Client_111481,11,0
104,10/2/1998,69,train_Client_111483,11,0
310,12/12/2013,62,train_Client_111484,11,0
302,5/4/2016,62,train_Client_111485,11,0
371,7/5/1991,62,train_Client_111487,11,0
305,19/5/2016,62,train_Client_111488,11,0
101,3/5/2005,60,train_Client_111489,11,0
302,20/9/1990,62,train_Client_11149,11,0
301,17/9/2008,62,train_Client_111491,11,0
310,4/8/2008,62,train_Client_111493,11,0
101,14/11/2000,60,train_Client_111494,11,0
304,14/10/1982,62,train_Client_111495,11,0
107,8/11/1994,69,train_Client_111496,11,0
105,5/9/2008,69,train_Client_111498,11,0
104,2/11/2017,69,train_Client_1115,11,0
306,21/5/1986,63,train_Client_11150,11,0
303,27/9/2017,62,train_Client_111501,11,0
107,29/9/2016,69,train_Client_111502,11,0
101,30/12/1978,60,train_Client_111503,11,0
301,31/5/2013,62,train_Client_111504,11,0
101,31/12/2004,60,train_Client_111505,11,0
103,12/10/2015,69,train_Client_111507,11,0
101,31/12/1987,60,train_Client_111509,11,0
101,2/6/1989,60,train_Client_11151,11,1
311,16/11/2013,63,train_Client_111512,11,0
103,7/12/2007,69,train_Client_111513,11,1
303,12/5/2012,62,train_Client_111515,11,0
301,29/10/1991,62,train_Client_111517,11,0
103,6/6/2012,69,train_Client_111519,11,0
311,13/11/2014,63,train_Client_111524,11,0
101,9/6/2000,60,train_Client_111525,11,0
304,22/8/2013,62,train_Client_111526,11,0
311,18/1/1993,63,train_Client_111527,11,0
107,20/11/2015,69,train_Client_111529,11,0
104,19/3/1985,69,train_Client_111532,11,0
104,8/9/1998,69,train_Client_111533,11,0
311,29/12/1986,63,train_Client_111534,11,0
302,28/4/1981,62,train_Client_111535,11,0
306,28/4/2008,63,train_Client_111536,11,0
103,8/9/2011,69,train_Client_111537,11,0
101,4/5/2010,60,train_Client_111538,12,0
101,11/3/2002,60,train_Client_111539,11,0
303,18/4/2017,62,train_Client_11154,11,0
107,7/12/2009,69,train_Client_111541,11,0
107,21/2/2015,69,train_Client_111543,11,0
105,29/11/1977,69,train_Client_111544,11,0
371,23/11/1988,62,train_Client_111545,11,0
371,24/5/1983,62,train_Client_111546,11,1
304,4/12/2003,62,train_Client_111547,11,0
101,5/4/1980,60,train_Client_111548,11,1
313,9/2/2010,63,train_Client_111549,11,0
305,8/3/2013,62,train_Client_11155,11,0
101,15/6/2015,60,train_Client_111551,11,0
101,15/12/2015,60,train_Client_111554,11,0
104,16/11/2015,69,train_Client_111556,11,0
101,25/3/2015,60,train_Client_111557,11,0
303,8/7/2015,62,train_Client_111559,11,0
101,30/11/2005,63,train_Client_11156,11,0
101,26/12/1989,60,train_Client_111561,11,0
311,31/12/1993,63,train_Client_111562,11,0
101,7/9/2011,60,train_Client_111563,11,0
301,5/6/2007,62,train_Client_111564,11,0
103,4/2/2016,69,train_Client_111565,11,0
103,19/10/1982,69,train_Client_111566,11,0
301,23/1/2014,62,train_Client_111567,11,0
313,6/7/2009,63,train_Client_111569,11,0
107,5/6/2010,69,train_Client_111571,11,0
306,14/1/1987,63,train_Client_111572,11,0
101,17/6/1997,60,train_Client_111573,11,0
105,23/8/2010,69,train_Client_111575,11,0
101,19/4/2010,60,train_Client_111576,11,0
104,15/9/2016,69,train_Client_111577,11,0
103,4/9/2013,69,train_Client_111578,11,0
104,20/12/2011,69,train_Client_111580,11,0
371,29/10/2004,62,train_Client_111581,11,0
101,31/12/1977,60,train_Client_111582,11,0
104,20/7/1999,69,train_Client_111583,11,0
101,15/5/1996,60,train_Client_111585,11,0
311,18/10/2010,63,train_Client_111586,11,0
101,9/11/2006,60,train_Client_111587,11,0
103,2/1/2013,69,train_Client_111588,11,0
302,20/9/1989,62,train_Client_111589,11,0
107,28/7/2004,69,train_Client_11159,11,0
309,30/8/2013,62,train_Client_111592,11,0
311,10/12/1991,63,train_Client_111593,11,0
311,31/12/1993,63,train_Client_111594,11,0
101,24/12/2012,60,train_Client_111595,11,0
104,31/12/1991,69,train_Client_111598,11,1
101,22/3/1979,60,train_Client_1116,11,0
101,14/6/2012,60,train_Client_11160,11,0
311,14/11/2001,63,train_Client_111600,11,0
307,24/2/2010,62,train_Client_111602,11,0
103,17/2/2011,69,train_Client_111603,12,0
103,18/2/2017,69,train_Client_111604,11,0
310,24/1/2008,62,train_Client_111605,11,0
103,4/12/2013,69,train_Client_111606,11,0
301,30/12/2003,62,train_Client_111607,11,0
101,28/9/2015,63,train_Client_111608,11,0
311,22/12/1999,63,train_Client_111609,11,0
103,7/11/2007,69,train_Client_11161,11,0
313,23/8/2007,63,train_Client_111610,11,0
310,27/3/2014,62,train_Client_111611,11,0
305,31/12/1977,62,train_Client_111612,11,0
104,21/11/1981,69,train_Client_111613,11,0
313,8/10/2010,63,train_Client_111614,11,0
310,17/7/2014,62,train_Client_111615,11,0
101,10/6/1992,60,train_Client_111616,11,0
101,20/12/2012,60,train_Client_111617,11,0
309,8/6/1994,62,train_Client_111618,11,0
310,22/4/2016,62,train_Client_111619,11,0
307,25/3/1985,62,train_Client_11162,11,0
311,21/12/1994,63,train_Client_111620,11,0
302,29/4/2015,62,train_Client_111621,11,0
104,10/3/1989,69,train_Client_111622,11,0
101,17/4/2017,60,train_Client_111624,11,0
103,11/7/2017,69,train_Client_111626,11,0
103,27/12/2011,69,train_Client_111627,11,0
379,25/3/2010,63,train_Client_11163,11,0
301,20/5/1983,62,train_Client_111631,11,0
371,31/10/2015,62,train_Client_111632,11,0
371,2/12/2011,62,train_Client_111634,11,0
303,19/6/1987,62,train_Client_111636,11,0
101,10/12/1984,60,train_Client_111638,11,0
101,30/6/2010,60,train_Client_111639,11,0
305,26/10/2011,62,train_Client_111640,11,0
311,31/12/2004,63,train_Client_111641,11,0
104,6/11/2017,69,train_Client_111642,11,0
101,30/11/2010,60,train_Client_111644,11,0
306,6/9/2018,63,train_Client_111645,11,0
311,8/2/2006,63,train_Client_111646,11,0
104,3/10/1983,69,train_Client_111647,11,0
101,6/11/2013,60,train_Client_111649,11,0
104,25/6/1992,69,train_Client_111652,11,0
103,29/7/1994,69,train_Client_111655,11,0
311,21/10/2015,63,train_Client_111659,11,0
101,21/11/2006,60,train_Client_11166,11,0
104,19/9/1995,69,train_Client_111660,11,0
307,22/10/1977,62,train_Client_111661,11,0
302,7/2/2008,62,train_Client_111662,11,0
311,19/8/2017,63,train_Client_111663,11,0
305,28/1/1986,62,train_Client_111664,11,0
107,22/2/2010,69,train_Client_111666,11,0
101,28/1/2014,60,train_Client_111669,11,0
107,1/7/2016,69,train_Client_111670,11,0
311,20/1/1993,63,train_Client_111673,11,0
311,31/1/2017,63,train_Client_111675,11,0
301,19/12/1989,62,train_Client_111676,11,0
101,6/6/1988,60,train_Client_111677,11,0
307,30/12/1995,62,train_Client_111678,11,0
310,21/10/1978,62,train_Client_11168,11,0
101,7/6/2008,60,train_Client_111680,11,0
311,26/2/2007,63,train_Client_111683,11,0
107,7/12/2011,69,train_Client_111685,11,0
101,8/11/2010,60,train_Client_11169,11,1
301,1/8/2014,62,train_Client_111690,11,0
301,23/2/1998,62,train_Client_111693,11,0
103,16/5/2009,69,train_Client_111694,11,0
306,28/5/2012,63,train_Client_111695,11,0
104,26/12/2003,69,train_Client_111696,11,1
311,17/9/1999,63,train_Client_111697,11,0
306,25/5/2012,63,train_Client_111698,11,0
305,25/9/2009,62,train_Client_111699,11,0
104,29/1/1996,69,train_Client_1117,11,0
104,16/5/2013,69,train_Client_11170,11,0
101,17/2/1999,60,train_Client_111700,11,0
107,30/12/1996,69,train_Client_111702,11,0
104,28/4/2014,69,train_Client_111704,11,0
311,14/10/2014,63,train_Client_111705,11,0
103,7/1/2012,69,train_Client_111706,11,0
301,21/10/2014,62,train_Client_111707,11,0
307,19/8/2015,62,train_Client_111709,11,0
101,22/12/2016,60,train_Client_111710,11,0
312,25/12/2012,63,train_Client_111713,11,0
107,13/10/2012,69,train_Client_111716,11,0
101,26/6/1997,60,train_Client_111718,11,0
311,23/10/2015,63,train_Client_111719,11,0
301,20/2/2018,62,train_Client_11172,11,0
107,14/6/2011,69,train_Client_111720,11,0
104,17/3/2012,69,train_Client_111721,11,1
306,7/5/2010,63,train_Client_111722,11,0
104,25/12/1998,69,train_Client_111723,11,1
313,21/11/2013,63,train_Client_111724,11,0
104,3/11/2014,69,train_Client_111725,11,0
311,24/3/2012,63,train_Client_111726,11,0
104,18/2/2008,69,train_Client_111728,11,0
303,21/9/2015,62,train_Client_111729,11,0
101,11/3/1986,60,train_Client_111730,11,0
101,21/5/1980,60,train_Client_111731,12,0
101,30/11/2016,60,train_Client_111732,11,0
311,31/5/1994,63,train_Client_111733,11,0
101,30/12/2013,60,train_Client_111735,11,0
101,14/8/2009,60,train_Client_111736,11,0
103,28/10/1985,69,train_Client_111738,11,1
311,21/3/2013,63,train_Client_111739,11,0
101,29/5/2007,60,train_Client_11174,11,0
309,10/8/2011,62,train_Client_111740,11,0
309,22/3/2018,62,train_Client_111743,11,0
104,27/10/2008,69,train_Client_111746,11,0
104,4/10/2006,69,train_Client_111749,11,0
304,25/10/2011,62,train_Client_11175,11,0
301,27/11/2012,62,train_Client_111750,11,0
311,31/12/2004,63,train_Client_111751,11,0
101,28/11/1991,60,train_Client_111753,11,1
104,5/12/2011,69,train_Client_111754,12,0
101,21/7/2009,60,train_Client_111755,11,0
104,22/11/2013,69,train_Client_111756,11,0
101,4/9/1992,60,train_Client_111757,11,0
304,9/10/2012,62,train_Client_111758,11,0
302,30/9/2014,62,train_Client_111759,11,0
104,11/12/2003,69,train_Client_111760,11,0
301,22/8/1979,62,train_Client_111763,11,1
311,17/2/1988,63,train_Client_111764,11,0
311,30/8/2018,63,train_Client_111766,11,0
104,16/5/2013,69,train_Client_111767,11,0
312,26/5/2018,63,train_Client_111769,11,0
306,19/6/2012,63,train_Client_11177,11,0
104,14/8/2007,69,train_Client_111770,11,0
304,5/3/2008,62,train_Client_111771,11,0
101,27/4/2001,60,train_Client_111772,11,0
311,17/2/2000,63,train_Client_111773,11,0
311,17/10/2014,63,train_Client_111774,11,0
312,27/10/1989,63,train_Client_111776,11,0
101,25/12/1998,60,train_Client_111777,11,0
101,30/12/1991,60,train_Client_111778,11,1
101,14/12/1999,60,train_Client_111779,11,0
311,21/11/1985,63,train_Client_11178,11,0
101,14/11/1997,60,train_Client_111780,11,0
301,15/8/2015,62,train_Client_111781,11,0
101,21/6/1980,60,train_Client_111783,11,0
311,29/9/2011,63,train_Client_111784,11,0
107,12/11/2016,69,train_Client_111787,11,0
103,26/10/2011,69,train_Client_111789,11,0
103,28/5/2012,69,train_Client_11179,11,0
104,4/10/2016,69,train_Client_111790,11,0
309,7/6/2017,62,train_Client_111791,11,0
104,5/9/2014,69,train_Client_111793,11,0
101,25/10/2001,60,train_Client_111794,11,0
101,26/2/1986,60,train_Client_111795,11,0
104,16/9/1986,69,train_Client_111796,11,0
371,28/9/1988,62,train_Client_111797,11,0
107,19/12/2012,69,train_Client_111799,11,0
301,24/3/1989,62,train_Client_1118,11,0
101,27/12/2009,60,train_Client_11180,11,0
311,12/5/2008,63,train_Client_111800,11,0
303,22/10/2007,62,train_Client_111801,11,0
312,27/3/1990,63,train_Client_111805,11,0
309,22/9/1995,62,train_Client_111806,11,0
101,19/6/1980,60,train_Client_111808,11,0
107,18/6/2014,69,train_Client_11181,11,0
101,23/5/1996,60,train_Client_111810,11,0
302,12/8/2013,62,train_Client_111814,11,0
104,12/5/1998,69,train_Client_111817,11,0
311,14/5/1990,63,train_Client_111818,11,0
311,18/12/2017,63,train_Client_111819,11,0
101,27/12/2003,60,train_Client_11182,11,0
310,22/8/2003,62,train_Client_111820,11,0
371,16/6/1982,62,train_Client_111821,11,0
104,10/2/2006,69,train_Client_111822,11,0
101,17/8/1995,63,train_Client_111823,11,0
302,11/12/2015,62,train_Client_111824,11,0
107,31/1/2014,69,train_Client_111826,11,0
302,9/5/2000,62,train_Client_111827,11,1
103,28/4/2015,69,train_Client_111828,11,0
307,23/11/1987,62,train_Client_11183,11,0
101,7/10/2014,60,train_Client_111830,11,0
101,18/2/2013,60,train_Client_111832,11,0
103,29/1/2014,69,train_Client_111836,11,1
313,14/10/2017,63,train_Client_111837,11,0
312,26/4/2012,63,train_Client_111839,11,0
104,22/2/2010,69,train_Client_11184,11,0
309,1/7/2008,62,train_Client_111841,11,0
309,24/9/1999,62,train_Client_111843,11,0
101,11/6/2002,60,train_Client_111844,11,0
312,1/4/2015,63,train_Client_111846,11,0
101,10/8/1978,60,train_Client_111847,11,0
302,16/12/2010,62,train_Client_111849,11,0
303,17/5/1995,62,train_Client_11185,11,0
304,23/10/1996,62,train_Client_111850,11,0
302,24/11/1988,62,train_Client_111851,11,1
311,24/3/2003,63,train_Client_111852,11,0
399,26/6/2009,63,train_Client_111853,11,0
101,8/6/1982,60,train_Client_111855,11,0
101,5/7/2010,60,train_Client_111856,11,0
302,14/12/1998,62,train_Client_111859,11,0
304,26/12/1983,62,train_Client_111861,11,0
304,22/9/1995,62,train_Client_111864,11,0
101,8/3/1983,60,train_Client_111865,11,0
101,15/8/2010,60,train_Client_111867,11,0
304,21/4/1997,62,train_Client_111869,11,0
301,29/10/1998,62,train_Client_11187,11,0
301,8/3/2012,62,train_Client_111870,11,0
101,10/2/2009,60,train_Client_111872,11,0
311,19/10/2015,63,train_Client_111873,11,0
301,9/8/2011,62,train_Client_111875,11,0
304,4/2/2002,62,train_Client_111877,11,0
103,1/6/2010,69,train_Client_111878,11,0
312,23/1/2016,63,train_Client_11188,11,0
101,29/10/1990,60,train_Client_111880,11,0
301,30/8/2013,62,train_Client_111882,11,0
101,10/11/1995,60,train_Client_111883,11,0
103,13/10/2012,69,train_Client_111885,11,0
101,21/2/2013,60,train_Client_111886,11,0
101,1/9/1982,60,train_Client_111888,11,0
301,29/9/2003,62,train_Client_111890,11,0
101,8/2/2000,60,train_Client_111892,11,0
101,14/10/1982,60,train_Client_111894,11,0
303,19/2/2013,62,train_Client_111895,11,0
101,4/3/1999,60,train_Client_111896,11,0
101,15/7/1980,60,train_Client_111897,11,0
302,5/11/2008,62,train_Client_111898,11,0
311,29/8/2002,63,train_Client_111899,11,0
311,12/8/1988,63,train_Client_11190,11,0
311,26/2/2004,63,train_Client_111900,11,0
311,18/7/2011,63,train_Client_111903,11,0
306,28/2/1978,63,train_Client_111907,11,0
304,27/10/2015,62,train_Client_111908,11,0
303,21/12/2015,62,train_Client_111911,11,0
303,18/5/2010,62,train_Client_111916,11,0
104,9/6/2013,69,train_Client_111917,11,0
107,26/12/2014,69,train_Client_111918,11,0
103,7/4/2004,69,train_Client_11192,11,0
308,17/2/2016,63,train_Client_111920,11,0
101,30/11/2012,60,train_Client_111921,11,0
311,31/12/1996,63,train_Client_111922,11,0
302,31/7/2006,62,train_Client_111923,11,1
101,10/6/1992,60,train_Client_111925,11,0
101,27/7/2007,60,train_Client_111926,11,0
303,20/2/2006,62,train_Client_111927,11,0
107,26/12/2012,69,train_Client_111928,11,0
311,18/9/1987,63,train_Client_111929,11,0
311,9/1/2017,63,train_Client_111930,11,0
107,19/8/2009,69,train_Client_111931,11,0
306,12/5/1989,63,train_Client_111932,11,0
101,21/10/2010,60,train_Client_111933,11,0
104,19/8/2008,69,train_Client_111934,11,0
104,23/7/2002,69,train_Client_111935,11,1
101,1/3/2008,60,train_Client_111936,11,0
101,4/7/2008,60,train_Client_111937,11,0
104,16/1/2007,69,train_Client_111938,11,0
101,14/3/2007,60,train_Client_111939,11,0
101,19/7/2007,60,train_Client_11194,11,0
371,23/11/1988,62,train_Client_111940,11,0
104,29/7/1978,69,train_Client_111941,11,0
311,26/9/1995,63,train_Client_111945,11,0
311,20/7/2017,63,train_Client_111946,11,0
311,27/4/2007,63,train_Client_111947,11,0
101,29/4/2013,60,train_Client_111949,11,0
101,21/3/2013,63,train_Client_111950,11,0
104,21/11/1983,69,train_Client_111952,11,0
306,11/4/1990,63,train_Client_111953,11,0
107,20/5/2005,69,train_Client_111954,11,1
307,12/10/2005,62,train_Client_111955,11,0
306,12/4/2016,63,train_Client_111959,11,0
312,2/11/2013,63,train_Client_11196,11,0
104,15/9/1986,69,train_Client_111960,11,0
301,3/12/2014,62,train_Client_111962,11,0
101,8/11/2004,60,train_Client_111963,11,0
304,25/3/2010,62,train_Client_111964,11,1
104,17/10/2016,69,train_Client_111965,11,0
371,7/6/1995,62,train_Client_111966,11,0
107,12/7/2011,69,train_Client_111967,11,0
104,21/12/2010,69,train_Client_111968,11,0
103,20/10/2008,69,train_Client_111969,11,1
103,21/12/2015,69,train_Client_11197,11,0
310,12/1/2013,62,train_Client_111970,11,0
304,9/3/1978,62,train_Client_111971,11,0
101,23/7/2001,60,train_Client_111972,11,0
107,13/4/1990,69,train_Client_111973,11,0
107,14/12/2015,69,train_Client_111975,11,0
101,8/12/1994,60,train_Client_111976,11,0
311,28/2/2018,63,train_Client_111977,11,0
101,2/11/2015,60,train_Client_111978,11,0
311,27/9/1990,63,train_Client_111979,11,0
311,13/2/2015,63,train_Client_111980,11,0
312,24/5/2017,63,train_Client_111981,11,0
307,5/11/2015,62,train_Client_111983,11,0
106,9/9/2015,69,train_Client_111985,11,0
310,26/9/2000,62,train_Client_111986,11,0
311,24/5/2012,63,train_Client_111987,11,1
103,16/7/2011,69,train_Client_111988,11,0
306,8/2/2010,63,train_Client_111989,51,0
301,23/11/2010,62,train_Client_111990,11,1
311,31/12/2003,63,train_Client_111991,11,0
101,4/7/1978,60,train_Client_111992,11,0
107,17/11/2006,69,train_Client_111993,11,0
101,7/11/2016,60,train_Client_111994,11,0
103,12/10/2009,69,train_Client_111995,11,0
312,25/11/2017,63,train_Client_111996,11,0
311,6/2/2012,63,train_Client_111999,11,1
303,13/12/1994,62,train_Client_112,11,0
107,19/9/2014,69,train_Client_1120,11,0
101,15/5/2013,60,train_Client_11200,11,0
302,5/4/1978,62,train_Client_112000,11,1
101,14/2/2013,60,train_Client_112001,11,0
104,27/10/2010,69,train_Client_112003,11,0
301,18/4/1985,62,train_Client_112004,11,0
101,18/11/2006,60,train_Client_112005,11,0
311,13/3/1986,63,train_Client_112006,11,0
104,18/6/2009,69,train_Client_112007,11,0
103,25/9/2010,69,train_Client_112010,11,0
311,29/12/2012,63,train_Client_112011,11,0
307,30/11/1998,62,train_Client_112015,11,0
306,28/9/1983,63,train_Client_112019,11,0
303,28/6/1983,62,train_Client_112020,11,0
309,17/7/2014,62,train_Client_112022,11,0
101,2/2/2012,60,train_Client_112023,11,0
307,16/10/2014,62,train_Client_112026,11,0
101,20/11/2009,60,train_Client_112027,11,0
101,19/4/2010,60,train_Client_112028,11,0
301,29/6/2017,62,train_Client_112029,11,0
101,26/12/2007,60,train_Client_11203,11,0
107,14/12/2011,69,train_Client_112031,11,0
301,5/6/1984,62,train_Client_112032,11,0
303,15/4/1986,62,train_Client_112033,11,0
310,7/9/1998,62,train_Client_112034,11,0
101,11/3/1978,60,train_Client_112039,11,0
309,14/5/2010,62,train_Client_11204,11,0
305,16/6/2011,62,train_Client_112041,11,0
371,14/6/2006,62,train_Client_112044,11,0
308,8/11/2012,63,train_Client_112045,11,0
301,10/1/2011,62,train_Client_112047,11,0
302,25/6/2013,62,train_Client_112048,11,0
307,18/9/1987,62,train_Client_112049,11,0
101,12/11/1984,60,train_Client_11205,11,1
101,15/9/1997,60,train_Client_112051,11,0
307,16/9/1987,62,train_Client_112056,11,0
103,22/2/2010,69,train_Client_112057,11,0
101,27/8/2017,60,train_Client_112058,11,0
372,8/1/2016,63,train_Client_112059,12,0
101,8/8/2011,60,train_Client_11206,11,0
104,12/5/1998,69,train_Client_112061,11,0
105,25/10/2004,69,train_Client_112062,11,0
311,24/12/2014,63,train_Client_112063,11,0
312,26/8/2009,63,train_Client_112064,11,0
101,8/9/1994,60,train_Client_112065,11,0
302,4/2/2008,62,train_Client_112066,11,0
303,13/12/2016,62,train_Client_112067,51,0
302,21/7/1980,62,train_Client_112069,11,0
101,6/5/2008,60,train_Client_11207,12,0
103,23/9/2005,69,train_Client_112070,11,0
101,11/5/2010,60,train_Client_112071,11,0
103,21/2/2013,69,train_Client_112072,11,0
104,31/12/1999,69,train_Client_112073,11,0
305,13/10/1980,62,train_Client_112074,11,0
101,16/7/2008,63,train_Client_112075,51,1
107,11/2/2014,69,train_Client_112077,11,0
311,24/6/2014,63,train_Client_112078,11,0
310,24/9/1999,62,train_Client_112079,11,0
101,11/7/1990,60,train_Client_11208,11,0
302,30/11/1999,62,train_Client_112080,11,0
312,24/9/2013,63,train_Client_112082,11,0
309,15/8/2016,62,train_Client_112084,11,0
311,16/9/2003,63,train_Client_112085,11,0
101,7/9/2001,60,train_Client_112086,11,0
101,30/8/2010,60,train_Client_112088,11,0
101,29/3/2005,60,train_Client_112089,11,0
101,27/8/2014,60,train_Client_11209,11,0
101,14/1/2008,60,train_Client_112090,11,0
101,4/1/2010,60,train_Client_112092,11,0
104,2/3/2016,69,train_Client_112093,11,0
301,13/10/1980,62,train_Client_112094,11,0
107,7/12/2012,69,train_Client_112095,11,1
306,13/1/2017,63,train_Client_112096,11,0
101,17/4/1982,60,train_Client_112099,11,0
311,29/11/2014,63,train_Client_112100,11,0
101,9/10/1987,60,train_Client_112101,11,1
103,25/3/2010,69,train_Client_112102,11,0
101,28/5/1979,60,train_Client_112103,11,0
310,20/8/2011,62,train_Client_112105,11,0
105,8/12/2014,69,train_Client_112106,11,0
301,22/12/1987,62,train_Client_112108,11,0
311,14/6/2017,63,train_Client_11211,11,0
371,30/9/2014,62,train_Client_112110,11,0
307,29/5/1998,62,train_Client_112111,11,0
107,24/7/2006,69,train_Client_112113,11,0
311,21/2/2017,63,train_Client_112114,11,0
101,31/8/1977,60,train_Client_112115,11,0
311,24/10/2016,63,train_Client_112116,11,0
107,9/2/1993,69,train_Client_112117,11,0
101,29/12/2012,60,train_Client_112118,11,0
310,26/5/2014,62,train_Client_112119,11,0
310,16/10/1997,62,train_Client_11212,11,1
312,30/1/2008,63,train_Client_112120,11,0
310,25/4/2015,62,train_Client_112121,11,0
302,6/12/1989,62,train_Client_112122,12,0
101,10/11/1988,60,train_Client_112123,11,1
104,23/8/1985,69,train_Client_112124,11,1
107,20/2/1979,69,train_Client_112125,11,0
104,31/12/1999,69,train_Client_112126,11,0
101,18/11/1992,60,train_Client_112127,11,0
311,28/8/1989,63,train_Client_112129,11,0
301,5/9/2011,62,train_Client_11213,11,0
312,30/11/1999,63,train_Client_112130,11,0
104,30/4/2014,69,train_Client_112132,11,0
103,13/8/2010,69,train_Client_112135,51,0
301,3/12/2014,62,train_Client_112139,11,0
311,28/12/1989,63,train_Client_11214,11,0
311,26/4/1995,63,train_Client_112140,11,0
371,22/6/1987,62,train_Client_112141,11,1
107,20/5/2005,69,train_Client_112143,11,0
309,10/4/1991,62,train_Client_112145,11,0
104,13/5/2011,69,train_Client_112146,11,0
310,13/11/2000,62,train_Client_112147,11,0
107,2/12/2014,69,train_Client_112148,11,1
310,20/9/2011,62,train_Client_112149,11,1
310,28/3/2003,62,train_Client_11215,11,0
107,13/3/2012,69,train_Client_112150,11,0
104,15/6/2012,69,train_Client_112151,11,0
104,8/9/2012,69,train_Client_112152,11,0
104,29/3/1977,69,train_Client_112153,11,0
101,5/10/1988,60,train_Client_112154,11,0
301,19/11/2015,62,train_Client_112155,11,0
305,26/7/2006,62,train_Client_112156,11,0
301,20/9/1990,62,train_Client_112157,11,0
306,20/7/1990,63,train_Client_112158,11,0
104,8/11/2018,69,train_Client_112159,11,0
101,24/6/2009,60,train_Client_11216,11,0
103,28/12/2011,69,train_Client_112160,11,0
310,28/5/2002,62,train_Client_112162,11,0
101,12/5/2010,60,train_Client_112164,11,0
303,11/6/1993,62,train_Client_112165,11,0
101,4/12/2013,60,train_Client_112167,11,0
306,11/4/2013,63,train_Client_112168,11,1
101,11/2/2000,60,train_Client_112170,11,0
301,28/3/2016,62,train_Client_112173,11,0
307,21/5/2016,62,train_Client_112174,11,0
307,28/5/2002,62,train_Client_112175,11,0
303,15/10/2016,62,train_Client_112176,11,0
303,22/3/1979,62,train_Client_112177,11,0
107,18/11/2015,69,train_Client_112178,11,0
101,25/10/2010,60,train_Client_11218,11,0
301,29/9/2003,62,train_Client_112180,11,0
101,10/8/2010,60,train_Client_112181,11,0
309,14/10/2002,62,train_Client_112182,11,0
104,14/9/2004,69,train_Client_112183,11,1
313,16/1/2015,63,train_Client_112184,11,0
101,28/11/2013,60,train_Client_112185,11,0
311,8/9/1992,63,train_Client_112186,11,0
301,11/6/2012,62,train_Client_112189,11,0
313,25/2/2003,63,train_Client_11219,11,0
104,28/10/2002,69,train_Client_112190,11,0
101,12/3/2015,60,train_Client_112192,11,0
305,4/12/2006,62,train_Client_112193,11,0
302,10/4/2001,62,train_Client_112194,11,0
379,11/3/2011,63,train_Client_112195,11,0
371,12/10/1983,62,train_Client_112196,11,0
103,11/10/2016,69,train_Client_112201,51,0
305,21/6/2004,62,train_Client_112202,11,0
310,24/1/2006,62,train_Client_112203,11,0
101,26/9/1994,60,train_Client_112204,11,0
301,26/12/1995,62,train_Client_112206,11,0
301,27/12/2002,62,train_Client_112208,11,0
103,7/9/2011,69,train_Client_112209,11,0
302,16/10/2003,62,train_Client_11221,11,0
313,7/5/2016,63,train_Client_112210,11,0
101,1/3/2011,60,train_Client_112211,11,1
104,6/6/2007,69,train_Client_112214,11,0
105,16/7/2014,69,train_Client_112215,11,0
107,14/8/2006,69,train_Client_112216,11,0
309,27/3/2012,62,train_Client_112217,11,0
309,7/4/2006,62,train_Client_112218,11,0
101,12/11/1993,60,train_Client_112219,11,0
301,30/8/2017,62,train_Client_11222,11,0
310,22/8/2005,62,train_Client_112220,11,0
101,19/3/1977,60,train_Client_112223,11,0
312,30/3/2007,63,train_Client_112224,11,0
309,3/10/1989,62,train_Client_112225,11,0
101,30/9/2014,60,train_Client_112227,11,0
301,5/7/2007,62,train_Client_112228,11,0
312,31/10/2016,63,train_Client_112229,11,0
103,25/10/2015,69,train_Client_11223,11,0
104,24/10/2011,69,train_Client_112232,11,0
103,10/10/2009,69,train_Client_112233,11,0
107,31/10/1989,69,train_Client_112234,11,0
302,18/8/2010,62,train_Client_112237,11,0
301,24/5/2006,62,train_Client_112238,11,0
305,22/12/2004,62,train_Client_112239,11,0
371,3/1/2018,62,train_Client_11224,11,0
302,23/5/1981,62,train_Client_112240,11,0
101,22/6/1981,60,train_Client_112241,11,0
309,1/12/2003,62,train_Client_112242,11,0
101,30/12/2013,60,train_Client_112243,11,0
101,22/2/2010,60,train_Client_112245,11,0
104,7/9/2006,69,train_Client_112247,11,0
301,30/4/2013,62,train_Client_112248,11,0
301,15/2/2002,62,train_Client_112249,11,0
103,22/1/2018,69,train_Client_11225,11,0
101,16/6/2016,60,train_Client_112250,11,0
301,19/3/2014,62,train_Client_112252,11,0
308,16/5/2015,63,train_Client_112254,11,0
101,1/6/2007,60,train_Client_112255,11,0
303,5/2/2013,62,train_Client_112256,11,0
303,13/5/2010,62,train_Client_112257,11,0
309,22/5/1982,62,train_Client_112258,11,0
313,15/9/2012,63,train_Client_11226,11,0
101,23/1/1979,60,train_Client_112262,11,0
103,16/12/2015,69,train_Client_112264,51,0
101,6/10/1998,60,train_Client_112265,11,0
371,26/7/2006,62,train_Client_112266,11,0
303,10/3/1989,62,train_Client_112267,11,1
301,19/3/1977,62,train_Client_112268,11,0
305,24/4/2000,62,train_Client_112269,11,0
101,2/6/1998,60,train_Client_11227,11,0
101,26/5/2014,60,train_Client_112270,11,0
104,6/8/1998,69,train_Client_112271,11,0
371,12/12/2013,62,train_Client_112272,11,0
311,15/9/1988,63,train_Client_112273,11,0
306,28/9/2005,63,train_Client_112275,11,0
310,29/10/2013,62,train_Client_112276,11,0
105,7/11/2007,69,train_Client_112277,11,0
107,18/6/1999,69,train_Client_112278,11,0
313,14/10/1994,63,train_Client_112279,11,0
306,28/10/2013,63,train_Client_112280,11,0
101,16/8/2007,60,train_Client_112282,11,0
101,20/4/2017,60,train_Client_112283,11,0
372,11/12/1995,63,train_Client_112284,11,0
101,7/12/2008,60,train_Client_112286,11,0
107,29/11/2016,69,train_Client_11229,11,0
101,16/11/2000,60,train_Client_112291,11,0
101,21/11/2000,60,train_Client_112292,11,0
303,17/10/2002,62,train_Client_112293,11,0
101,25/11/2013,60,train_Client_112294,11,0
103,27/9/2017,69,train_Client_112295,11,0
103,18/11/2015,69,train_Client_112297,11,0
305,4/11/2014,62,train_Client_112298,11,0
307,4/12/2002,62,train_Client_112299,11,0
104,26/10/2009,69,train_Client_1123,12,0
104,16/10/2007,69,train_Client_11230,11,0
101,24/4/2008,60,train_Client_112301,11,0
306,4/8/2010,63,train_Client_112302,11,0
101,18/6/2015,60,train_Client_112304,51,0
104,10/4/1996,69,train_Client_112305,11,0
104,25/9/2008,69,train_Client_112307,11,0
101,14/6/2008,60,train_Client_112308,11,0
311,6/2/2015,63,train_Client_112309,11,0
101,31/12/2010,60,train_Client_11231,11,0
371,29/9/2011,62,train_Client_112310,11,0
311,17/10/2014,63,train_Client_112311,11,0
107,12/8/2009,69,train_Client_112314,11,0
104,21/7/1992,69,train_Client_112316,11,0
101,16/7/1996,60,train_Client_112317,11,0
101,1/11/1982,60,train_Client_112318,11,0
101,1/1/1997,60,train_Client_112319,11,0
107,29/6/2017,69,train_Client_112320,11,0
101,30/6/1990,60,train_Client_112321,11,0
305,31/3/1993,62,train_Client_112322,11,0
101,8/1/1979,60,train_Client_112326,11,0
310,23/2/2015,62,train_Client_112327,11,0
310,15/12/2011,62,train_Client_112329,11,0
306,23/3/1987,63,train_Client_11233,11,0
311,3/10/2017,63,train_Client_112330,11,0
301,6/9/2013,62,train_Client_112331,11,0
307,5/5/2005,62,train_Client_112332,11,0
101,23/2/2004,60,train_Client_112334,11,0
311,29/5/1992,63,train_Client_112335,11,0
307,19/9/2003,62,train_Client_112336,11,0
101,30/6/1994,60,train_Client_112337,11,0
104,8/5/2014,69,train_Client_112338,11,0
104,11/11/1980,69,train_Client_112339,11,0
101,30/8/2010,63,train_Client_112340,11,0
307,18/9/1984,62,train_Client_112342,11,1
301,24/10/1977,62,train_Client_112343,11,0
310,19/11/2002,62,train_Client_112345,11,0
301,25/12/1979,62,train_Client_112346,11,0
306,25/5/2012,63,train_Client_112347,11,0
310,18/12/2002,62,train_Client_112348,11,0
310,21/12/1977,62,train_Client_112349,11,0
107,13/6/2011,69,train_Client_11235,11,0
103,15/8/2017,69,train_Client_112350,11,0
101,27/2/2008,60,train_Client_112351,11,0
306,19/4/2014,63,train_Client_112353,11,0
302,30/12/1997,62,train_Client_112354,11,0
101,17/1/2014,60,train_Client_112355,11,0
101,1/11/1991,60,train_Client_112356,11,0
372,19/10/2007,63,train_Client_112359,11,0
305,19/1/2016,62,train_Client_112361,11,0
305,2/11/1981,62,train_Client_112362,11,0
379,14/7/2017,63,train_Client_112363,11,0
103,13/8/2016,69,train_Client_112365,11,0
101,19/12/2000,60,train_Client_112366,11,0
107,26/12/2002,69,train_Client_112367,11,0
305,11/10/2016,62,train_Client_11237,11,0
312,17/10/2015,63,train_Client_112370,11,0
301,7/6/1983,62,train_Client_112371,12,0
307,2/5/1984,62,train_Client_112372,11,0
101,14/7/1981,60,train_Client_112373,11,0
311,23/5/2017,63,train_Client_112374,11,0
311,27/6/2016,63,train_Client_112375,11,0
101,26/12/1991,60,train_Client_112377,11,0
103,24/7/2006,69,train_Client_112378,11,0
107,17/11/2012,69,train_Client_11238,11,0
101,14/5/1997,60,train_Client_112380,11,0
101,20/2/2013,60,train_Client_112382,11,0
101,16/7/1990,60,train_Client_112383,11,1
104,12/5/2017,69,train_Client_112384,11,0
311,14/2/2011,63,train_Client_112387,11,0
303,7/10/2013,62,train_Client_112388,11,0
101,26/2/1979,60,train_Client_112389,11,0
306,26/8/2017,63,train_Client_11239,11,0
301,12/12/2012,62,train_Client_112390,11,0
107,31/12/1982,69,train_Client_112391,11,0
302,31/3/1979,62,train_Client_112392,11,0
312,25/12/1990,63,train_Client_112393,11,0
103,14/5/2013,69,train_Client_112394,11,0
101,17/12/1984,60,train_Client_112395,11,0
301,16/4/2013,62,train_Client_112397,12,0
305,10/10/2017,62,train_Client_112398,11,0
306,18/1/2016,63,train_Client_112399,11,0
311,14/8/2012,63,train_Client_1124,11,0
104,18/6/1999,69,train_Client_11240,11,0
101,27/9/1977,60,train_Client_112401,11,0
311,6/5/1994,63,train_Client_112403,11,0
310,16/11/1989,62,train_Client_112406,11,0
305,12/3/2014,62,train_Client_112407,11,0
101,27/10/2011,60,train_Client_112408,11,0
307,7/2/2011,62,train_Client_112409,11,0
101,19/11/2014,60,train_Client_112410,11,0
301,2/11/2011,62,train_Client_112411,11,0
101,14/1/1985,60,train_Client_112413,11,0
304,21/11/2014,62,train_Client_112414,11,0
104,8/5/2013,69,train_Client_112415,11,0
101,11/1/2016,60,train_Client_112419,11,0
301,8/4/1999,62,train_Client_112423,11,0
103,5/9/2003,69,train_Client_112425,11,0
101,21/2/2012,60,train_Client_112426,11,0
304,23/9/2014,62,train_Client_112427,11,0
311,6/6/1995,63,train_Client_112428,11,0
301,8/7/2010,62,train_Client_112429,11,0
104,22/6/2015,69,train_Client_112430,11,0
301,10/1/1983,62,train_Client_112431,11,0
301,23/3/1993,62,train_Client_112433,11,0
303,30/1/2017,62,train_Client_112434,11,0
101,28/9/1999,60,train_Client_112435,11,0
311,19/8/2003,63,train_Client_112436,11,0
101,15/11/1994,60,train_Client_112437,12,0
311,26/9/1989,63,train_Client_112438,11,0
312,4/2/2017,63,train_Client_11244,11,0
101,18/9/2015,60,train_Client_112442,11,0
302,24/10/1989,62,train_Client_112443,11,0
101,5/9/2012,60,train_Client_112444,11,0
101,7/1/1978,60,train_Client_112445,11,0
310,18/8/2017,62,train_Client_112446,11,0
103,1/11/2013,69,train_Client_112447,11,1
304,19/2/1985,62,train_Client_112448,11,0
104,29/11/1990,69,train_Client_112451,11,0
101,20/10/1993,60,train_Client_112453,11,0
101,1/6/1992,60,train_Client_112454,11,0
302,17/5/2010,62,train_Client_112456,12,0
306,4/6/2008,63,train_Client_112457,11,0
101,24/10/2014,60,train_Client_112458,11,0
103,16/10/2007,69,train_Client_112459,11,0
104,27/9/1994,69,train_Client_11246,11,0
104,3/12/2011,69,train_Client_112460,11,0
101,9/7/1998,60,train_Client_112461,11,0
107,23/8/1980,69,train_Client_112465,11,0
310,22/10/2012,62,train_Client_112466,11,0
101,11/7/2014,60,train_Client_112467,11,0
107,30/6/2016,69,train_Client_11247,11,0
303,13/12/2016,62,train_Client_112470,11,0
103,9/6/2009,69,train_Client_112473,11,0
103,7/9/2017,69,train_Client_112474,11,0
101,29/11/2007,60,train_Client_112476,11,0
101,12/7/1984,60,train_Client_112477,11,0
101,30/12/2010,60,train_Client_112479,11,0
310,27/9/1990,62,train_Client_11248,11,0
312,22/9/2015,63,train_Client_112481,11,0
107,20/2/2010,69,train_Client_112482,11,0
301,21/1/2000,62,train_Client_112483,11,0
305,9/10/2007,62,train_Client_112484,11,0
101,29/3/2000,60,train_Client_112485,11,0
104,11/8/2011,69,train_Client_112486,11,0
312,5/12/2009,63,train_Client_112488,11,0
101,12/2/2009,60,train_Client_112489,11,1
312,12/11/2014,63,train_Client_112490,11,0
307,27/11/2007,62,train_Client_112491,11,0
101,1/6/2012,60,train_Client_112492,11,0
103,20/8/2016,69,train_Client_112493,11,0
301,27/4/1993,62,train_Client_112494,11,0
101,26/1/2017,60,train_Client_112495,11,0
104,12/11/1979,69,train_Client_112496,11,0
101,18/10/2004,60,train_Client_112497,11,0
302,13/5/2010,62,train_Client_112498,11,0
306,20/4/1992,63,train_Client_112499,11,0
311,8/6/2016,63,train_Client_112500,11,0
310,19/3/2008,62,train_Client_112501,11,0
311,22/11/2014,63,train_Client_112503,11,0
301,24/8/2005,62,train_Client_112504,11,0
101,19/7/2007,60,train_Client_112506,11,0
104,25/3/1998,69,train_Client_112509,11,0
371,6/3/2017,62,train_Client_112510,11,0
301,2/12/2010,62,train_Client_112511,11,0
309,28/10/2013,62,train_Client_112512,11,0
101,27/8/2008,60,train_Client_112513,11,0
101,25/8/2008,60,train_Client_112514,11,0
105,15/5/2013,69,train_Client_112515,11,0
101,12/6/2001,60,train_Client_112516,11,0
371,20/8/2016,62,train_Client_112517,11,0
101,14/10/2016,60,train_Client_112518,11,0
107,25/9/2010,69,train_Client_112519,11,1
301,17/12/2013,62,train_Client_11252,11,0
103,21/5/2012,69,train_Client_112520,11,0
304,16/1/2013,62,train_Client_112521,11,0
104,30/3/2009,69,train_Client_112522,11,0
101,5/11/1977,60,train_Client_112523,11,0
306,10/5/2011,63,train_Client_112524,11,0
106,27/6/1977,69,train_Client_112526,11,0
101,26/2/2009,60,train_Client_112528,11,0
101,15/7/1982,60,train_Client_112529,11,0
101,7/6/2007,60,train_Client_11253,11,0
311,26/9/2006,63,train_Client_112530,11,0
304,10/2/2012,62,train_Client_112531,11,0
301,20/11/1996,62,train_Client_112532,11,0
101,31/5/2008,60,train_Client_112535,11,0
371,30/9/2014,62,train_Client_112536,11,0
301,9/5/2015,62,train_Client_112537,11,0
310,26/5/2010,62,train_Client_112538,11,0
311,10/5/2011,63,train_Client_112539,11,0
309,30/12/2009,62,train_Client_11254,11,0
106,29/12/1987,69,train_Client_112541,11,0
107,21/2/1978,69,train_Client_112543,11,0
303,9/1/2013,62,train_Client_112544,11,0
305,9/10/2000,62,train_Client_112547,11,0
301,11/11/1985,62,train_Client_11255,11,0
305,15/1/2018,62,train_Client_112554,11,0
312,14/4/1993,63,train_Client_112555,11,0
302,7/12/2016,62,train_Client_112556,11,0
312,19/5/2016,63,train_Client_112558,11,0
103,11/10/2012,69,train_Client_112559,11,0
309,13/5/2002,62,train_Client_112560,11,0
104,31/10/2007,69,train_Client_112561,11,1
107,23/6/1988,69,train_Client_112562,11,0
103,4/12/2014,69,train_Client_112563,11,0
306,23/1/2008,63,train_Client_112564,11,0
101,10/1/2017,60,train_Client_112565,11,0
306,7/10/1988,63,train_Client_112566,11,0
313,24/12/2009,63,train_Client_112567,11,1
306,15/6/2009,63,train_Client_112569,11,0
101,6/12/1977,60,train_Client_11257,11,0
302,25/12/1978,62,train_Client_112571,11,0
311,19/8/2017,63,train_Client_112572,11,0
301,9/1/1985,62,train_Client_112573,11,0
301,30/11/2004,62,train_Client_112574,11,0
101,27/5/1978,60,train_Client_112575,11,0
301,1/2/1985,62,train_Client_112576,11,0
311,31/12/2004,63,train_Client_112577,11,0
304,16/11/2017,62,train_Client_112578,11,0
107,4/3/2008,69,train_Client_112579,11,0
301,19/9/2005,62,train_Client_11258,11,0
310,29/3/2013,62,train_Client_112580,11,0
104,22/9/2000,69,train_Client_112581,11,0
107,31/12/1982,69,train_Client_112582,11,0
103,19/10/2001,69,train_Client_112583,11,0
311,26/8/2017,63,train_Client_112584,11,0
103,29/12/2014,69,train_Client_112585,11,0
104,27/12/2013,69,train_Client_112586,11,0
103,27/12/2010,69,train_Client_112587,11,0
305,30/9/1983,62,train_Client_112588,11,0
104,6/11/2002,69,train_Client_112590,11,0
101,13/3/2007,60,train_Client_112593,11,0
103,14/11/2013,69,train_Client_112594,11,0
101,17/7/1992,60,train_Client_112596,11,0
101,30/12/1990,60,train_Client_112597,11,0
101,12/10/1999,60,train_Client_112598,11,0
301,12/11/1979,62,train_Client_1126,11,0
301,4/6/2009,62,train_Client_112600,11,0
103,7/12/2007,69,train_Client_112601,11,0
101,28/8/2017,60,train_Client_112602,11,0
309,1/7/2010,62,train_Client_112603,11,0
310,28/6/1988,62,train_Client_112604,11,0
311,16/8/1990,63,train_Client_112605,11,0
304,29/12/2014,62,train_Client_112606,11,0
311,17/7/2018,63,train_Client_112608,11,0
306,21/11/2013,63,train_Client_11261,11,0
303,4/3/2016,62,train_Client_112610,11,0
371,9/10/2000,62,train_Client_112611,11,0
104,27/7/2004,69,train_Client_112612,11,0
101,11/4/1981,60,train_Client_112613,11,0
301,4/6/2012,62,train_Client_112615,11,0
101,1/8/2017,60,train_Client_112616,11,0
101,1/3/1993,60,train_Client_112617,11,0
303,28/4/2004,62,train_Client_112618,11,0
103,16/12/2015,69,train_Client_112619,11,0
301,29/5/2003,62,train_Client_112620,11,0
307,24/6/2017,62,train_Client_112621,11,0
103,23/12/2010,69,train_Client_112623,11,1
107,21/8/2010,69,train_Client_112624,11,0
104,23/10/2009,69,train_Client_112625,11,0
309,9/12/2013,62,train_Client_112626,11,0
306,16/9/2017,63,train_Client_112628,11,0
103,9/1/2007,69,train_Client_112629,11,0
104,6/11/2007,69,train_Client_11263,11,0
104,28/8/2010,69,train_Client_112630,11,0
101,17/4/2013,60,train_Client_112631,11,0
302,14/4/2010,62,train_Client_112632,11,0
313,6/9/2000,63,train_Client_112633,11,0
107,14/7/1981,69,train_Client_112634,11,0
101,25/2/2014,60,train_Client_112636,12,0
312,12/4/2014,63,train_Client_112637,11,0
312,30/3/2001,63,train_Client_112639,11,0
303,8/12/2011,62,train_Client_11264,11,0
103,3/11/2014,69,train_Client_112640,11,0
101,7/1/2013,60,train_Client_112641,11,0
104,3/3/2010,69,train_Client_112645,11,0
311,26/10/1993,63,train_Client_112646,11,0
310,14/2/2005,62,train_Client_112647,11,0
302,1/1/1998,62,train_Client_112648,11,0
103,12/8/2010,69,train_Client_112649,11,0
312,28/2/2006,63,train_Client_112650,11,0
312,11/6/2007,63,train_Client_112652,11,0
303,27/5/2011,62,train_Client_112653,11,0
101,23/5/1991,60,train_Client_112655,11,0
303,2/5/2008,62,train_Client_112657,11,0
303,6/10/2017,62,train_Client_112658,11,0
301,9/1/2007,62,train_Client_112659,11,0
104,12/6/2012,69,train_Client_112661,11,0
104,30/12/2002,69,train_Client_112662,11,0
311,3/10/2018,63,train_Client_112665,11,0
101,8/11/2004,60,train_Client_112666,11,0
301,24/4/2007,62,train_Client_112667,11,0
305,15/1/2018,62,train_Client_112668,11,0
107,28/5/2012,69,train_Client_11267,12,0
371,30/11/1990,62,train_Client_112670,11,0
313,6/2/2010,63,train_Client_112672,11,0
303,4/10/2000,62,train_Client_112673,11,0
104,15/5/2008,69,train_Client_112674,11,0
105,14/7/2017,69,train_Client_112675,11,0
311,29/8/2016,63,train_Client_112681,11,0
104,27/9/1977,69,train_Client_112683,11,0
101,22/4/1996,60,train_Client_112685,11,0
312,20/11/2015,63,train_Client_112687,11,0
309,9/1/2015,62,train_Client_112688,11,0
309,12/9/2008,62,train_Client_112689,11,0
301,12/9/1981,62,train_Client_11269,11,0
101,26/12/2012,60,train_Client_112691,11,0
103,5/12/2014,69,train_Client_112692,11,0
313,6/3/2018,63,train_Client_112693,11,0
371,25/10/2017,62,train_Client_112694,11,0
101,18/4/2015,60,train_Client_112695,11,0
101,6/6/2009,60,train_Client_1127,11,0
104,8/10/2016,69,train_Client_11270,11,0
101,16/11/1981,60,train_Client_112701,11,0
101,11/6/2008,60,train_Client_112702,11,1
301,28/10/2016,62,train_Client_112704,11,0
307,25/3/1985,62,train_Client_112705,11,1
101,18/9/1987,60,train_Client_112706,11,0
303,23/9/2010,62,train_Client_112707,11,0
104,5/1/2016,69,train_Client_112708,11,0
101,3/6/2010,60,train_Client_112709,11,0
306,25/3/2008,63,train_Client_112711,11,0
310,27/9/2012,62,train_Client_112713,11,0
101,25/12/1998,60,train_Client_112718,11,0
309,26/12/2012,62,train_Client_112719,11,0
301,12/6/1995,62,train_Client_112720,11,0
303,10/10/2006,62,train_Client_112722,11,0
101,13/3/2014,60,train_Client_112725,11,0
104,30/12/2010,69,train_Client_112726,11,0
103,24/12/2004,69,train_Client_112727,11,0
311,11/5/1999,63,train_Client_112728,11,0
311,13/10/2010,63,train_Client_112729,11,0
101,17/8/1984,60,train_Client_112730,11,0
101,29/3/2005,60,train_Client_112731,11,0
371,19/5/1993,62,train_Client_112732,11,0
101,8/5/1984,60,train_Client_112733,11,0
101,20/1/2010,63,train_Client_112735,11,0
101,22/3/2006,60,train_Client_112736,11,0
101,16/12/2010,60,train_Client_112738,11,0
101,31/12/1994,60,train_Client_11274,11,0
101,19/4/1980,60,train_Client_112740,11,0
311,25/10/2013,63,train_Client_112741,11,0
311,30/11/2013,63,train_Client_112742,11,0
312,4/10/2017,63,train_Client_112743,11,0
101,12/6/2009,60,train_Client_112744,11,0
379,15/9/2012,63,train_Client_112745,11,0
312,15/12/2005,63,train_Client_112746,11,0
101,29/8/1988,60,train_Client_112749,11,0
101,23/10/2013,63,train_Client_11275,11,0
104,5/12/2008,69,train_Client_112750,11,1
101,16/8/2007,60,train_Client_112753,11,0
312,5/2/2004,63,train_Client_112754,11,1
305,29/8/2015,62,train_Client_112755,11,0
302,20/4/2011,62,train_Client_112758,11,0
104,28/8/2015,69,train_Client_112759,11,0
101,30/10/1996,60,train_Client_11276,11,0
101,10/2/2017,60,train_Client_112760,11,0
306,12/6/1991,63,train_Client_112763,11,0
101,14/11/1995,60,train_Client_112764,11,0
304,12/7/2010,62,train_Client_112765,11,0
104,2/11/2013,69,train_Client_112766,11,0
307,16/11/2001,62,train_Client_112768,11,1
301,21/5/2004,62,train_Client_112770,11,0
101,16/7/2014,60,train_Client_112771,11,1
101,21/12/2000,60,train_Client_112776,11,0
310,17/12/2013,62,train_Client_112777,11,0
101,30/10/1996,60,train_Client_112778,11,0
105,13/1/1979,69,train_Client_11278,11,0
304,5/6/2015,62,train_Client_112780,12,0
103,25/10/2004,69,train_Client_112781,11,0
103,17/1/2012,69,train_Client_112783,11,0
101,1/9/1980,60,train_Client_112785,11,0
104,21/12/2011,69,train_Client_112786,11,0
107,22/4/2014,69,train_Client_11279,11,0
309,10/12/1985,62,train_Client_112790,11,1
104,8/12/2009,69,train_Client_112791,11,0
101,19/5/1998,60,train_Client_112792,11,0
312,20/5/2005,63,train_Client_112793,11,0
307,3/12/2007,62,train_Client_112794,11,0
104,18/3/2004,69,train_Client_112795,11,0
306,26/9/1989,63,train_Client_112796,11,0
101,24/5/2011,60,train_Client_112797,11,0
105,12/6/2001,69,train_Client_112798,11,0
305,27/4/1978,62,train_Client_1128,11,0
309,28/12/2016,62,train_Client_112800,11,0
103,28/5/2012,69,train_Client_112801,11,0
101,15/10/2008,60,train_Client_112802,11,0
101,31/12/1996,60,train_Client_112803,11,0
101,4/3/2004,60,train_Client_112804,11,0
310,5/7/2010,62,train_Client_112805,11,0
107,7/11/1989,69,train_Client_112806,11,0
104,23/3/2012,69,train_Client_112807,11,0
301,24/7/1998,62,train_Client_112808,11,0
104,13/3/1991,69,train_Client_11281,11,0
104,5/10/2012,69,train_Client_112810,11,0
101,16/6/1988,60,train_Client_112811,11,0
311,29/12/2010,63,train_Client_112812,11,0
311,14/10/2010,63,train_Client_112813,11,0
101,24/11/1980,60,train_Client_112814,12,0
306,4/7/2009,63,train_Client_112815,11,0
101,14/8/2009,60,train_Client_112816,11,0
306,28/5/2011,63,train_Client_112817,11,0
104,30/12/2003,69,train_Client_112818,11,0
105,29/4/1981,69,train_Client_112819,11,0
304,4/9/2009,62,train_Client_11282,11,0
306,31/12/2009,63,train_Client_112820,11,0
311,25/10/2007,63,train_Client_112821,11,0
107,15/12/2015,69,train_Client_112823,11,0
311,9/11/1987,63,train_Client_112825,11,0
311,6/5/1994,63,train_Client_112826,11,0
101,9/10/1997,60,train_Client_112827,11,0
101,7/12/2005,60,train_Client_112828,11,0
304,9/3/1978,62,train_Client_112829,11,0
309,30/9/1999,62,train_Client_112830,12,0
101,20/7/2000,60,train_Client_112831,12,0
313,6/2/2010,63,train_Client_112832,11,0
379,7/12/2011,63,train_Client_112833,11,0
107,17/10/2012,69,train_Client_112834,11,0
101,17/8/1992,60,train_Client_112836,11,0
310,24/4/2000,62,train_Client_112838,11,0
103,13/9/1994,69,train_Client_112839,11,1
309,20/6/2015,62,train_Client_11284,11,0
103,28/1/2016,69,train_Client_112840,11,0
311,31/7/1985,63,train_Client_112841,12,0
107,11/3/2014,69,train_Client_112842,11,0
309,18/6/1985,62,train_Client_112843,11,0
310,11/3/2010,62,train_Client_112845,11,0
301,31/10/1984,62,train_Client_112846,11,0
104,14/6/2008,69,train_Client_112847,11,0
101,1/11/1985,60,train_Client_112849,11,0
101,21/10/1991,60,train_Client_11285,11,1
104,27/10/1980,69,train_Client_112850,11,0
310,18/1/2010,62,train_Client_112851,11,0
103,7/9/2011,69,train_Client_112852,11,0
104,7/5/2010,69,train_Client_112853,11,0
312,3/9/2015,63,train_Client_112854,11,0
106,20/8/2010,69,train_Client_112858,11,0
101,2/11/2015,60,train_Client_112859,11,0
311,21/4/1997,63,train_Client_112860,11,0
101,20/12/2013,60,train_Client_112862,11,0
309,17/2/2014,62,train_Client_112864,11,0
310,24/12/1986,62,train_Client_112865,11,0
104,6/1/2014,69,train_Client_112867,11,0
101,4/3/1982,60,train_Client_112868,11,0
104,17/3/2008,69,train_Client_112869,11,0
311,23/4/2018,63,train_Client_11287,11,0
101,14/11/1983,60,train_Client_112871,11,0
311,4/8/2010,63,train_Client_112873,11,0
306,31/7/2007,63,train_Client_112874,11,0
101,11/8/2011,60,train_Client_112876,11,0
101,4/10/1999,60,train_Client_112877,11,0
101,18/11/1992,60,train_Client_112879,11,0
101,2/7/2007,60,train_Client_112880,11,0
307,23/12/2016,62,train_Client_112882,11,0
106,11/11/1999,69,train_Client_112883,11,0
305,24/5/1983,62,train_Client_112885,11,0
302,7/9/2016,62,train_Client_112886,11,1
306,14/4/2008,63,train_Client_112888,11,0
310,19/3/1981,62,train_Client_112889,11,0
101,13/4/2009,60,train_Client_11289,11,0
101,7/6/1977,60,train_Client_112891,11,0
101,13/5/1988,63,train_Client_112892,11,0
101,7/11/2017,60,train_Client_112893,11,0
101,17/10/2011,60,train_Client_112895,11,0
101,27/12/1989,60,train_Client_112897,11,0
104,25/12/1978,69,train_Client_112899,11,0
104,12/3/2010,69,train_Client_112901,11,0
103,18/11/2002,69,train_Client_112902,11,0
305,19/6/2012,62,train_Client_112903,11,0
107,22/1/2014,69,train_Client_112905,11,0
107,13/7/2011,69,train_Client_112906,11,0
101,7/5/2009,60,train_Client_112907,11,0
106,12/12/1983,69,train_Client_112908,11,0
101,22/12/1992,60,train_Client_11291,12,0
310,12/3/2011,62,train_Client_112910,11,0
371,2/4/2012,62,train_Client_112911,11,0
312,12/2/2014,63,train_Client_112913,11,0
107,1/7/2016,69,train_Client_112915,11,0
305,11/9/2017,62,train_Client_112916,11,0
309,23/3/2016,62,train_Client_112918,11,0
301,21/7/1981,62,train_Client_112919,11,0
104,31/10/2017,69,train_Client_11292,11,0
101,2/5/1988,60,train_Client_112920,11,0
107,29/5/2012,69,train_Client_112921,11,0
101,10/4/2008,60,train_Client_112922,11,0
303,27/10/1982,62,train_Client_112923,11,0
104,17/8/1999,69,train_Client_112924,11,0
101,21/9/2011,60,train_Client_112925,11,0
301,9/1/2013,62,train_Client_112926,11,0
107,22/4/2005,69,train_Client_112927,11,0
301,28/1/1998,62,train_Client_112928,11,0
305,10/5/2010,62,train_Client_112929,11,0
302,24/6/1998,62,train_Client_11293,11,0
302,23/11/2010,62,train_Client_112931,11,0
101,4/9/2009,60,train_Client_112932,11,0
101,29/11/1979,60,train_Client_112933,11,0
105,31/7/2014,69,train_Client_112934,11,0
301,6/12/2016,62,train_Client_112935,11,0
101,14/7/1981,60,train_Client_112936,11,0
101,24/10/1997,60,train_Client_112937,11,0
101,6/8/1998,60,train_Client_112938,11,0
310,20/2/2006,62,train_Client_112939,11,0
371,30/9/2014,62,train_Client_11294,11,0
107,17/5/2010,69,train_Client_112941,11,0
101,30/11/1983,60,train_Client_112942,11,0
101,4/3/1982,60,train_Client_112943,11,0
107,9/8/2014,69,train_Client_112944,11,0
312,22/1/2015,63,train_Client_112945,11,0
103,22/7/2011,69,train_Client_112946,11,0
104,17/11/2015,69,train_Client_112947,11,0
107,13/10/1997,69,train_Client_112948,11,0
107,5/9/2011,69,train_Client_112949,11,0
305,1/4/2011,62,train_Client_11295,11,0
101,2/2/2012,60,train_Client_112955,11,0
305,21/11/2015,62,train_Client_112956,11,0
101,31/8/1990,63,train_Client_112957,11,0
311,21/2/2007,63,train_Client_112959,11,0
206,21/10/2011,69,train_Client_11296,11,0
107,10/12/2015,69,train_Client_112960,11,0
101,1/10/2015,60,train_Client_112961,11,0
310,15/5/2012,62,train_Client_112962,11,0
104,6/5/2010,69,train_Client_112964,11,0
311,22/10/2009,63,train_Client_112965,11,0
306,6/9/1990,63,train_Client_112966,11,0
101,20/9/2005,60,train_Client_112967,11,0
101,15/3/1995,60,train_Client_11297,11,0
302,8/3/1999,62,train_Client_112970,11,0
301,2/5/1986,62,train_Client_112971,11,0
311,6/11/2009,63,train_Client_112972,11,0
101,31/5/2013,60,train_Client_112974,11,0
103,15/12/2007,69,train_Client_112975,12,0
101,3/9/2016,60,train_Client_112976,11,0
101,13/12/2013,63,train_Client_112977,11,0
101,8/9/2014,60,train_Client_112978,11,0
101,7/7/1979,60,train_Client_112979,11,0
371,7/11/1989,62,train_Client_11298,11,0
301,25/10/2007,62,train_Client_112980,11,0
104,17/3/2012,69,train_Client_112981,11,0
104,25/8/2012,69,train_Client_112984,11,0
107,18/1/2012,69,train_Client_112985,11,0
101,4/3/1982,60,train_Client_112986,11,0
311,20/12/2011,63,train_Client_112987,11,0
103,14/7/2009,69,train_Client_112988,11,0
311,14/3/2015,63,train_Client_11299,11,0
101,7/3/2016,60,train_Client_112990,11,0
310,25/6/2015,62,train_Client_112991,11,0
305,30/9/1985,62,train_Client_112992,11,1
101,28/1/2014,60,train_Client_112993,11,0
371,27/10/2007,62,train_Client_112995,11,0
307,7/11/1989,62,train_Client_112998,11,0
107,14/7/1981,69,train_Client_112999,11,0
301,19/4/2018,62,train_Client_1130,11,0
104,28/10/1978,69,train_Client_11300,11,1
107,6/6/2005,69,train_Client_113000,11,0
310,20/5/2005,62,train_Client_113001,11,0
103,12/12/2008,69,train_Client_113003,11,0
311,20/2/2013,63,train_Client_113004,12,1
307,13/3/2001,62,train_Client_113005,11,0
305,1/7/2015,62,train_Client_113006,11,0
303,28/11/2006,62,train_Client_113008,11,0
104,21/8/2017,69,train_Client_113009,11,0
101,5/4/1978,60,train_Client_11301,11,0
311,25/5/2000,63,train_Client_113010,11,0
303,21/12/1988,62,train_Client_113011,11,0
101,14/2/2003,60,train_Client_113012,11,0
303,14/12/2009,62,train_Client_113013,11,0
104,21/9/1990,69,train_Client_113014,11,0
306,9/7/1985,63,train_Client_113016,11,0
103,19/9/2013,69,train_Client_113017,11,0
301,17/10/1983,62,train_Client_113018,11,0
104,23/6/2014,69,train_Client_113019,11,0
303,10/2/2007,62,train_Client_113020,11,0
306,3/9/2007,63,train_Client_113021,11,0
301,10/8/2009,62,train_Client_113022,11,0
303,20/12/2014,62,train_Client_113023,11,0
301,19/4/1999,62,train_Client_113025,11,0
107,12/8/2009,69,train_Client_113026,11,0
310,3/4/2010,62,train_Client_113027,11,0
104,8/11/2013,69,train_Client_113029,11,0
311,3/11/1993,63,train_Client_113032,11,0
101,2/12/2010,60,train_Client_113033,11,0
310,19/7/2011,62,train_Client_113034,11,0
103,16/5/2012,69,train_Client_113036,11,0
101,22/12/2003,60,train_Client_113037,11,0
101,25/9/2006,60,train_Client_113038,11,0
104,5/6/2017,69,train_Client_113039,11,0
303,19/5/2014,62,train_Client_113040,11,0
101,20/11/1986,60,train_Client_113042,12,0
379,8/8/2014,63,train_Client_113043,11,1
304,22/3/1979,62,train_Client_113045,11,0
101,29/4/1983,60,train_Client_113046,11,0
311,13/2/2015,63,train_Client_113047,11,0
101,13/10/1993,60,train_Client_113049,11,0
313,28/11/1997,63,train_Client_113050,11,0
311,28/8/1989,63,train_Client_113051,11,0
107,17/12/1997,69,train_Client_113052,11,0
309,23/4/2012,62,train_Client_113053,11,0
309,12/7/2010,62,train_Client_113056,11,0
304,13/10/1980,62,train_Client_113057,11,0
301,25/9/2017,62,train_Client_113059,11,0
104,10/11/2014,69,train_Client_11306,11,0
303,21/4/2010,62,train_Client_113060,11,0
302,19/7/2017,62,train_Client_113061,11,0
312,15/2/2019,63,train_Client_113062,51,0
310,28/4/1987,62,train_Client_113063,12,1
101,14/2/1985,60,train_Client_113064,11,0
101,20/9/2007,60,train_Client_113066,11,0
311,14/10/1996,63,train_Client_113067,11,0
312,30/4/2010,63,train_Client_113068,11,0
101,20/12/2013,60,train_Client_113069,11,0
101,20/11/2008,60,train_Client_11307,11,0
310,8/3/2012,62,train_Client_113073,11,0
101,25/4/2011,60,train_Client_113074,11,0
104,5/12/2006,69,train_Client_113076,11,0
101,31/12/1983,60,train_Client_113078,11,0
371,16/5/1994,62,train_Client_113079,11,0
107,28/7/2011,69,train_Client_11308,11,0
101,31/12/1994,60,train_Client_113081,11,0
301,28/3/2012,62,train_Client_113083,11,0
101,4/5/1983,60,train_Client_113086,11,1
107,12/1/2008,69,train_Client_113087,11,0
104,12/7/2013,69,train_Client_113089,11,0
101,17/7/2008,60,train_Client_113090,11,0
371,30/9/2010,62,train_Client_113091,11,0
101,22/2/2000,60,train_Client_113092,11,0
301,13/9/2006,62,train_Client_113093,11,0
101,30/5/1990,63,train_Client_113094,11,0
101,7/6/2013,60,train_Client_113095,11,0
371,10/10/2018,62,train_Client_113096,11,0
101,8/12/2003,60,train_Client_113097,11,1
104,7/6/2012,69,train_Client_113098,11,0
101,29/9/1998,60,train_Client_1131,11,0
107,11/1/2008,69,train_Client_11310,11,0
306,18/8/2008,63,train_Client_113100,11,0
107,23/4/2012,69,train_Client_113101,11,0
301,30/6/1994,62,train_Client_113102,11,0
307,10/5/2007,62,train_Client_113104,11,0
310,9/12/2010,62,train_Client_113105,11,1
101,15/12/1995,60,train_Client_113108,11,0
312,27/6/2000,63,train_Client_113109,11,0
101,7/10/2013,60,train_Client_11311,11,0
310,7/1/2011,62,train_Client_113110,11,0
101,8/4/2008,60,train_Client_113111,11,0
302,24/2/2003,62,train_Client_113112,11,0
301,22/9/2000,62,train_Client_113113,11,0
309,2/5/1986,62,train_Client_113114,11,0
305,27/11/2006,62,train_Client_113116,11,0
101,30/11/1977,60,train_Client_113118,11,0
372,26/12/1986,63,train_Client_113119,11,0
301,21/4/1981,62,train_Client_11312,11,0
310,24/11/2010,62,train_Client_113120,11,0
311,16/12/1994,63,train_Client_113121,11,0
311,12/9/1994,63,train_Client_113124,11,0
303,22/6/2010,62,train_Client_113127,11,0
104,30/10/1995,69,train_Client_113128,11,0
379,26/11/2007,63,train_Client_11313,11,0
107,17/10/2007,69,train_Client_113130,11,0
101,9/9/2011,60,train_Client_113131,11,0
302,10/12/2014,62,train_Client_113132,11,0
310,9/10/2014,62,train_Client_113133,11,0
103,29/1/2014,69,train_Client_113134,11,1
311,12/3/2015,63,train_Client_113135,11,0
104,24/10/2011,69,train_Client_113136,11,0
104,6/1/2014,69,train_Client_113137,11,0
101,27/2/1998,60,train_Client_113138,11,0
101,21/1/1992,60,train_Client_113139,11,0
107,25/11/2013,69,train_Client_113140,11,0
104,30/5/2002,69,train_Client_113141,11,0
307,31/12/2004,62,train_Client_113142,11,0
372,8/6/1998,63,train_Client_113143,11,0
302,18/6/2009,62,train_Client_113144,11,0
301,9/11/2006,62,train_Client_113145,11,0
304,17/3/1981,62,train_Client_113146,11,0
101,31/1/2011,60,train_Client_113147,11,0
307,21/4/2012,62,train_Client_113149,11,0
301,15/12/1986,62,train_Client_113150,11,0
310,15/6/1988,62,train_Client_113151,11,0
311,25/11/2013,63,train_Client_113152,11,0
304,28/12/1995,62,train_Client_113153,11,0
312,16/5/2014,63,train_Client_113155,11,0
104,24/10/2011,69,train_Client_113157,11,0
107,5/9/2001,69,train_Client_113159,11,0
304,23/10/1996,62,train_Client_11316,11,0
106,7/11/1984,69,train_Client_113161,11,0
310,7/4/2017,62,train_Client_113162,11,0
306,24/6/2003,63,train_Client_113163,11,0
309,4/10/2000,62,train_Client_113164,11,0
104,28/9/2000,69,train_Client_113165,11,0
101,30/12/1995,60,train_Client_113167,11,0
310,7/9/1993,62,train_Client_113169,11,0
104,24/10/2011,69,train_Client_113170,11,0
311,8/12/1989,63,train_Client_113172,11,0
101,15/9/2011,60,train_Client_113173,11,0
107,9/5/1981,69,train_Client_113174,11,0
303,9/2/2015,62,train_Client_113176,11,0
101,12/4/2014,60,train_Client_113178,11,0
101,1/4/2011,60,train_Client_11318,11,0
104,16/1/2014,69,train_Client_113180,11,0
101,24/5/1985,60,train_Client_113181,11,0
304,13/3/2013,62,train_Client_113183,11,1
311,24/5/2016,63,train_Client_113184,11,1
312,26/4/2011,63,train_Client_113185,12,0
310,17/1/2018,62,train_Client_113186,11,0
311,17/12/1993,63,train_Client_113187,11,0
101,26/1/2006,60,train_Client_113188,11,0
313,26/6/2009,63,train_Client_113189,11,0
301,12/3/2012,62,train_Client_11319,11,0
303,27/9/1990,62,train_Client_113190,11,0
101,23/11/2009,63,train_Client_113191,11,0
104,19/5/2005,69,train_Client_113192,11,0
101,25/5/2007,60,train_Client_113193,11,0
101,22/7/2005,60,train_Client_113194,11,0
310,30/4/1985,62,train_Client_113195,11,1
103,28/10/2013,69,train_Client_113196,11,0
313,30/9/1999,63,train_Client_113198,11,0
310,17/10/2015,62,train_Client_113199,11,0
311,29/9/1992,63,train_Client_1132,11,0
103,11/2/1994,69,train_Client_113200,11,0
303,21/7/1980,62,train_Client_113202,11,0
101,31/1/2005,60,train_Client_113203,11,0
101,20/5/2013,60,train_Client_113204,11,0
104,1/4/2014,69,train_Client_113206,11,1
311,12/9/2009,63,train_Client_113208,11,0
101,26/2/2002,60,train_Client_113209,11,0
104,11/3/2010,69,train_Client_11321,11,0
101,11/9/2015,60,train_Client_113211,11,0
306,12/5/2011,63,train_Client_113212,11,0
101,27/12/2003,60,train_Client_113215,11,0
311,23/12/2010,63,train_Client_113217,11,1
101,21/2/1978,60,train_Client_113219,11,0
310,1/11/2010,62,train_Client_113220,11,0
101,12/9/1981,60,train_Client_113221,11,0
101,31/12/1983,60,train_Client_113223,11,0
101,1/12/1989,60,train_Client_113224,11,0
101,1/4/2005,60,train_Client_113226,11,0
101,4/4/2001,60,train_Client_113227,11,0
302,28/4/2003,62,train_Client_113228,11,0
107,21/4/2014,69,train_Client_11323,11,0
107,25/4/2009,69,train_Client_113232,11,0
103,14/5/2009,69,train_Client_113234,11,0
379,25/5/2000,63,train_Client_113235,11,0
301,19/4/2018,62,train_Client_113236,11,0
313,30/11/2005,63,train_Client_113237,11,0
312,7/5/1990,63,train_Client_113238,11,0
304,3/8/2016,62,train_Client_113240,11,0
101,10/11/2008,60,train_Client_113242,11,0
306,22/11/2014,63,train_Client_113244,11,0
101,29/5/1998,60,train_Client_113245,11,0
101,13/3/1980,60,train_Client_113246,11,0
311,23/6/2011,63,train_Client_113247,11,0
104,16/11/1995,69,train_Client_113249,11,0
103,7/9/2011,69,train_Client_11325,11,0
312,24/3/1989,63,train_Client_113251,11,0
101,28/9/2005,60,train_Client_113252,11,0
301,6/12/2013,62,train_Client_113253,11,0
104,4/6/1997,69,train_Client_113254,12,1
107,9/12/1983,69,train_Client_113255,11,0
101,13/9/2006,63,train_Client_113256,11,0
103,29/7/2013,69,train_Client_113257,11,0
312,26/5/2005,63,train_Client_113258,11,0
103,18/11/2010,69,train_Client_113260,51,0
310,2/7/2001,62,train_Client_113261,11,0
101,31/5/2004,60,train_Client_113262,11,0
301,11/10/2016,62,train_Client_113263,11,0
104,7/12/1992,69,train_Client_113265,11,0
103,19/9/2011,69,train_Client_113266,11,0
101,26/5/2014,60,train_Client_113268,11,0
104,27/9/1999,69,train_Client_11327,12,0
101,1/12/2011,60,train_Client_113270,11,0
101,23/10/1985,60,train_Client_113271,11,1
101,25/9/2008,60,train_Client_113272,11,0
104,14/8/2012,69,train_Client_113273,11,0
101,18/12/2002,60,train_Client_113274,11,0
101,9/12/1978,60,train_Client_113275,11,0
101,27/12/2003,60,train_Client_113277,11,0
312,19/11/2018,63,train_Client_113278,11,0
104,15/4/1985,69,train_Client_11328,11,0
306,4/2/2017,63,train_Client_113280,11,0
313,27/2/1986,63,train_Client_113281,11,0
371,2/12/2013,62,train_Client_113283,11,0
101,26/12/2002,63,train_Client_113285,11,0
104,19/12/2011,69,train_Client_113286,11,0
101,19/6/1990,60,train_Client_113287,11,0
101,21/4/2000,60,train_Client_113288,11,0
312,18/2/2014,63,train_Client_113289,11,0
101,24/10/2008,60,train_Client_11329,11,0
104,17/12/2009,69,train_Client_113292,11,0
371,19/5/1993,62,train_Client_113293,11,0
101,12/7/1999,60,train_Client_113295,11,0
101,23/2/2015,60,train_Client_113297,11,0
101,24/12/2010,63,train_Client_113298,11,0
311,29/11/2013,63,train_Client_113299,11,0
301,24/8/2005,62,train_Client_113300,11,0
371,27/10/2015,62,train_Client_113302,11,0
101,30/6/1990,60,train_Client_113303,11,0
310,12/11/2013,62,train_Client_113305,11,0
101,1/3/1999,60,train_Client_113307,11,0
312,21/4/2009,63,train_Client_113309,11,0
310,21/12/1988,62,train_Client_11331,11,0
101,15/5/1990,60,train_Client_113311,11,0
104,14/12/2012,69,train_Client_113312,11,0
306,11/1/1978,63,train_Client_113313,11,0
107,8/11/1994,69,train_Client_113314,11,0
104,24/4/2009,69,train_Client_113315,51,0
106,15/8/1984,69,train_Client_113316,11,0
371,1/12/2008,62,train_Client_113317,11,0
106,30/9/2014,69,train_Client_113318,11,0
308,1/8/2009,62,train_Client_113319,11,0
302,4/4/2016,62,train_Client_113323,11,0
306,22/4/2003,63,train_Client_113324,11,0
311,21/5/2014,63,train_Client_113325,11,0
306,6/12/2017,63,train_Client_113326,11,0
104,16/5/2002,69,train_Client_113328,11,0
104,3/8/2010,69,train_Client_113329,11,0
103,28/3/2011,69,train_Client_113330,11,0
306,25/10/1988,63,train_Client_113331,11,0
101,24/6/2002,60,train_Client_113332,11,0
101,19/3/2004,60,train_Client_113333,11,0
311,21/4/2000,63,train_Client_113337,11,0
101,22/12/2016,60,train_Client_113338,11,0
101,17/12/1984,60,train_Client_11334,11,0
311,21/11/1985,63,train_Client_113340,11,0
104,7/12/2012,69,train_Client_113341,11,0
101,23/2/2007,60,train_Client_113342,11,0
313,14/10/1988,63,train_Client_113343,11,0
312,12/4/2011,63,train_Client_113344,11,0
101,2/2/2001,60,train_Client_113348,11,0
103,11/7/1979,69,train_Client_113349,11,0
107,26/10/1982,69,train_Client_11335,11,0
104,21/12/2005,69,train_Client_113350,11,0
313,29/2/2000,63,train_Client_113351,11,0
301,27/12/2006,62,train_Client_113353,11,0
307,22/12/1987,62,train_Client_113356,11,0
101,21/2/1978,60,train_Client_113358,11,0
371,27/4/2012,62,train_Client_113359,11,0
101,30/7/2013,60,train_Client_113360,11,0
104,29/9/1993,69,train_Client_113361,11,1
309,3/2/2017,62,train_Client_113363,11,0
303,24/10/2011,62,train_Client_113364,11,0
310,26/12/2016,62,train_Client_113365,11,0
301,5/5/2008,62,train_Client_113366,11,0
311,23/8/1995,63,train_Client_113369,11,0
104,19/10/1982,69,train_Client_11337,11,0
302,29/5/2000,62,train_Client_113370,11,0
107,29/5/2012,69,train_Client_113371,11,0
101,26/9/2007,60,train_Client_113372,11,0
379,18/3/2014,63,train_Client_113373,11,0
101,10/6/1993,60,train_Client_113374,11,0
310,23/5/2001,62,train_Client_113375,11,0
101,27/3/2014,60,train_Client_113376,11,0
107,29/8/2006,69,train_Client_113377,11,1
308,22/9/2015,63,train_Client_113378,11,0
310,11/4/2008,62,train_Client_11338,11,0
101,19/5/1998,60,train_Client_113380,11,0
310,31/12/1999,62,train_Client_113381,11,0
101,4/4/1990,60,train_Client_113383,11,0
104,22/4/2017,69,train_Client_113384,11,0
301,9/11/2006,62,train_Client_113385,11,0
311,7/12/1987,63,train_Client_113386,11,0
303,4/12/2006,62,train_Client_113388,11,0
104,4/2/2008,69,train_Client_113389,11,0
301,30/10/2010,62,train_Client_11339,11,1
312,23/12/2016,63,train_Client_113390,11,0
107,23/9/2010,69,train_Client_113394,11,0
311,30/6/1995,63,train_Client_113396,11,0
301,20/4/2011,62,train_Client_113398,11,0
310,9/9/2011,62,train_Client_1134,11,0
308,8/3/2016,63,train_Client_11340,11,0
101,8/12/1994,60,train_Client_113400,11,0
309,17/10/2013,62,train_Client_113401,11,0
107,7/5/2011,69,train_Client_113403,11,0
302,6/5/1981,62,train_Client_113404,11,0
305,20/6/1984,62,train_Client_113405,12,0
303,31/5/2017,62,train_Client_113406,11,0
101,5/6/2013,60,train_Client_113408,11,0
101,19/4/1979,60,train_Client_113409,11,0
310,4/4/2008,62,train_Client_11341,11,0
104,31/1/2015,69,train_Client_113411,11,0
379,20/12/2005,63,train_Client_113414,11,0
301,29/12/2000,62,train_Client_113417,11,0
104,11/5/2011,69,train_Client_11342,11,0
306,1/4/1981,63,train_Client_113420,11,0
302,25/11/1991,62,train_Client_113421,11,0
310,29/6/1988,62,train_Client_113422,11,0
301,13/9/2005,62,train_Client_113427,11,0
107,20/11/2015,69,train_Client_113428,11,0
101,10/8/1987,60,train_Client_113429,12,0
306,8/9/2009,63,train_Client_113431,11,0
101,20/12/1996,60,train_Client_113432,11,0
107,19/9/2011,69,train_Client_113433,11,0
313,11/9/2013,63,train_Client_113434,11,0
101,9/3/1999,60,train_Client_113435,11,0
301,20/9/2013,62,train_Client_113436,11,0
101,27/5/2009,60,train_Client_11344,11,0
101,10/11/1995,60,train_Client_113442,11,0
101,5/9/2014,60,train_Client_113443,11,0
101,20/5/2013,60,train_Client_113445,11,0
305,19/7/2011,62,train_Client_113446,11,0
101,24/9/2001,60,train_Client_113447,11,0
101,8/11/1978,60,train_Client_113448,11,0
312,13/6/2015,63,train_Client_113449,11,0
311,21/3/2013,63,train_Client_11345,11,0
371,7/2/2002,62,train_Client_113451,11,0
310,9/6/2018,62,train_Client_113452,11,0
104,24/11/2009,69,train_Client_113453,11,0
101,27/3/2012,60,train_Client_113454,11,0
101,3/6/2014,60,train_Client_113456,11,0
101,22/4/2008,60,train_Client_113457,11,0
302,15/12/2014,62,train_Client_113458,11,0
312,30/11/1994,63,train_Client_11346,11,0
306,17/9/1979,63,train_Client_113460,11,0
302,21/12/2015,62,train_Client_113463,11,0
101,8/6/2006,60,train_Client_113464,11,0
104,15/4/1997,69,train_Client_113465,11,0
301,12/3/2010,62,train_Client_113467,11,0
307,29/10/2015,62,train_Client_113468,11,0
101,3/9/2014,60,train_Client_113469,11,0
103,19/11/2008,69,train_Client_113471,11,0
101,23/2/1998,60,train_Client_113474,11,0
301,30/3/1984,62,train_Client_113478,11,0
104,23/1/2012,69,train_Client_113479,11,0
103,22/10/1996,69,train_Client_11348,11,0
107,10/6/2009,69,train_Client_113480,11,1
101,19/3/2007,60,train_Client_113481,11,0
309,19/9/2015,62,train_Client_113482,11,0
101,31/10/1989,60,train_Client_113485,11,0
103,28/2/2017,69,train_Client_113487,11,0
302,27/10/2007,62,train_Client_113488,11,0
107,11/10/2012,69,train_Client_113491,11,0
307,17/10/1981,62,train_Client_113492,11,0
104,24/10/1978,69,train_Client_113496,51,1
101,10/1/2014,60,train_Client_113498,11,0
101,3/12/2009,60,train_Client_113499,11,0
310,7/8/2015,62,train_Client_1135,11,0
306,30/8/1989,63,train_Client_11350,11,0
304,28/7/2006,62,train_Client_113500,11,0
101,20/10/2012,60,train_Client_113501,11,0
103,25/10/2008,69,train_Client_113502,11,1
103,1/11/2013,69,train_Client_113503,11,1
107,13/10/1997,69,train_Client_113504,11,1
105,3/5/2011,69,train_Client_113505,11,0
372,21/5/2002,63,train_Client_113506,11,0
101,20/8/1984,60,train_Client_113508,11,0
104,16/9/2016,69,train_Client_11351,11,0
105,22/9/1988,69,train_Client_113513,11,0
101,10/11/2006,60,train_Client_113514,11,0
107,11/2/2014,69,train_Client_113515,11,0
301,5/11/1984,62,train_Client_113516,11,0
101,26/3/1997,60,train_Client_113517,11,0
103,11/12/2013,69,train_Client_113518,11,0
104,13/11/1980,69,train_Client_113519,11,1
101,15/7/1980,60,train_Client_113520,11,0
101,20/12/2013,60,train_Client_113521,11,0
311,31/12/2004,63,train_Client_113522,11,1
101,31/7/2009,60,train_Client_113523,11,0
104,9/7/2007,69,train_Client_113524,11,0
313,28/6/1982,63,train_Client_113525,11,0
101,12/6/2007,60,train_Client_113527,11,0
371,13/3/2001,62,train_Client_113528,11,0
303,28/10/2013,62,train_Client_113529,11,0
304,7/11/2016,62,train_Client_11353,11,0
101,9/11/2016,60,train_Client_113530,11,0
301,30/12/1991,62,train_Client_113531,11,0
107,8/7/1997,69,train_Client_113532,11,0
104,27/10/2016,69,train_Client_113533,11,0
307,9/10/2000,62,train_Client_113534,11,0
104,5/8/2009,69,train_Client_113535,11,0
306,21/11/2012,63,train_Client_11354,11,0
103,22/7/2011,69,train_Client_113540,11,0
101,21/7/2012,60,train_Client_113541,11,0
312,13/9/1988,63,train_Client_113542,11,0
309,16/11/1994,62,train_Client_113543,11,0
305,22/10/2014,62,train_Client_113544,11,0
101,29/5/2011,60,train_Client_113545,11,0
107,28/10/2004,69,train_Client_113546,11,0
101,24/6/1994,60,train_Client_113547,11,0
101,22/12/2016,63,train_Client_113548,11,0
311,15/6/1993,63,train_Client_113549,11,0
104,29/8/1994,69,train_Client_11355,11,0
311,28/10/2013,63,train_Client_113550,11,0
303,29/3/1980,62,train_Client_113551,11,0
304,21/7/2007,62,train_Client_113552,11,0
306,19/2/2008,63,train_Client_113553,11,0
104,31/10/2000,69,train_Client_113556,11,0
309,15/9/1995,62,train_Client_113557,11,0
311,7/11/2012,63,train_Client_113560,11,1
103,12/8/2010,69,train_Client_113561,11,0
101,31/12/2009,60,train_Client_113562,11,0
301,26/3/2004,62,train_Client_113563,11,0
101,3/3/2011,60,train_Client_113564,11,0
101,31/5/2010,60,train_Client_113566,51,0
103,17/4/1982,69,train_Client_113568,11,0
301,13/3/1996,62,train_Client_113569,11,0
302,21/1/2017,62,train_Client_11357,11,0
312,30/5/2002,63,train_Client_113570,11,0
101,27/6/2011,60,train_Client_113574,11,0
104,21/5/2009,69,train_Client_113575,11,0
310,17/3/2012,62,train_Client_113576,11,0
301,31/10/2001,62,train_Client_113577,11,0
104,12/6/2007,69,train_Client_113579,11,0
371,23/1/2013,62,train_Client_11358,11,0
312,12/12/2012,63,train_Client_113580,11,0
301,10/6/1983,62,train_Client_113581,11,0
107,20/12/2011,69,train_Client_113583,11,0
101,19/5/2008,60,train_Client_113584,11,0
311,16/4/2016,63,train_Client_113585,11,0
104,2/6/2012,69,train_Client_113586,11,0
303,8/10/2015,62,train_Client_113587,11,0
301,10/12/2013,62,train_Client_113588,11,1
107,4/10/2012,69,train_Client_113589,11,0
303,3/12/2007,62,train_Client_11359,11,0
371,4/3/2016,62,train_Client_113590,11,0
103,29/11/2011,69,train_Client_113591,11,1
311,21/12/1994,63,train_Client_113592,11,0
101,30/12/1978,60,train_Client_113593,11,0
107,15/12/2007,69,train_Client_113595,11,0
306,22/2/1991,63,train_Client_113596,11,0
104,23/12/2009,69,train_Client_113597,11,0
107,29/9/2000,69,train_Client_113598,11,0
107,5/12/2015,69,train_Client_1136,11,0
101,31/12/2008,60,train_Client_113604,11,0
105,22/10/1996,69,train_Client_113606,11,0
303,6/11/2018,62,train_Client_113607,11,0
104,31/12/2014,69,train_Client_113609,11,0
101,3/3/2000,60,train_Client_113610,11,0
101,21/5/2012,60,train_Client_113611,11,0
107,27/9/1977,69,train_Client_113612,11,0
304,25/6/1997,62,train_Client_113613,11,0
104,15/9/2003,69,train_Client_113614,11,0
311,7/5/2016,63,train_Client_113615,11,0
101,3/10/2000,60,train_Client_113616,11,0
309,15/12/2011,62,train_Client_113618,11,0
101,24/4/2007,60,train_Client_113620,11,0
302,15/1/2008,62,train_Client_113622,11,1
104,4/11/2009,69,train_Client_113623,11,0
103,14/12/2016,69,train_Client_113624,11,0
302,25/10/2011,62,train_Client_113627,11,0
306,22/12/2015,63,train_Client_113628,11,0
101,3/12/2014,60,train_Client_11363,11,1
301,20/5/1983,62,train_Client_113631,11,0
101,4/4/1978,60,train_Client_113632,11,0
107,7/9/2011,69,train_Client_113635,11,0
308,19/1/2018,63,train_Client_113636,11,0
101,9/3/1990,60,train_Client_113637,11,0
107,21/9/2017,69,train_Client_113639,11,0
313,14/12/2016,63,train_Client_11364,11,0
101,25/12/1984,60,train_Client_113643,11,0
101,25/2/1983,60,train_Client_113644,11,0
101,26/12/1978,60,train_Client_113645,11,0
312,27/11/2013,63,train_Client_113646,11,0
310,15/6/1998,62,train_Client_113648,11,0
312,5/9/2018,63,train_Client_113649,11,0
107,7/5/2011,69,train_Client_113651,11,0
101,21/10/1998,60,train_Client_113653,11,0
101,7/6/2013,60,train_Client_113654,11,0
101,4/8/2006,60,train_Client_113655,11,0
101,31/10/2001,60,train_Client_113657,11,0
107,4/4/2017,69,train_Client_113659,11,0
311,18/5/2015,63,train_Client_11366,11,0
307,28/11/2006,62,train_Client_113661,11,0
301,7/4/2011,62,train_Client_113662,11,0
307,7/9/1998,62,train_Client_113663,11,0
103,13/1/1979,69,train_Client_113666,11,0
312,31/5/2004,63,train_Client_113668,11,0
101,22/12/1988,60,train_Client_113669,11,0
107,19/10/1984,69,train_Client_11367,11,0
302,13/5/2009,62,train_Client_113670,11,0
303,7/3/2013,62,train_Client_113671,11,0
101,2/3/2010,60,train_Client_113672,11,0
304,10/6/2015,62,train_Client_113673,11,0
101,4/3/1982,60,train_Client_113675,11,0
104,18/3/2013,69,train_Client_113676,11,0
103,12/6/2013,69,train_Client_113677,11,0
101,1/9/1994,60,train_Client_113679,11,0
104,9/3/2015,69,train_Client_113681,11,0
107,19/5/2009,69,train_Client_113684,11,0
301,2/6/2010,62,train_Client_113685,12,0
310,8/3/2013,62,train_Client_113687,11,1
101,8/3/2016,60,train_Client_113688,11,0
310,4/12/2007,62,train_Client_113689,11,0
104,28/12/1999,69,train_Client_11369,11,0
372,21/11/1995,63,train_Client_113690,11,0
103,2/7/2011,69,train_Client_113693,11,0
302,14/5/2001,62,train_Client_113694,11,0
104,25/10/2013,69,train_Client_113695,11,0
107,10/1/2008,69,train_Client_113696,12,0
301,29/12/2000,62,train_Client_113697,11,0
301,30/12/2010,62,train_Client_113699,11,0
371,10/1/2018,62,train_Client_1137,11,0
304,21/10/1978,62,train_Client_11370,11,0
107,22/4/2017,69,train_Client_113700,11,0
303,24/8/2007,62,train_Client_113701,11,0
104,14/8/2018,69,train_Client_113703,11,0
310,28/5/2015,62,train_Client_113704,11,0
101,7/7/2018,60,train_Client_113705,11,0
313,29/10/1997,63,train_Client_113707,11,0
104,22/6/2015,69,train_Client_11371,11,0
311,6/1/2010,63,train_Client_113712,11,0
104,7/4/1997,69,train_Client_113713,11,0
371,2/5/2012,62,train_Client_113714,11,0
101,30/7/1999,60,train_Client_113715,11,0
104,9/7/2016,69,train_Client_113716,11,0
301,7/11/2016,62,train_Client_113717,11,0
101,16/12/1996,60,train_Client_113718,11,0
307,30/6/2003,62,train_Client_113719,11,0
101,14/8/2010,60,train_Client_11372,11,0
101,31/12/1989,60,train_Client_113720,11,0
103,5/6/2010,69,train_Client_113724,11,1
301,23/1/2004,62,train_Client_113725,11,0
104,23/12/2015,69,train_Client_113728,11,0
310,10/8/2009,62,train_Client_11373,12,0
105,19/10/2015,69,train_Client_113730,11,0
101,20/4/1995,60,train_Client_113731,11,1
303,25/9/1996,62,train_Client_113732,11,0
311,29/12/2011,63,train_Client_113734,11,0
302,7/2/2002,62,train_Client_113736,11,0
371,23/1/2013,62,train_Client_113737,11,1
101,8/8/2010,60,train_Client_113738,11,0
313,13/9/2010,63,train_Client_11374,11,0
103,31/1/2002,69,train_Client_113740,11,0
101,25/8/1981,60,train_Client_113741,11,0
104,12/7/2014,69,train_Client_113742,11,0
101,23/7/1987,60,train_Client_113743,11,0
310,8/6/1994,62,train_Client_113744,11,0
305,26/7/1988,62,train_Client_113745,11,1
371,22/6/1987,62,train_Client_113746,11,0
101,4/5/2009,60,train_Client_113747,11,0
101,3/9/2016,60,train_Client_113748,11,0
301,8/10/2012,62,train_Client_113749,11,0
104,28/1/1986,69,train_Client_11375,11,0
103,20/6/2016,69,train_Client_113751,11,0
107,9/10/2010,69,train_Client_113752,11,0
101,15/11/1988,60,train_Client_113753,11,0
301,20/7/2011,62,train_Client_113756,11,0
302,14/5/2001,62,train_Client_113759,11,0
101,17/7/1986,60,train_Client_113760,11,0
104,23/2/2013,69,train_Client_113762,11,0
104,30/8/1995,69,train_Client_113763,11,0
311,25/8/2016,63,train_Client_113764,11,0
101,23/4/1981,60,train_Client_113765,11,0
101,14/7/2011,60,train_Client_113766,11,0
104,19/2/2009,69,train_Client_113767,12,0
101,19/2/2008,60,train_Client_113768,11,0
107,22/4/1999,69,train_Client_113769,11,0
107,29/1/2001,69,train_Client_113770,11,0
104,18/2/2014,69,train_Client_113772,11,1
301,8/1/2008,62,train_Client_113774,11,0
302,23/1/2008,62,train_Client_113777,11,1
303,11/10/2014,62,train_Client_113778,11,0
313,9/3/2013,63,train_Client_113779,11,0
310,21/2/2015,62,train_Client_113780,11,0
310,18/8/1997,62,train_Client_113781,11,0
312,22/9/2010,63,train_Client_113782,11,0
107,22/12/2015,69,train_Client_113783,11,0
101,7/5/1999,60,train_Client_113784,11,0
104,13/11/1995,69,train_Client_113785,11,0
302,8/6/2009,62,train_Client_113786,11,0
101,8/12/1994,60,train_Client_113787,11,0
101,10/1/1986,60,train_Client_113790,11,0
304,23/6/2015,62,train_Client_113791,11,0
303,15/12/2004,62,train_Client_113793,11,0
309,21/2/2011,62,train_Client_113794,11,0
310,10/5/2011,62,train_Client_113797,11,0
306,21/11/1990,63,train_Client_113800,11,0
311,4/8/2015,63,train_Client_113802,11,0
310,30/5/1990,62,train_Client_113803,12,0
304,30/9/2013,62,train_Client_113804,11,0
301,2/7/2007,62,train_Client_113805,11,0
104,16/5/2013,69,train_Client_113806,11,0
310,21/12/2015,62,train_Client_113807,11,0
302,23/1/1985,62,train_Client_113808,11,0
101,28/10/2011,60,train_Client_11381,11,0
310,20/10/1994,62,train_Client_113810,12,0
310,15/11/2013,62,train_Client_113811,11,0
103,9/8/2014,69,train_Client_113812,11,0
101,30/8/2007,60,train_Client_113813,11,0
302,3/12/1996,62,train_Client_113815,11,1
104,5/9/1996,69,train_Client_113816,11,0
104,26/8/1996,69,train_Client_113818,11,0
104,7/6/1994,69,train_Client_11382,11,0
101,30/10/2000,60,train_Client_113820,11,0
312,1/10/2016,63,train_Client_113821,11,0
309,24/11/1994,62,train_Client_113823,11,0
303,19/11/2002,62,train_Client_113824,11,0
104,9/7/2004,69,train_Client_113825,11,0
306,3/3/2010,63,train_Client_113826,11,0
101,27/11/2000,60,train_Client_113828,11,0
307,21/5/2016,62,train_Client_113829,11,0
107,24/3/2013,69,train_Client_113830,11,0
104,27/3/1998,69,train_Client_113835,11,0
301,22/2/2006,62,train_Client_113836,11,0
101,26/3/2012,60,train_Client_113838,11,0
101,19/11/1993,60,train_Client_113839,11,0
312,20/9/1990,63,train_Client_113840,11,0
104,29/12/2015,69,train_Client_113842,11,0
104,26/8/1998,69,train_Client_113843,11,1
311,22/5/2017,63,train_Client_113845,11,0
101,25/12/2005,60,train_Client_113848,11,0
310,26/6/2000,62,train_Client_113849,11,0
101,28/7/2011,60,train_Client_11385,11,0
301,11/10/2002,62,train_Client_113851,11,0
309,3/7/2015,62,train_Client_113852,11,0
371,12/4/2006,62,train_Client_113853,11,0
103,6/5/1994,69,train_Client_113855,11,0
103,16/4/2009,69,train_Client_113856,11,0
104,22/5/1996,69,train_Client_113857,11,0
101,9/9/2013,60,train_Client_113858,11,0
104,10/12/2016,69,train_Client_113859,11,0
104,11/8/2018,69,train_Client_11386,11,0
303,23/1/2008,62,train_Client_113861,11,0
301,7/11/1989,62,train_Client_113862,11,0
306,27/4/2017,63,train_Client_113864,11,0
104,27/7/1983,69,train_Client_113865,11,0
311,5/5/2017,63,train_Client_113866,11,0
104,20/7/2017,69,train_Client_113867,51,1
101,26/11/1991,60,train_Client_113868,11,0
101,29/3/1989,60,train_Client_113870,11,0
101,7/5/1997,60,train_Client_113871,11,0
302,4/10/2000,62,train_Client_113872,11,0
312,14/11/2015,63,train_Client_113875,11,0
301,3/11/2017,62,train_Client_113877,11,0
309,1/10/2016,62,train_Client_113878,11,0
301,26/10/2007,62,train_Client_113879,11,0
301,16/10/1998,62,train_Client_11388,11,0
311,11/11/2016,63,train_Client_113880,11,0
310,31/1/2014,62,train_Client_113881,11,0
101,18/6/2015,60,train_Client_113883,11,0
311,4/4/2002,63,train_Client_113884,11,0
310,18/11/2017,62,train_Client_113885,11,0
107,18/3/2016,69,train_Client_113888,11,0
101,17/10/1983,60,train_Client_113889,11,1
104,13/12/1984,69,train_Client_113890,11,0
103,16/9/2008,69,train_Client_113892,11,0
304,25/3/2005,62,train_Client_113893,11,0
103,23/3/2011,69,train_Client_113894,51,0
308,8/4/2003,63,train_Client_113895,11,0
307,7/1/2012,62,train_Client_113899,11,0
371,1/9/2008,62,train_Client_1139,11,0
101,8/11/1977,60,train_Client_11390,12,0
307,8/11/2017,62,train_Client_113900,11,0
371,19/5/1993,62,train_Client_113901,11,0
301,13/7/2018,62,train_Client_113903,11,0
107,17/11/2008,69,train_Client_113904,11,1
107,22/6/2016,69,train_Client_113906,11,0
303,12/6/1984,62,train_Client_113907,11,0
101,23/11/2006,60,train_Client_113910,11,0
310,28/4/1987,62,train_Client_113911,11,0
101,1/12/1980,60,train_Client_113912,11,0
101,4/6/2008,60,train_Client_113913,11,0
101,21/2/2015,60,train_Client_113914,11,0
371,23/11/1988,62,train_Client_113915,11,0
301,2/10/1996,62,train_Client_113916,11,0
101,27/2/1998,60,train_Client_113917,11,0
301,25/2/1983,62,train_Client_113918,11,0
303,28/3/1988,62,train_Client_113919,11,0
304,30/10/2006,62,train_Client_11392,11,0
101,3/9/1997,60,train_Client_113920,11,0
101,8/10/1992,60,train_Client_113923,11,0
101,9/12/1978,60,train_Client_113924,11,0
307,27/5/2015,62,train_Client_113925,11,1
101,25/5/1977,60,train_Client_113926,11,0
101,24/9/2002,60,train_Client_113927,11,0
101,22/11/2007,60,train_Client_113928,11,0
301,1/10/2007,62,train_Client_113929,11,0
101,6/11/2012,60,train_Client_113931,11,0
107,16/12/2015,69,train_Client_113932,11,1
309,31/7/1985,62,train_Client_113937,11,0
101,13/6/2011,60,train_Client_113938,11,0
310,9/5/2008,62,train_Client_113939,11,1
104,27/12/2012,69,train_Client_113940,11,0
305,24/7/2009,62,train_Client_113941,11,0
302,14/2/2005,62,train_Client_113942,11,0
303,30/12/1994,62,train_Client_113944,11,0
104,21/10/1994,69,train_Client_113945,11,0
101,3/12/2004,60,train_Client_113946,11,0
306,15/7/2010,63,train_Client_113947,11,0
311,15/12/2010,63,train_Client_113949,11,0
101,19/11/1985,60,train_Client_11395,11,0
101,29/12/1986,60,train_Client_113950,11,0
301,21/1/2013,62,train_Client_113953,11,0
307,30/12/1997,62,train_Client_113954,11,0
311,29/9/2015,63,train_Client_113955,11,0
302,24/11/2012,62,train_Client_113957,11,0
311,19/12/1997,63,train_Client_113958,11,0
303,21/2/2015,62,train_Client_11396,11,0
311,1/2/2010,63,train_Client_113960,11,0
312,30/6/2003,63,train_Client_113962,11,0
101,21/2/1978,60,train_Client_113963,11,0
306,31/12/1998,63,train_Client_113964,11,0
307,14/5/2015,62,train_Client_113965,11,0
101,5/7/2010,60,train_Client_113966,12,0
303,24/8/2007,62,train_Client_113967,11,0
301,8/1/1998,62,train_Client_113968,11,0
101,15/9/1983,60,train_Client_113969,11,0
303,19/10/2011,62,train_Client_11397,11,0
104,14/11/2016,69,train_Client_113970,11,0
101,19/12/2000,60,train_Client_113971,11,0
101,4/1/2010,60,train_Client_113973,11,0
101,27/1/2009,63,train_Client_113974,11,0
301,12/10/2001,62,train_Client_113976,11,0
301,6/10/2007,62,train_Client_113978,11,0
107,29/9/1989,69,train_Client_113979,11,0
101,17/10/2007,60,train_Client_11398,11,0
104,6/6/2006,69,train_Client_113980,11,0
101,17/10/1988,60,train_Client_113981,11,0
302,29/2/2008,62,train_Client_113982,11,0
303,9/12/1996,62,train_Client_113983,11,0
311,25/6/1993,63,train_Client_113987,11,0
101,7/4/2000,60,train_Client_113988,11,0
310,4/12/2003,62,train_Client_113989,11,0
101,25/10/2004,60,train_Client_11399,11,0
307,26/10/2006,62,train_Client_113990,11,0
306,29/12/1986,63,train_Client_113991,11,0
107,31/12/2004,69,train_Client_113992,11,0
311,28/6/2002,63,train_Client_113994,11,0
103,28/4/2006,69,train_Client_113995,11,0
101,10/12/2012,60,train_Client_113996,12,0
310,27/9/1990,62,train_Client_114,11,1
303,4/2/2015,62,train_Client_114001,11,0
304,29/10/2002,62,train_Client_114002,11,0
206,21/10/2011,69,train_Client_114003,11,0
101,11/5/2016,60,train_Client_114004,11,0
311,29/12/2016,63,train_Client_114006,11,0
310,10/2/1986,62,train_Client_114008,11,0
107,8/2/1989,69,train_Client_114009,11,0
309,9/5/2015,62,train_Client_11401,11,0
101,17/2/1999,60,train_Client_114012,11,0
305,25/6/1985,62,train_Client_114014,11,0
104,10/9/1981,69,train_Client_114015,11,0
103,19/4/2010,69,train_Client_114017,11,0
307,7/12/2009,62,train_Client_114018,11,0
301,30/5/2014,62,train_Client_114023,11,0
307,31/10/1985,62,train_Client_114024,11,0
103,7/4/2007,69,train_Client_114025,51,0
101,22/12/2003,60,train_Client_114026,11,0
307,17/5/1995,62,train_Client_114030,11,0
311,31/12/1996,63,train_Client_114033,11,0
304,4/3/2016,62,train_Client_114034,11,0
103,25/5/2012,69,train_Client_114036,11,0
301,9/1/1985,62,train_Client_114038,11,0
312,21/6/2017,63,train_Client_11404,11,0
311,20/4/1992,63,train_Client_114041,11,0
101,17/12/2007,60,train_Client_114042,11,0
301,13/12/2007,62,train_Client_114045,11,0
101,11/6/2012,60,train_Client_114046,11,1
101,23/7/1999,60,train_Client_114047,11,0
307,18/6/2016,62,train_Client_114048,11,0
310,19/8/2009,62,train_Client_114050,11,0
371,26/7/2006,62,train_Client_114051,11,0
379,18/6/2011,63,train_Client_114054,11,0
101,30/11/1984,60,train_Client_114056,11,0
107,29/9/2016,69,train_Client_114057,11,0
312,31/8/2016,63,train_Client_114058,11,0
305,14/10/2002,62,train_Client_11406,11,0
101,14/7/2008,60,train_Client_114061,11,0
104,21/10/1981,69,train_Client_114063,11,0
104,15/12/2008,69,train_Client_114065,11,0
303,18/6/2008,62,train_Client_114067,11,0
101,26/11/1981,60,train_Client_114068,11,0
101,26/9/1994,60,train_Client_114069,11,0
104,15/3/2013,69,train_Client_11407,11,0
101,22/9/1993,60,train_Client_114070,11,0
301,25/10/2016,62,train_Client_114071,11,0
101,3/3/2010,60,train_Client_114073,11,0
304,8/8/2016,62,train_Client_114074,11,0
103,24/4/2008,69,train_Client_114076,11,0
101,1/12/1995,60,train_Client_114077,11,0
103,6/12/2014,69,train_Client_114079,11,0
104,31/3/2011,69,train_Client_11408,11,0
306,16/5/2002,63,train_Client_114080,11,0
301,2/2/2015,62,train_Client_114081,11,0
308,30/10/2001,63,train_Client_114082,11,0
305,18/4/2017,62,train_Client_114083,11,1
311,18/10/2014,63,train_Client_114084,11,0
305,28/6/2002,62,train_Client_114086,11,0
301,13/1/2015,62,train_Client_114088,11,0
312,31/12/2004,63,train_Client_114090,11,1
101,1/6/2012,60,train_Client_114091,11,0
101,15/6/1989,60,train_Client_114092,11,0
104,8/6/2010,69,train_Client_114093,11,0
306,20/4/1992,63,train_Client_114094,11,0
104,3/3/2015,69,train_Client_114095,11,0
101,18/11/2011,60,train_Client_114096,11,0
301,11/11/1985,62,train_Client_114099,11,0
101,10/11/1998,60,train_Client_1141,11,0
309,4/12/2003,62,train_Client_11410,11,0
301,27/9/1977,62,train_Client_114100,11,0
101,3/10/2014,60,train_Client_114102,11,0
305,24/4/2017,62,train_Client_114103,11,0
101,26/12/2012,60,train_Client_114104,11,0
101,28/12/1990,60,train_Client_114105,11,1
101,18/11/2015,60,train_Client_114106,51,0
311,19/12/2013,63,train_Client_114108,11,0
101,19/9/2011,60,train_Client_11411,11,0
311,25/6/1993,63,train_Client_114110,11,0
307,16/1/2013,62,train_Client_114111,11,0
101,26/4/1980,60,train_Client_114112,11,0
103,2/12/2010,69,train_Client_114116,11,0
312,23/5/2002,63,train_Client_114117,11,0
101,19/9/1990,60,train_Client_114118,11,0
302,9/6/1995,62,train_Client_11412,11,0
302,23/10/1985,62,train_Client_114120,11,0
104,17/3/2012,69,train_Client_114123,11,0
306,31/12/2004,63,train_Client_114128,11,0
104,29/1/2002,69,train_Client_11413,11,0
371,15/8/2015,62,train_Client_114130,11,0
104,5/8/1983,69,train_Client_114132,11,0
306,26/10/2010,63,train_Client_114134,11,0
107,6/6/2012,69,train_Client_114136,11,0
306,31/12/1996,63,train_Client_114137,11,0
107,29/4/2015,69,train_Client_114138,11,0
312,19/9/2016,63,train_Client_114139,11,0
101,23/11/2007,60,train_Client_114140,11,0
307,29/11/1991,62,train_Client_114142,11,0
101,30/9/2003,60,train_Client_114143,11,0
308,20/4/2015,63,train_Client_114144,11,0
311,9/8/2014,63,train_Client_114145,11,0
307,4/11/2008,62,train_Client_114147,11,0
104,8/10/2007,69,train_Client_114148,11,0
103,6/5/2015,69,train_Client_11415,11,0
372,27/10/1989,63,train_Client_114150,11,0
104,10/12/2016,69,train_Client_114151,11,0
371,9/10/1980,62,train_Client_114153,11,0
306,28/2/2007,63,train_Client_114154,11,0
311,24/11/1992,63,train_Client_114155,11,0
101,28/5/2013,60,train_Client_114156,11,1
303,25/3/2002,62,train_Client_114157,11,0
105,31/1/1997,69,train_Client_114159,11,0
101,4/10/1988,60,train_Client_11416,11,0
104,20/12/2016,69,train_Client_114160,11,0
101,13/6/2011,60,train_Client_114161,11,0
101,20/6/2008,60,train_Client_114162,11,0
101,17/8/1979,60,train_Client_114163,11,0
104,30/10/1995,69,train_Client_114164,11,0
302,29/1/2004,62,train_Client_114167,11,0
313,14/10/2014,63,train_Client_114168,11,0
105,13/9/1994,69,train_Client_114169,11,0
101,5/6/2009,60,train_Client_11417,11,0
107,15/7/2017,69,train_Client_114170,11,0
309,24/7/2007,62,train_Client_114171,11,0
107,2/4/2013,69,train_Client_114172,11,0
306,29/8/2002,63,train_Client_114173,11,1
103,22/12/2009,69,train_Client_114174,51,0
101,28/6/2004,60,train_Client_114175,11,0
101,16/6/2004,60,train_Client_114177,11,0
312,18/1/2017,63,train_Client_114179,11,0
104,21/8/2013,69,train_Client_11418,11,0
312,19/6/2017,63,train_Client_114181,11,0
306,10/3/2008,63,train_Client_114183,11,0
104,12/9/2015,69,train_Client_114184,11,0
101,6/10/1999,60,train_Client_114186,11,0
101,29/8/2006,60,train_Client_114187,11,0
379,9/1/2013,63,train_Client_114189,11,0
101,22/11/2008,60,train_Client_114191,11,0
301,26/5/2016,62,train_Client_114192,11,0
304,29/12/1999,62,train_Client_114194,11,0
302,20/9/2005,62,train_Client_114195,11,0
101,27/1/2009,63,train_Client_114197,11,0
313,22/5/2018,63,train_Client_114198,11,0
311,7/5/2002,63,train_Client_114199,11,0
101,8/12/1994,60,train_Client_11420,11,0
101,29/9/1977,60,train_Client_114200,11,0
313,22/9/2015,63,train_Client_114201,11,0
107,10/9/2008,69,train_Client_114202,11,0
301,24/11/2008,62,train_Client_114203,11,0
101,13/3/2001,60,train_Client_114205,11,0
101,19/8/1980,60,train_Client_114206,11,0
107,6/6/2005,69,train_Client_114207,11,0
313,24/12/2013,63,train_Client_11421,11,0
312,19/10/1983,63,train_Client_114210,11,0
310,20/7/2016,62,train_Client_114211,11,0
311,28/3/2016,63,train_Client_114212,11,0
306,30/6/2006,63,train_Client_114213,11,0
101,20/9/1980,60,train_Client_114214,11,0
372,30/7/2015,63,train_Client_114216,11,0
103,11/8/2016,69,train_Client_114217,51,0
104,8/8/2012,69,train_Client_114219,11,0
104,20/10/1998,69,train_Client_11422,11,0
305,30/5/2016,62,train_Client_114221,11,0
101,20/12/1993,63,train_Client_114222,11,0
305,15/5/2006,62,train_Client_114223,11,0
310,18/2/2008,62,train_Client_114224,11,0
311,6/9/2014,63,train_Client_114225,11,0
101,8/12/1987,60,train_Client_114226,11,0
103,18/5/2009,69,train_Client_114228,11,0
101,15/9/1997,60,train_Client_114229,11,0
101,30/11/2000,60,train_Client_11423,11,0
313,12/4/2016,63,train_Client_114234,11,0
105,20/5/2005,69,train_Client_114235,11,0
307,22/2/2006,62,train_Client_114236,11,0
304,20/11/1996,62,train_Client_114237,11,0
101,28/2/2005,60,train_Client_114239,11,0
104,31/10/2002,69,train_Client_114240,11,0
107,15/5/2013,69,train_Client_114241,11,0
101,28/9/1995,60,train_Client_114244,11,0
101,26/6/2012,60,train_Client_114245,11,0
107,11/2/2014,69,train_Client_114246,11,0
101,16/4/2004,60,train_Client_114248,12,0
306,25/6/1991,63,train_Client_114249,11,0
313,29/12/2012,63,train_Client_114251,11,0
101,25/6/2007,60,train_Client_114252,11,0
371,24/11/1988,62,train_Client_114254,11,0
311,17/11/1999,63,train_Client_114255,11,0
107,25/10/2016,69,train_Client_114256,11,0
306,15/7/1985,63,train_Client_114257,11,0
101,26/3/2008,60,train_Client_114258,11,0
101,18/6/2003,60,train_Client_114259,11,0
312,23/9/2015,63,train_Client_11426,11,0
101,9/11/1994,60,train_Client_114261,11,0
310,26/12/1995,62,train_Client_114262,11,0
107,10/12/2015,69,train_Client_114263,11,0
101,14/2/2003,60,train_Client_114264,11,0
107,19/5/2009,69,train_Client_114265,11,0
312,18/5/2015,63,train_Client_114266,11,0
308,7/3/2013,63,train_Client_114267,11,0
104,19/8/2008,69,train_Client_114269,51,0
305,15/1/2018,62,train_Client_11427,11,0
306,29/8/2014,63,train_Client_114270,11,0
101,8/3/1983,60,train_Client_114271,11,0
104,2/3/2010,69,train_Client_114272,11,0
312,28/7/2015,63,train_Client_114273,11,0
103,16/4/2014,69,train_Client_114275,11,0
101,13/3/2008,60,train_Client_114276,11,0
101,19/12/2006,60,train_Client_114277,11,0
101,7/6/2006,60,train_Client_114278,11,0
312,31/3/2014,63,train_Client_114279,11,0
309,19/5/1998,62,train_Client_11428,11,0
101,22/10/1996,60,train_Client_114280,11,0
103,19/3/2013,69,train_Client_114281,11,0
101,11/11/1996,60,train_Client_114282,11,0
104,4/9/1992,69,train_Client_114283,11,0
304,29/4/2004,62,train_Client_114284,11,0
104,16/3/1994,69,train_Client_114285,11,0
101,1/10/2009,60,train_Client_114286,11,0
309,17/11/2004,62,train_Client_114287,11,0
302,7/11/1985,62,train_Client_114288,11,0
101,5/11/2002,60,train_Client_114289,11,0
310,30/3/2006,62,train_Client_11429,11,1
101,10/8/1987,60,train_Client_114291,11,0
301,16/5/1985,62,train_Client_114292,11,0
312,9/12/2015,63,train_Client_114293,11,0
303,26/7/2004,62,train_Client_114294,11,0
104,21/5/2002,69,train_Client_114297,11,0
103,4/10/2008,69,train_Client_114298,11,1
101,1/10/2002,60,train_Client_114299,11,0
107,31/5/2007,69,train_Client_114301,11,0
302,26/7/2004,62,train_Client_114302,11,0
104,15/4/1985,69,train_Client_114303,11,0
372,24/11/2017,63,train_Client_114308,11,0
312,21/12/2012,63,train_Client_11431,11,0
303,31/7/2017,62,train_Client_114310,11,0
104,29/9/2017,69,train_Client_114311,51,1
101,25/12/2005,60,train_Client_114314,11,0
104,28/3/2018,69,train_Client_114315,11,0
309,19/7/2007,62,train_Client_114317,11,0
103,23/11/2016,69,train_Client_114319,51,0
303,18/11/1983,62,train_Client_11432,11,0
302,18/8/2017,62,train_Client_114320,11,0
310,7/11/2015,62,train_Client_114321,11,0
304,10/9/2018,62,train_Client_114324,11,0
104,31/12/1982,69,train_Client_114327,11,0
107,2/7/2010,69,train_Client_114328,11,0
303,13/2/2006,62,train_Client_114329,11,1
309,28/5/2014,62,train_Client_11433,11,0
312,26/9/2006,63,train_Client_114331,11,0
312,16/4/2014,63,train_Client_114332,11,0
107,22/5/1982,69,train_Client_114333,11,0
101,8/11/1985,60,train_Client_114336,11,0
101,15/10/1991,60,train_Client_114338,11,0
104,26/1/1980,69,train_Client_114339,11,0
103,26/1/1980,69,train_Client_11434,11,0
101,17/6/1994,63,train_Client_114340,11,0
312,13/9/2000,63,train_Client_114341,11,0
101,30/5/1978,60,train_Client_114342,11,0
104,5/5/2014,69,train_Client_114344,11,0
309,23/3/2018,62,train_Client_114345,51,0
311,20/1/1993,63,train_Client_114346,11,0
107,20/5/2005,69,train_Client_114348,11,0
101,9/7/1999,60,train_Client_114349,11,0
104,24/11/1993,69,train_Client_11435,11,0
101,6/10/2010,60,train_Client_114352,11,0
302,23/3/1987,62,train_Client_114353,11,0
101,23/2/2007,60,train_Client_114356,11,0
101,2/8/2006,60,train_Client_114357,11,0
311,17/4/2012,63,train_Client_114361,11,0
306,26/9/1995,63,train_Client_114362,11,0
107,25/6/2016,69,train_Client_114363,11,0
313,16/12/1987,63,train_Client_114364,11,0
301,30/5/2014,62,train_Client_114365,11,0
303,23/11/2010,62,train_Client_114367,11,0
101,1/9/1982,60,train_Client_114368,11,0
311,13/6/1988,63,train_Client_114369,11,0
311,4/8/2011,63,train_Client_114370,11,0
101,11/9/2012,60,train_Client_114371,12,0
301,21/2/2017,62,train_Client_114372,11,0
104,23/6/2014,69,train_Client_114373,11,0
306,26/8/2009,63,train_Client_114374,11,0
311,27/11/1996,63,train_Client_114376,11,0
306,18/10/2000,63,train_Client_114377,11,0
101,3/6/2016,60,train_Client_114378,11,0
311,10/5/1991,63,train_Client_114379,11,0
105,9/6/2008,69,train_Client_114380,11,0
107,29/11/2011,69,train_Client_114381,11,0
101,3/6/2016,60,train_Client_114382,11,0
101,15/2/2012,60,train_Client_114386,11,0
310,3/10/2012,62,train_Client_114388,11,0
101,1/8/1983,60,train_Client_11439,11,0
301,19/9/2003,62,train_Client_114390,11,0
306,2/6/2012,63,train_Client_114391,11,0
107,17/2/2006,69,train_Client_114393,11,0
301,13/6/1994,62,train_Client_114396,11,0
310,28/4/2003,62,train_Client_114397,11,0
303,7/9/2009,62,train_Client_114398,11,0
306,7/10/2013,63,train_Client_114399,11,0
313,4/11/2015,63,train_Client_1144,11,0
311,1/12/2012,63,train_Client_114400,11,0
104,2/11/2017,69,train_Client_114401,11,0
302,8/9/1992,62,train_Client_114402,11,1
101,24/3/1980,60,train_Client_114403,11,0
304,21/12/1977,62,train_Client_114404,11,0
104,28/12/2015,69,train_Client_114405,11,0
302,30/4/2008,62,train_Client_114406,12,0
310,8/11/2010,62,train_Client_114407,11,0
311,9/6/1995,63,train_Client_114408,11,0
103,20/2/2010,69,train_Client_114409,11,0
101,7/5/1997,60,train_Client_11441,11,0
101,16/9/1994,60,train_Client_114412,11,0
312,12/11/2014,63,train_Client_114413,11,0
103,10/12/2010,69,train_Client_114414,11,0
301,21/10/2015,62,train_Client_114415,11,0
104,10/11/2018,69,train_Client_114417,11,0
101,7/9/2007,60,train_Client_114418,11,0
101,11/12/1992,60,train_Client_11442,11,0
305,5/7/2005,62,train_Client_114421,11,0
103,12/6/2014,69,train_Client_114422,11,1
104,19/5/2010,69,train_Client_114423,11,0
301,27/9/1999,62,train_Client_114424,11,0
103,27/3/2017,69,train_Client_114425,11,0
107,4/5/2016,69,train_Client_114426,11,0
307,12/7/2010,62,train_Client_114428,11,0
302,13/10/1980,62,train_Client_114429,11,0
301,12/12/2003,62,train_Client_11443,11,0
101,9/3/2012,60,train_Client_114430,11,0
306,24/6/2003,63,train_Client_114431,11,0
306,20/9/2011,63,train_Client_114432,11,0
101,29/6/1998,60,train_Client_114433,11,0
101,3/9/2016,60,train_Client_114434,11,0
301,16/10/2018,62,train_Client_114435,11,0
301,6/4/1982,62,train_Client_114436,11,0
306,13/9/1988,63,train_Client_114437,11,0
101,29/11/1977,60,train_Client_114439,11,0
104,14/4/2008,69,train_Client_114440,11,0
104,4/11/2013,69,train_Client_114441,11,0
306,11/1/2012,63,train_Client_114442,11,0
101,8/10/1984,60,train_Client_114443,11,0
303,20/11/2006,62,train_Client_114444,11,0
313,30/12/2006,63,train_Client_114445,11,1
101,31/12/1994,60,train_Client_114447,11,0
311,7/10/1998,63,train_Client_114448,11,0
104,9/6/2009,69,train_Client_11445,11,0
101,9/11/1982,60,train_Client_114451,11,0
107,2/8/2012,69,train_Client_114452,11,0
301,13/6/1994,62,train_Client_114453,11,0
379,18/7/2009,63,train_Client_114454,11,0
101,5/6/2007,60,train_Client_114455,11,0
301,16/6/1995,62,train_Client_114456,11,0
301,27/2/1986,62,train_Client_114459,11,0
311,28/5/2011,63,train_Client_114460,11,0
101,25/5/2017,60,train_Client_114461,11,0
311,22/9/2015,63,train_Client_114462,11,0
101,16/10/2000,60,train_Client_114463,11,0
103,29/11/2016,69,train_Client_114464,51,0
105,6/4/2016,69,train_Client_114465,11,0
306,4/2/2017,63,train_Client_114467,11,0
306,24/3/2003,63,train_Client_114468,11,0
309,1/6/2011,62,train_Client_114469,11,0
101,17/5/2012,60,train_Client_114470,11,0
104,12/5/1998,69,train_Client_114471,11,0
307,27/1/2018,62,train_Client_114472,11,0
301,6/3/1998,62,train_Client_114474,12,0
101,19/10/2007,60,train_Client_114476,11,0
101,18/10/2001,60,train_Client_114477,11,0
101,11/3/2009,60,train_Client_114478,11,0
305,21/10/1999,62,train_Client_114479,11,0
107,8/9/2011,69,train_Client_11448,11,1
101,25/8/2012,60,train_Client_114480,11,0
303,12/11/2013,62,train_Client_114482,11,0
303,6/10/2012,62,train_Client_114483,11,0
107,12/7/2011,69,train_Client_114484,11,0
304,20/5/2005,62,train_Client_114485,11,0
310,26/12/1986,62,train_Client_114486,11,0
104,22/3/2016,69,train_Client_114488,11,0
101,12/4/2010,60,train_Client_114489,11,0
313,21/5/2016,63,train_Client_11449,11,0
101,15/9/1983,60,train_Client_114490,11,0
301,12/3/2007,62,train_Client_114491,11,0
309,30/9/1983,62,train_Client_114492,11,0
104,5/12/2013,69,train_Client_114493,11,0
302,25/2/1977,62,train_Client_114494,11,0
313,17/6/2014,63,train_Client_114495,11,0
301,27/10/2000,62,train_Client_114496,11,0
307,29/11/2002,62,train_Client_114497,11,0
103,2/4/2013,69,train_Client_11450,11,0
101,26/12/2007,60,train_Client_114501,11,0
101,13/12/2006,60,train_Client_114502,11,0
101,25/12/1984,60,train_Client_114503,11,0
104,8/3/2002,69,train_Client_114505,11,0
107,25/9/1991,69,train_Client_114506,11,0
101,14/2/2018,60,train_Client_114507,11,0
371,30/11/1990,62,train_Client_114509,11,0
101,2/12/1998,60,train_Client_11451,11,0
310,21/4/2015,62,train_Client_114510,11,0
306,19/12/2015,63,train_Client_114511,11,0
104,12/11/1979,69,train_Client_114512,11,0
101,22/3/2010,60,train_Client_114513,11,0
101,5/5/2011,60,train_Client_114514,11,0
101,10/9/2013,60,train_Client_114515,11,0
371,23/11/1988,62,train_Client_114516,11,0
101,19/3/1984,60,train_Client_114517,11,0
101,18/8/2015,60,train_Client_114518,11,0
103,10/9/1981,69,train_Client_114519,11,0
101,27/5/1980,60,train_Client_114520,11,0
101,19/5/2004,60,train_Client_114522,11,0
303,4/9/2007,62,train_Client_114524,11,0
304,24/10/2009,62,train_Client_114526,11,0
104,30/8/1995,69,train_Client_114527,11,0
311,4/3/1998,63,train_Client_114528,11,1
371,1/3/2010,62,train_Client_114529,11,0
101,10/10/2008,60,train_Client_114530,12,0
104,3/3/2010,69,train_Client_114532,11,0
307,6/8/2013,62,train_Client_114533,11,0
107,25/5/2013,69,train_Client_114535,11,0
107,31/3/1999,69,train_Client_114536,11,1
301,20/12/2012,62,train_Client_114538,11,0
306,25/5/1993,63,train_Client_114539,11,0
310,15/9/2018,62,train_Client_11454,11,0
101,30/5/2008,60,train_Client_114540,11,0
107,18/11/2010,69,train_Client_114541,11,0
309,6/5/2014,62,train_Client_114542,11,1
101,29/12/1993,60,train_Client_114543,12,0
311,25/5/2010,63,train_Client_114545,11,1
301,12/7/2016,62,train_Client_114549,11,0
371,22/10/2010,62,train_Client_114550,11,0
101,10/11/1987,60,train_Client_114552,11,0
105,11/4/1996,69,train_Client_114553,11,0
101,6/10/1999,60,train_Client_114555,11,0
309,26/12/1993,62,train_Client_114558,11,0
312,19/3/2018,63,train_Client_11456,11,0
101,15/3/2013,60,train_Client_114560,11,0
104,3/9/2014,69,train_Client_114561,11,0
301,27/2/2008,62,train_Client_114562,11,0
301,28/1/1986,62,train_Client_114563,11,0
104,27/12/1980,69,train_Client_114565,11,0
101,29/12/2012,60,train_Client_114566,11,0
312,6/9/2007,63,train_Client_114568,11,0
307,10/4/2001,62,train_Client_114569,11,1
101,16/6/1979,60,train_Client_114571,11,0
304,4/8/1978,62,train_Client_114573,11,0
103,19/10/1982,69,train_Client_114575,11,0
305,4/7/1978,62,train_Client_114578,11,0
304,13/4/2017,62,train_Client_114579,11,0
310,17/1/2002,62,train_Client_114581,11,0
311,29/12/2012,63,train_Client_114584,11,0
101,16/7/1990,60,train_Client_114585,11,0
104,5/8/2009,69,train_Client_114586,11,0
107,29/11/2011,69,train_Client_114589,11,0
107,6/7/2015,69,train_Client_114591,11,0
101,27/9/2010,60,train_Client_114592,11,0
305,10/4/2012,62,train_Client_114594,11,0
104,2/11/1987,69,train_Client_114595,11,0
310,26/10/2013,62,train_Client_114596,11,0
101,6/2/1989,60,train_Client_1146,11,0
301,31/3/2000,62,train_Client_11460,11,0
107,6/6/2005,69,train_Client_114600,11,0
101,23/3/1981,60,train_Client_114601,11,0
304,27/8/2004,62,train_Client_114602,11,0
305,25/5/1982,62,train_Client_114605,11,0
101,13/2/2002,60,train_Client_114606,11,0
104,28/6/2001,69,train_Client_114607,11,0
307,12/3/2014,62,train_Client_114608,11,0
101,8/10/2012,60,train_Client_114609,11,0
301,5/10/1982,62,train_Client_11461,12,0
101,4/2/2011,60,train_Client_114612,11,0
103,16/3/1994,69,train_Client_114613,11,0
309,20/8/1985,62,train_Client_114614,11,0
101,11/5/1978,60,train_Client_114616,11,0
371,5/7/2014,62,train_Client_114617,11,0
311,23/8/2000,63,train_Client_114618,11,0
101,17/3/1995,60,train_Client_114619,11,0
301,14/10/2014,62,train_Client_11462,11,0
104,27/10/1980,69,train_Client_114620,12,0
103,28/5/2012,69,train_Client_114621,11,0
101,10/2/1977,60,train_Client_114622,11,0
104,22/10/2011,69,train_Client_114623,11,0
306,29/6/2001,63,train_Client_114624,11,0
103,29/11/2011,69,train_Client_114625,11,1
101,8/6/2001,60,train_Client_114627,11,0
105,9/6/1987,69,train_Client_114628,11,0
101,9/5/2014,63,train_Client_114629,11,0
101,7/12/2011,60,train_Client_11463,11,0
371,12/10/2015,62,train_Client_114630,11,0
107,7/1/2014,69,train_Client_114631,11,1
305,7/6/1990,62,train_Client_114632,11,0
104,28/9/2017,69,train_Client_114633,11,0
101,15/5/2003,60,train_Client_114635,11,0
302,31/12/1993,62,train_Client_114636,11,0
312,19/2/1993,63,train_Client_114637,11,0
107,26/12/2002,69,train_Client_114639,11,1
107,11/3/2014,69,train_Client_11464,11,0
306,8/2/2006,63,train_Client_114640,11,0
307,8/3/2012,62,train_Client_114641,11,0
107,11/5/2017,69,train_Client_114642,11,0
107,4/4/1991,69,train_Client_114643,11,0
101,6/9/2012,60,train_Client_114644,11,0
101,31/12/1979,60,train_Client_114645,11,0
303,27/1/2010,62,train_Client_114646,11,0
104,6/1/2014,69,train_Client_114647,11,0
101,27/12/2004,60,train_Client_114648,12,0
101,28/4/2003,60,train_Client_11465,12,0
306,31/7/1985,63,train_Client_114650,11,0
101,19/8/2007,60,train_Client_114651,11,0
101,29/9/1977,60,train_Client_114652,11,0
310,17/5/2016,62,train_Client_114654,11,0
302,30/6/2004,62,train_Client_114655,11,0
101,27/12/2002,60,train_Client_114658,11,0
311,23/11/2011,63,train_Client_114659,11,0
311,28/3/2002,63,train_Client_11466,11,0
104,23/4/2011,69,train_Client_114660,11,0
306,27/10/2010,63,train_Client_114662,11,0
304,3/2/2014,62,train_Client_114663,11,0
103,18/6/2014,69,train_Client_114666,11,0
301,10/2/2018,62,train_Client_114667,11,0
101,16/5/2012,60,train_Client_114668,11,0
305,31/12/1994,62,train_Client_114669,12,0
313,27/7/2010,63,train_Client_11467,11,0
372,26/9/2009,63,train_Client_114670,11,0
311,31/5/1994,63,train_Client_114672,11,0
103,5/6/2010,69,train_Client_114674,11,0
302,28/1/2014,62,train_Client_114677,12,0
103,13/3/2007,69,train_Client_114679,11,0
101,19/8/1980,60,train_Client_11468,11,0
301,7/11/2012,62,train_Client_114682,11,0
312,27/3/1990,63,train_Client_114683,11,0
103,3/10/1979,69,train_Client_114684,11,0
310,24/9/2014,62,train_Client_114689,11,0
103,25/4/2011,69,train_Client_11469,11,1
101,17/12/1982,60,train_Client_114690,11,0
101,14/8/2010,60,train_Client_114695,11,0
307,18/9/1987,62,train_Client_114696,11,0
101,30/12/1985,60,train_Client_114697,11,0
305,26/1/2009,62,train_Client_114698,11,0
311,9/2/2015,63,train_Client_114699,11,0
103,12/3/2015,69,train_Client_11470,11,0
103,13/11/2003,69,train_Client_114700,11,0
101,5/4/2016,60,train_Client_114701,11,0
107,30/11/1982,69,train_Client_114702,11,0
311,31/5/2000,63,train_Client_114703,11,0
104,16/11/2011,69,train_Client_114704,11,0
101,25/3/1999,60,train_Client_114705,11,0
104,27/5/2013,69,train_Client_114706,11,0
101,22/10/1977,60,train_Client_114707,11,0
311,11/12/1998,63,train_Client_114708,11,0
107,25/9/2010,69,train_Client_114709,11,0
107,3/12/2014,69,train_Client_114711,11,0
107,22/4/2014,69,train_Client_114714,11,0
311,14/10/2010,63,train_Client_114715,11,0
101,22/11/2006,60,train_Client_114718,11,0
106,31/3/1987,69,train_Client_114719,11,0
101,19/5/1987,60,train_Client_114720,11,0
104,17/12/2009,69,train_Client_114721,11,0
107,9/5/2000,69,train_Client_114722,11,1
101,25/10/1996,60,train_Client_114723,11,0
101,16/4/2007,60,train_Client_114725,11,0
104,2/10/2001,69,train_Client_114728,11,1
311,30/10/2013,63,train_Client_114730,11,0
101,30/5/2017,60,train_Client_114732,12,0
310,4/9/1997,62,train_Client_114734,11,0
303,28/4/2008,62,train_Client_114735,11,0
371,26/6/1991,62,train_Client_114737,11,0
310,29/5/2010,62,train_Client_114739,11,0
372,29/12/2000,63,train_Client_11474,11,1
399,18/10/2014,63,train_Client_114741,11,0
101,1/8/2014,60,train_Client_114744,12,0
107,19/11/2015,69,train_Client_114745,11,0
310,12/7/2010,62,train_Client_114746,11,0
312,20/8/2010,63,train_Client_114747,11,0
304,11/5/2012,62,train_Client_114748,11,0
311,25/9/1992,63,train_Client_114749,11,0
101,29/11/2007,60,train_Client_114750,11,0
107,2/2/2007,69,train_Client_114752,11,0
103,15/12/2016,69,train_Client_114753,11,0
301,16/12/1986,62,train_Client_114754,11,0
303,16/1/2013,62,train_Client_114755,11,0
101,26/11/2010,60,train_Client_114756,11,0
304,13/10/1980,62,train_Client_114757,11,0
101,27/12/1996,60,train_Client_114759,11,0
107,4/4/2012,69,train_Client_11476,11,0
103,5/6/2010,69,train_Client_114761,11,0
302,21/2/2013,62,train_Client_114762,11,0
104,18/8/1999,69,train_Client_114764,11,0
301,29/5/2015,62,train_Client_114765,11,0
311,19/5/2017,63,train_Client_114766,11,0
303,20/8/2015,62,train_Client_114768,11,0
101,30/5/1989,60,train_Client_114769,11,0
104,23/10/2008,69,train_Client_11477,11,0
310,21/4/2016,62,train_Client_114772,11,0
312,16/12/2008,63,train_Client_114773,11,0
101,12/11/1979,60,train_Client_114774,11,0
310,31/3/2000,62,train_Client_114775,11,0
306,11/7/1991,63,train_Client_114776,11,0
302,18/12/1985,62,train_Client_114777,11,0
101,19/10/2005,60,train_Client_114778,11,0
312,20/5/2011,63,train_Client_114779,11,0
304,19/7/2011,62,train_Client_11478,11,0
313,22/4/2015,63,train_Client_114780,11,0
371,22/10/1991,62,train_Client_114781,11,0
101,24/2/2010,63,train_Client_114782,11,1
312,14/6/2014,63,train_Client_114783,11,0
107,21/6/1990,69,train_Client_114784,11,0
107,29/11/2011,69,train_Client_114786,11,0
311,26/2/2018,63,train_Client_114787,11,0
101,22/3/2000,60,train_Client_114788,11,0
303,3/10/1991,62,train_Client_114789,11,0
101,5/11/2015,60,train_Client_11479,11,0
101,12/7/2006,60,train_Client_114790,11,0
104,11/3/2003,69,train_Client_114791,11,0
301,19/6/2012,62,train_Client_114794,11,0
101,21/9/2006,60,train_Client_114795,11,0
313,26/6/2018,63,train_Client_114798,11,0
311,29/2/2000,63,train_Client_114799,11,0
311,29/12/1986,63,train_Client_1148,12,0
312,4/11/2017,63,train_Client_11480,11,0
309,17/10/2015,62,train_Client_114801,11,0
399,14/12/1988,63,train_Client_114802,11,0
310,14/10/1982,62,train_Client_114804,11,0
104,25/5/1981,69,train_Client_114805,11,0
311,11/10/2011,63,train_Client_114806,11,0
101,7/10/2008,60,train_Client_114809,11,0
311,27/2/2009,63,train_Client_11481,11,0
101,28/5/2012,60,train_Client_114811,11,0
103,4/12/2014,69,train_Client_114813,11,0
101,30/8/2017,60,train_Client_114814,11,0
301,5/11/2014,62,train_Client_114815,11,0
307,19/11/2012,62,train_Client_114816,11,0
301,24/10/2003,62,train_Client_114817,11,0
311,16/3/2017,63,train_Client_114818,11,0
311,31/12/1993,63,train_Client_114819,11,0
107,7/9/2011,69,train_Client_11482,11,0
101,31/3/2011,60,train_Client_114820,11,0
301,26/2/2016,62,train_Client_114822,11,0
301,9/1/1985,62,train_Client_114823,11,0
107,21/11/1981,69,train_Client_114824,11,0
306,13/12/2011,63,train_Client_114827,11,0
302,16/2/2011,62,train_Client_114828,11,0
307,26/1/2017,62,train_Client_114829,11,0
101,11/3/1999,60,train_Client_114831,11,0
101,27/5/2010,60,train_Client_114834,11,0
305,24/3/1989,62,train_Client_114835,11,0
301,10/10/2003,62,train_Client_114836,11,0
107,29/9/1999,69,train_Client_114837,11,0
301,11/3/2013,62,train_Client_114838,11,0
309,16/11/2001,62,train_Client_114839,11,0
101,15/9/2009,60,train_Client_11484,11,0
305,6/6/2011,62,train_Client_114840,11,0
107,7/10/1992,69,train_Client_114843,11,0
310,26/6/1992,62,train_Client_114844,11,0
301,6/3/2014,62,train_Client_114846,11,0
101,1/3/2008,60,train_Client_114847,11,0
104,5/4/1978,69,train_Client_114849,11,0
303,28/9/2016,62,train_Client_11485,11,0
307,23/3/1999,62,train_Client_114850,11,0
103,27/12/2011,69,train_Client_114851,11,0
301,30/5/2005,62,train_Client_114852,11,0
306,18/1/1993,63,train_Client_114853,11,0
311,8/9/2018,63,train_Client_114854,11,0
101,29/7/2010,60,train_Client_114855,11,0
101,11/2/1982,60,train_Client_114856,11,0
107,24/8/2012,69,train_Client_114857,11,0
103,9/11/2013,69,train_Client_114858,11,1
301,8/11/2011,62,train_Client_114859,11,0
101,9/6/2011,60,train_Client_11486,51,0
105,19/10/1982,69,train_Client_114860,11,1
301,17/12/1992,62,train_Client_114864,11,0
101,30/11/1990,63,train_Client_114865,11,0
101,11/6/2012,60,train_Client_114867,11,0
103,4/12/2012,69,train_Client_114868,11,0
307,24/9/1999,62,train_Client_114869,11,0
305,15/12/1989,62,train_Client_11487,11,1
107,6/5/2011,69,train_Client_114870,11,0
305,31/7/1982,62,train_Client_114871,11,0
301,28/1/1983,62,train_Client_114872,11,0
103,20/10/2010,69,train_Client_114875,11,0
107,31/5/1989,69,train_Client_114876,11,0
303,28/12/1989,62,train_Client_114877,11,0
301,16/9/1986,62,train_Client_114879,11,0
104,19/10/1982,69,train_Client_114880,11,0
107,8/12/2010,69,train_Client_114881,11,1
101,8/5/1984,60,train_Client_114883,11,0
313,25/9/1992,63,train_Client_114884,11,0
104,28/8/2015,69,train_Client_114887,11,0
101,26/4/2013,60,train_Client_114888,11,0
104,23/2/2001,69,train_Client_114893,11,0
103,28/12/1994,69,train_Client_114894,11,0
312,30/10/2015,63,train_Client_114895,11,0
101,20/11/1998,60,train_Client_114897,11,0
101,24/3/2005,60,train_Client_114898,11,0
105,30/10/1995,69,train_Client_114899,11,0
104,22/2/2018,69,train_Client_1149,11,0
107,15/5/2013,69,train_Client_11490,11,0
101,25/11/2009,60,train_Client_114900,11,0
305,25/12/1987,62,train_Client_114901,11,0
101,25/12/2005,60,train_Client_114902,11,0
301,30/9/2002,62,train_Client_114903,11,0
101,1/12/1980,60,train_Client_114905,11,0
101,22/10/1981,60,train_Client_114906,11,0
304,9/10/1985,62,train_Client_114909,11,0
101,2/5/2001,60,train_Client_11491,11,0
311,19/12/1996,63,train_Client_114910,11,0
107,31/8/1989,69,train_Client_114911,11,0
104,31/3/2014,69,train_Client_114912,11,0
101,12/11/1984,60,train_Client_114914,11,0
103,12/12/2015,69,train_Client_114915,11,0
101,2/6/1998,60,train_Client_114916,11,0
310,13/6/2005,62,train_Client_114917,11,0
104,10/8/1978,69,train_Client_114918,11,1
311,13/9/1988,63,train_Client_11492,11,1
311,4/2/2013,63,train_Client_114920,11,0
104,5/8/2009,69,train_Client_114921,11,0
306,27/6/2005,63,train_Client_114925,11,0
309,4/4/2014,62,train_Client_114926,11,0
103,29/8/2009,69,train_Client_114927,11,0
101,11/11/1980,60,train_Client_114928,11,0
107,22/3/2010,69,train_Client_114929,11,0
310,20/11/2000,62,train_Client_11493,11,0
101,28/12/1989,60,train_Client_114930,11,0
101,8/2/2006,63,train_Client_114931,11,0
371,18/6/2016,62,train_Client_114934,11,0
101,1/3/1993,60,train_Client_114937,11,0
101,2/3/2010,60,train_Client_114938,11,0
311,20/1/1993,63,train_Client_114939,11,0
101,10/8/2010,60,train_Client_11494,11,0
101,3/12/2009,60,train_Client_114941,12,0
101,20/2/1998,60,train_Client_114942,11,0
311,22/11/2007,63,train_Client_114943,11,0
307,9/6/2011,62,train_Client_114944,11,1
101,29/4/1994,63,train_Client_114946,11,0
306,22/4/1977,63,train_Client_114949,11,0
311,17/5/2014,63,train_Client_11495,11,0
103,6/2/2007,69,train_Client_114951,11,0
101,23/9/1999,60,train_Client_114953,11,0
103,17/2/2006,69,train_Client_114955,11,0
307,2/12/2010,62,train_Client_114956,11,0
103,29/4/2014,69,train_Client_114958,11,0
306,15/11/2013,63,train_Client_114959,11,0
302,30/12/1994,62,train_Client_11496,11,0
107,19/11/2013,69,train_Client_114960,11,0
101,24/4/1997,60,train_Client_114963,11,0
104,7/10/1992,69,train_Client_114965,11,0
310,26/12/1995,62,train_Client_114966,11,0
104,13/12/2006,69,train_Client_114967,12,0
310,12/4/2016,62,train_Client_114968,11,0
304,20/9/2010,62,train_Client_114969,11,0
101,3/9/1997,60,train_Client_11497,11,0
301,25/1/1983,62,train_Client_114971,11,0
301,29/11/2017,62,train_Client_114972,11,0
101,18/4/2015,60,train_Client_114973,11,0
310,31/12/1997,62,train_Client_114974,11,0
101,17/1/2007,60,train_Client_114977,11,0
301,12/6/1982,62,train_Client_114978,11,0
302,21/9/2001,62,train_Client_11498,11,0
311,17/12/2013,63,train_Client_114981,11,0
101,20/4/2016,60,train_Client_114982,11,0
104,7/9/2006,69,train_Client_114983,11,0
309,18/5/2013,62,train_Client_114986,11,0
104,24/3/2008,69,train_Client_114988,11,0
309,16/10/2014,62,train_Client_114989,11,0
107,10/6/2008,69,train_Client_11499,11,0
101,22/11/2006,60,train_Client_114990,11,0
307,2/5/2017,62,train_Client_114991,11,0
101,1/11/1982,60,train_Client_114992,11,0
379,3/1/2007,63,train_Client_114993,11,0
311,31/12/2014,63,train_Client_114995,11,0
310,8/5/2007,62,train_Client_114997,11,0
311,19/5/1993,63,train_Client_114999,11,0
107,30/1/2014,69,train_Client_1150,11,0
307,8/12/1977,62,train_Client_115000,11,0
104,5/4/2002,69,train_Client_115001,11,0
303,1/12/2015,62,train_Client_115002,11,0
301,12/12/1991,62,train_Client_115003,11,0
104,19/7/2013,69,train_Client_115004,11,0
101,13/12/1982,60,train_Client_115007,11,0
101,5/6/2009,60,train_Client_115008,11,0
107,11/10/2002,69,train_Client_115009,11,0
301,20/8/2004,62,train_Client_11501,11,0
303,10/3/1989,62,train_Client_115010,11,0
104,6/12/2010,69,train_Client_115012,11,0
302,23/10/2008,62,train_Client_115013,11,0
107,24/7/2006,69,train_Client_115014,11,0
371,26/6/1991,62,train_Client_115017,11,0
107,10/5/1989,69,train_Client_115018,11,0
104,13/10/2008,69,train_Client_115019,11,0
379,2/12/2010,63,train_Client_11502,11,0
311,27/6/2018,63,train_Client_115021,11,0
107,21/11/2012,69,train_Client_115022,11,1
303,24/3/2011,62,train_Client_115023,11,0
306,16/12/1997,63,train_Client_115024,11,0
311,6/6/1995,63,train_Client_115025,11,0
101,13/3/1982,60,train_Client_115026,11,0
312,13/1/2009,63,train_Client_115027,11,0
101,8/1/2014,60,train_Client_115028,11,0
303,18/3/2016,62,train_Client_115029,11,0
306,18/5/2007,63,train_Client_11503,11,0
105,31/1/1983,69,train_Client_115031,11,0
104,31/12/2007,69,train_Client_115032,11,0
301,12/12/2003,62,train_Client_115033,11,0
101,24/11/2009,60,train_Client_115035,11,1
303,12/12/1983,62,train_Client_115037,11,0
306,20/5/2005,63,train_Client_115038,11,0
313,23/8/2007,63,train_Client_115039,11,0
103,5/11/2007,69,train_Client_11504,11,1
309,28/5/2002,62,train_Client_115040,11,0
101,11/10/1977,60,train_Client_115042,11,0
101,7/10/2008,60,train_Client_115043,11,0
310,11/4/2005,62,train_Client_115044,11,0
303,12/2/2018,62,train_Client_115046,11,0
107,30/9/1981,69,train_Client_115047,11,0
107,24/8/2012,69,train_Client_115049,11,0
101,13/4/2010,60,train_Client_11505,11,0
105,26/11/1977,69,train_Client_115050,11,0
103,15/12/2015,69,train_Client_115051,11,0
104,4/11/2003,69,train_Client_115052,11,0
101,27/11/2012,60,train_Client_115054,11,0
309,2/5/1997,62,train_Client_115055,11,0
301,22/3/1979,62,train_Client_115056,11,0
311,13/12/2011,63,train_Client_115057,11,0
301,13/2/2015,62,train_Client_115058,11,0
103,25/1/2007,69,train_Client_115059,12,0
101,28/9/2012,60,train_Client_115060,11,0
305,11/10/1977,62,train_Client_115061,11,0
101,6/9/2002,60,train_Client_115062,11,0
303,23/9/2014,62,train_Client_115063,11,0
107,15/1/2009,69,train_Client_115064,11,0
103,23/12/2015,69,train_Client_115065,11,0
307,7/11/2017,62,train_Client_115066,11,0
101,11/5/2010,60,train_Client_115067,11,0
104,4/11/2016,69,train_Client_115069,11,0
379,4/2/2016,63,train_Client_11507,11,0
103,3/1/2012,69,train_Client_115070,11,0
307,7/9/1998,62,train_Client_115071,11,0
302,18/6/2007,62,train_Client_115072,11,0
304,11/2/2010,62,train_Client_115073,11,0
371,24/4/2014,62,train_Client_115076,11,0
302,8/12/1994,62,train_Client_115078,11,0
311,26/12/1989,63,train_Client_115080,11,0
301,7/6/1983,62,train_Client_115081,11,0
101,31/8/2012,63,train_Client_115083,11,0
101,11/6/1993,60,train_Client_115084,11,0
302,6/6/2013,62,train_Client_115085,11,0
303,25/3/2002,62,train_Client_115086,11,0
105,31/1/2012,69,train_Client_115088,11,1
307,21/4/2008,62,train_Client_115089,11,0
371,19/2/2007,62,train_Client_11509,11,0
302,7/9/1977,62,train_Client_115090,11,0
310,30/9/1983,62,train_Client_115091,11,0
101,8/1/2018,60,train_Client_115093,11,0
103,25/5/1981,69,train_Client_115094,11,0
107,17/11/2012,69,train_Client_115095,11,0
104,17/2/2018,69,train_Client_115096,11,0
107,22/4/1980,69,train_Client_115097,11,0
104,28/11/1995,69,train_Client_115099,11,0
311,4/2/2016,63,train_Client_1151,11,0
311,3/9/2007,63,train_Client_11510,11,0
312,5/5/2008,63,train_Client_115100,11,0
101,30/6/1994,60,train_Client_115101,11,0
101,8/8/2010,60,train_Client_115102,11,0
104,3/9/2010,69,train_Client_115104,11,0
105,26/6/2000,69,train_Client_115105,11,0
101,21/5/1979,60,train_Client_115109,11,1
306,8/11/1995,63,train_Client_115110,11,0
302,25/12/1978,62,train_Client_115111,11,0
307,9/8/2016,62,train_Client_115113,11,0
372,2/10/1995,63,train_Client_115115,11,1
311,17/1/2013,63,train_Client_115116,11,0
302,30/1/2008,62,train_Client_115117,12,0
371,3/7/2008,62,train_Client_115120,11,0
301,4/2/2013,62,train_Client_115125,11,0
107,19/2/2010,69,train_Client_115127,11,0
101,23/1/2002,60,train_Client_115128,11,0
306,13/9/1988,63,train_Client_115129,11,0
104,13/9/1994,69,train_Client_11513,11,0
311,17/10/2012,63,train_Client_115132,11,0
101,7/3/2007,60,train_Client_115133,11,0
379,28/9/2012,63,train_Client_115135,11,0
104,10/12/2016,69,train_Client_115136,11,0
101,1/7/2015,60,train_Client_115137,11,0
303,28/10/2013,62,train_Client_115138,11,0
107,4/4/1991,69,train_Client_115139,11,0
306,2/10/2006,63,train_Client_11514,11,0
301,25/4/2018,62,train_Client_115140,11,0
302,25/1/2011,62,train_Client_115142,11,0
104,4/1/2014,69,train_Client_115143,11,0
103,18/11/2010,69,train_Client_115144,11,0
101,6/8/2010,60,train_Client_115145,11,0
101,21/5/2014,60,train_Client_115147,11,0
101,19/9/1979,60,train_Client_115150,11,0
107,6/10/2011,69,train_Client_115151,51,0
101,29/12/1998,60,train_Client_115152,11,0
103,13/1/1979,69,train_Client_115153,11,0
303,3/12/2011,62,train_Client_115154,11,0
303,17/3/1981,62,train_Client_115155,11,0
311,6/6/2018,63,train_Client_115156,11,0
301,27/9/1977,62,train_Client_115157,11,0
107,16/7/2013,69,train_Client_115158,11,0
101,26/6/1987,60,train_Client_115159,11,0
104,3/6/1988,69,train_Client_115160,11,0
101,30/11/2016,60,train_Client_115161,11,0
101,21/9/2011,60,train_Client_115162,11,0
104,8/12/2009,69,train_Client_115163,12,0
107,13/10/2012,69,train_Client_115165,11,0
104,3/3/2015,69,train_Client_115168,11,0
301,26/12/1995,62,train_Client_115169,11,0
107,5/11/2003,69,train_Client_11517,11,0
312,28/5/2018,63,train_Client_115170,11,0
311,3/12/2014,63,train_Client_115171,11,0
101,20/7/2000,60,train_Client_115172,11,0
103,17/9/2010,69,train_Client_115173,11,0
306,30/6/1995,63,train_Client_115175,11,0
302,8/4/2015,62,train_Client_115176,11,0
313,28/12/2011,63,train_Client_115177,11,0
104,19/10/1982,69,train_Client_11518,11,0
101,31/12/1987,60,train_Client_115180,11,0
107,29/1/2001,69,train_Client_115181,11,0
107,21/5/2003,69,train_Client_115182,11,0
107,31/12/1990,69,train_Client_115183,11,0
101,16/11/2018,60,train_Client_115184,51,0
301,4/3/2014,62,train_Client_115187,11,0
101,15/6/2010,60,train_Client_115189,11,0
309,7/11/2015,62,train_Client_11519,11,0
303,12/3/2014,62,train_Client_115190,11,0
101,11/12/1992,60,train_Client_115191,11,0
101,23/12/2015,60,train_Client_115192,12,0
312,21/12/1986,63,train_Client_115194,11,0
103,28/12/1987,69,train_Client_115195,11,0
311,28/8/1989,63,train_Client_115196,11,0
305,7/5/2014,62,train_Client_115197,11,0
101,15/5/1982,60,train_Client_115198,11,0
303,5/7/2017,62,train_Client_115199,11,0
101,25/12/2008,60,train_Client_1152,11,0
101,15/1/2010,60,train_Client_11520,12,0
101,21/11/1988,60,train_Client_115200,11,0
310,12/10/2005,62,train_Client_115201,12,0
311,22/12/1999,63,train_Client_115202,11,0
101,26/7/1994,60,train_Client_115203,11,0
306,4/2/2016,63,train_Client_115204,11,0
311,3/4/2012,63,train_Client_115205,11,0
107,6/4/2010,69,train_Client_115206,11,0
101,20/1/1989,60,train_Client_115207,11,0
103,18/6/2016,69,train_Client_115208,11,0
301,12/3/2012,62,train_Client_11521,11,0
104,24/4/2017,69,train_Client_115210,11,0
101,25/3/2008,60,train_Client_115211,11,0
104,11/7/2017,69,train_Client_115213,11,0
104,19/12/2011,69,train_Client_115216,11,0
101,11/11/2003,60,train_Client_115218,11,0
101,21/6/2002,63,train_Client_115219,11,0
311,14/6/2001,63,train_Client_11522,11,0
306,4/2/2016,63,train_Client_115220,11,0
101,10/12/2009,60,train_Client_115221,11,0
372,4/12/2007,63,train_Client_115222,11,1
310,29/11/1979,62,train_Client_115224,11,1
104,8/5/2001,69,train_Client_115225,11,0
101,6/2/2002,60,train_Client_115226,11,0
101,7/1/2013,60,train_Client_115227,11,0
107,24/4/2009,69,train_Client_115228,11,0
101,20/9/2005,60,train_Client_115229,11,0
305,13/10/2008,62,train_Client_115231,11,0
107,17/5/1980,69,train_Client_115233,11,0
101,6/4/2006,60,train_Client_115234,11,0
103,24/12/2012,69,train_Client_115237,11,0
310,19/9/2012,62,train_Client_115239,11,0
103,7/11/2017,69,train_Client_115241,11,0
107,20/11/2015,69,train_Client_115244,11,0
104,17/7/2006,69,train_Client_115245,11,0
103,11/10/2002,69,train_Client_115246,11,0
101,6/3/2007,60,train_Client_115247,11,0
101,24/1/2017,60,train_Client_115248,11,0
101,3/10/2016,60,train_Client_115250,11,0
101,9/2/2009,60,train_Client_115252,11,0
309,22/9/2010,62,train_Client_115253,11,0
301,9/1/2009,62,train_Client_115255,11,0
104,28/1/2013,69,train_Client_115256,11,0
313,29/12/1989,63,train_Client_115257,11,0
311,26/9/2016,63,train_Client_115258,11,0
302,26/12/2000,62,train_Client_115259,11,0
101,7/3/2011,60,train_Client_115261,11,0
310,27/12/2017,62,train_Client_115264,11,0
372,14/3/2013,63,train_Client_115265,11,0
101,27/5/1983,60,train_Client_115266,11,1
103,17/12/2012,69,train_Client_115268,11,0
101,22/12/2010,60,train_Client_115269,11,0
313,29/7/1992,63,train_Client_11527,11,0
302,25/2/1985,62,train_Client_115270,11,0
101,10/11/2015,60,train_Client_115271,11,0
303,10/4/2009,62,train_Client_115274,11,0
310,9/12/1996,62,train_Client_115275,11,0
101,7/5/1997,60,train_Client_115276,11,0
311,26/9/2016,63,train_Client_115277,11,0
312,24/1/2018,63,train_Client_115278,11,0
301,30/6/2003,62,train_Client_115279,11,0
104,5/2/2014,69,train_Client_115280,11,0
310,22/1/2014,62,train_Client_115282,11,0
302,17/11/2014,62,train_Client_115284,11,0
308,29/12/1982,63,train_Client_115285,11,0
303,11/3/2015,62,train_Client_115286,11,0
311,14/7/1983,63,train_Client_115287,11,0
101,31/12/2004,60,train_Client_115289,11,0
104,2/1/2008,69,train_Client_11529,12,0
107,9/2/1993,69,train_Client_115291,11,0
309,18/11/2014,62,train_Client_115292,51,1
304,27/9/1977,62,train_Client_115293,11,0
312,28/2/2006,63,train_Client_115295,11,0
104,11/10/2004,69,train_Client_115296,11,0
101,10/10/2008,60,train_Client_115297,11,0
107,18/7/2016,69,train_Client_115298,11,0
101,26/12/2006,60,train_Client_1153,11,0
313,24/9/2018,63,train_Client_11530,11,0
301,14/3/1977,62,train_Client_115300,11,0
371,8/8/1981,62,train_Client_115302,11,1
101,19/10/2007,60,train_Client_115303,11,0
310,9/7/2007,62,train_Client_115304,11,0
309,29/10/1993,62,train_Client_115305,11,1
306,15/11/2013,63,train_Client_115306,11,0
303,6/2/1980,62,train_Client_115307,11,0
312,23/5/2017,63,train_Client_115308,11,0
101,4/11/2010,60,train_Client_115309,11,0
306,5/6/2010,63,train_Client_11531,11,0
301,29/12/2010,62,train_Client_115310,11,0
305,5/9/2017,62,train_Client_115311,11,0
307,18/4/2013,62,train_Client_115313,51,1
303,29/10/2008,62,train_Client_115314,11,0
101,27/9/1991,60,train_Client_115316,11,0
311,30/9/2014,63,train_Client_115317,11,0
103,25/6/2008,69,train_Client_115318,11,0
101,21/5/2012,60,train_Client_11532,11,0
101,20/4/1984,60,train_Client_115320,11,0
311,27/11/2013,63,train_Client_115323,11,0
107,8/11/2018,69,train_Client_115324,11,0
307,19/9/2003,62,train_Client_115325,11,0
313,8/4/2016,63,train_Client_115326,12,1
311,11/12/1998,63,train_Client_115327,11,0
313,6/3/2012,63,train_Client_115328,11,0
310,11/6/2009,62,train_Client_11533,12,0
305,8/2/2012,62,train_Client_115330,11,1
307,1/1/1998,62,train_Client_115331,11,0
107,19/2/2010,69,train_Client_115332,11,0
103,25/5/2005,69,train_Client_115333,11,0
103,7/9/2011,69,train_Client_115334,11,0
101,21/6/1980,60,train_Client_115335,11,0
101,14/11/2003,60,train_Client_115336,11,0
309,24/5/2017,62,train_Client_11534,11,0
101,21/12/1977,60,train_Client_115341,11,0
311,13/10/1989,63,train_Client_115342,11,0
303,11/6/2001,62,train_Client_115343,12,0
304,23/10/1996,62,train_Client_115344,11,0
311,14/10/2017,63,train_Client_115346,11,0
104,5/6/2007,69,train_Client_115347,11,0
101,27/8/2002,60,train_Client_115348,11,0
101,18/10/2017,60,train_Client_115349,11,0
101,5/5/1995,60,train_Client_11535,11,0
301,13/10/1980,62,train_Client_115351,11,0
313,8/3/2016,63,train_Client_115352,11,0
311,28/9/2001,63,train_Client_115353,11,0
103,26/1/1980,69,train_Client_115355,11,0
105,9/9/2002,69,train_Client_115356,11,0
301,30/5/2014,62,train_Client_115358,11,0
312,21/12/2012,63,train_Client_115359,11,0
313,12/5/2015,63,train_Client_115360,11,0
302,9/10/2000,62,train_Client_115361,11,0
103,14/6/2006,69,train_Client_115362,11,0
101,14/8/2017,60,train_Client_115363,11,0
101,18/10/2016,60,train_Client_115364,11,0
104,19/11/2013,69,train_Client_115366,11,0
301,10/7/2009,62,train_Client_115367,11,0
104,31/12/2014,69,train_Client_11537,11,0
107,25/4/2009,69,train_Client_115370,11,0
312,19/12/1983,63,train_Client_115371,11,0
101,31/12/1990,60,train_Client_115373,11,0
103,3/5/2010,69,train_Client_115376,11,0
307,20/9/2010,62,train_Client_115377,11,0
304,1/2/2011,62,train_Client_115379,11,1
101,21/6/1980,60,train_Client_115383,11,0
309,27/2/2006,62,train_Client_115384,11,0
305,16/12/2014,62,train_Client_115385,11,0
107,27/6/2008,69,train_Client_115387,11,0
104,26/12/1997,69,train_Client_115388,11,0
103,14/12/2016,69,train_Client_115390,11,0
101,10/1/2010,60,train_Client_115391,11,0
104,23/6/2012,69,train_Client_115392,11,0
101,18/6/2003,60,train_Client_115393,11,1
312,14/10/1991,63,train_Client_115395,11,0
371,1/12/2011,62,train_Client_115396,11,0
101,26/12/2016,60,train_Client_115397,11,0
104,16/10/1990,69,train_Client_1154,11,0
306,1/6/2006,63,train_Client_115400,11,0
311,21/11/1990,63,train_Client_115402,11,0
104,17/8/2009,69,train_Client_115403,11,0
312,7/9/2016,63,train_Client_115404,11,0
101,12/7/1993,60,train_Client_115405,11,0
304,20/1/2016,62,train_Client_115406,11,0
301,21/4/1981,62,train_Client_115408,11,0
104,26/9/1997,69,train_Client_11541,11,0
306,17/6/2003,63,train_Client_115410,11,0
101,18/10/1988,60,train_Client_115412,11,0
101,19/7/2005,60,train_Client_115414,11,0
303,31/10/2007,62,train_Client_115415,11,0
101,24/10/2017,60,train_Client_115417,11,0
301,9/10/1998,62,train_Client_115419,11,0
107,4/12/1997,69,train_Client_11542,11,0
306,23/8/2017,63,train_Client_115420,11,0
306,14/12/1981,63,train_Client_115421,11,0
311,31/5/2011,63,train_Client_115422,11,0
312,13/10/2016,63,train_Client_115423,11,0
307,5/5/2012,62,train_Client_115428,11,0
310,2/2/1978,62,train_Client_115429,11,0
105,2/1/2012,69,train_Client_11543,11,0
311,31/12/2003,63,train_Client_115430,11,0
303,13/3/2001,62,train_Client_115431,11,0
107,17/9/2011,69,train_Client_115432,11,0
104,11/10/2004,69,train_Client_115433,11,0
311,28/10/1999,63,train_Client_115435,11,0
104,25/5/1981,69,train_Client_115439,11,0
310,13/4/2017,62,train_Client_115441,11,0
107,21/10/2016,69,train_Client_115443,11,0
101,14/8/1979,60,train_Client_115445,11,0
101,21/5/2012,60,train_Client_115446,11,0
301,5/3/2007,62,train_Client_115447,11,0
101,22/6/2004,60,train_Client_115448,11,0
101,31/3/1999,60,train_Client_115449,11,0
105,2/5/1985,69,train_Client_115450,11,0
301,30/12/2011,62,train_Client_115452,11,0
305,3/12/1982,62,train_Client_115453,11,0
303,8/8/1981,62,train_Client_115454,11,0
301,14/10/1982,62,train_Client_115455,11,0
101,27/3/2008,60,train_Client_115456,11,0
104,4/3/2013,69,train_Client_11546,11,0
309,17/10/1995,62,train_Client_115460,11,0
101,7/10/1988,60,train_Client_115461,11,0
104,16/5/2012,69,train_Client_115462,11,0
306,17/5/1991,63,train_Client_115463,11,0
101,20/1/2014,60,train_Client_115464,11,0
104,29/12/1979,69,train_Client_115465,11,0
309,9/9/2013,62,train_Client_115466,11,0
101,9/6/1987,60,train_Client_115467,11,0
309,22/8/1979,62,train_Client_115468,11,0
304,29/12/1993,62,train_Client_115470,11,0
103,11/7/2017,69,train_Client_115471,11,0
104,27/6/2014,69,train_Client_115476,11,0
103,23/4/2012,69,train_Client_115477,11,1
306,17/11/2015,63,train_Client_11548,11,0
101,25/12/1980,60,train_Client_115481,11,0
106,12/9/1988,69,train_Client_115482,11,0
311,8/3/2014,63,train_Client_115483,11,0
104,28/6/2001,69,train_Client_115484,11,0
103,10/11/2011,69,train_Client_115485,11,0
101,23/2/2007,60,train_Client_115486,11,0
104,30/11/2015,69,train_Client_115487,11,0
309,9/12/1987,62,train_Client_11549,11,0
104,25/4/2011,69,train_Client_115490,11,0
379,14/10/1994,63,train_Client_115491,11,0
206,15/12/2011,69,train_Client_115492,11,0
308,22/11/2010,63,train_Client_115494,11,0
103,3/9/2014,69,train_Client_115495,11,0
101,29/12/2010,60,train_Client_115497,11,0
101,20/9/2006,60,train_Client_115498,11,0
312,28/4/2017,63,train_Client_1155,11,0
305,29/8/2015,62,train_Client_11550,11,0
310,13/12/2004,62,train_Client_115501,11,0
304,10/6/2015,62,train_Client_115503,11,0
103,8/11/1994,69,train_Client_115505,11,0
311,19/8/1998,63,train_Client_115506,11,0
371,28/5/2002,62,train_Client_115508,11,0
311,18/6/2011,63,train_Client_115509,11,0
104,27/11/2014,69,train_Client_11551,11,1
304,28/10/1996,62,train_Client_115511,11,0
107,16/9/2003,69,train_Client_115512,11,0
104,5/3/2018,69,train_Client_115513,11,0
101,21/12/2016,60,train_Client_115514,11,0
304,27/12/2011,62,train_Client_115517,11,0
107,17/9/2011,69,train_Client_115518,11,0
311,4/4/2012,63,train_Client_115519,11,0
103,16/4/2013,69,train_Client_11552,11,0
306,27/3/1990,63,train_Client_115520,11,0
107,31/5/2007,69,train_Client_115521,11,0
101,30/1/2009,60,train_Client_115524,11,0
311,12/10/2009,63,train_Client_115525,11,0
311,25/10/2013,63,train_Client_115526,11,0
101,27/9/1991,60,train_Client_115527,11,0
101,26/12/2001,60,train_Client_115528,11,0
303,7/2/2013,62,train_Client_115529,11,0
104,28/8/2015,69,train_Client_11553,11,0
309,31/12/1996,62,train_Client_115533,11,0
372,25/5/2010,63,train_Client_115534,11,0
301,30/8/2017,62,train_Client_115535,11,0
103,19/5/2006,69,train_Client_115537,11,0
311,25/3/2010,63,train_Client_115538,11,0
301,17/9/2007,62,train_Client_115539,11,0
104,15/12/1997,69,train_Client_11554,11,0
104,23/6/2014,69,train_Client_115540,11,0
302,14/2/2011,62,train_Client_115541,11,0
101,20/11/2006,63,train_Client_115542,11,0
101,28/2/2013,60,train_Client_115543,11,0
306,24/7/2008,63,train_Client_115544,11,0
107,17/12/2014,69,train_Client_115545,11,0
302,4/9/2013,62,train_Client_115547,11,0
101,9/8/2011,60,train_Client_115550,11,0
311,7/1/2009,63,train_Client_115551,11,0
104,19/9/1995,69,train_Client_115552,11,1
310,20/1/2014,62,train_Client_115553,11,0
107,29/7/2008,69,train_Client_115554,11,0
101,3/12/1979,60,train_Client_115555,11,0
103,17/1/2014,69,train_Client_115558,11,0
303,18/7/2014,62,train_Client_115560,11,0
103,16/4/1996,69,train_Client_115561,11,0
306,21/10/2003,63,train_Client_115562,11,0
303,21/9/1992,62,train_Client_115564,11,0
371,29/11/2011,62,train_Client_115566,11,0
104,13/12/1985,69,train_Client_115569,11,0
305,27/12/2007,62,train_Client_11557,11,0
301,29/11/2011,62,train_Client_115570,11,0
107,15/1/2016,69,train_Client_115572,11,0
101,29/12/2011,60,train_Client_115573,11,0
309,21/1/2002,62,train_Client_115574,11,0
312,20/7/2017,63,train_Client_115575,11,0
301,1/2/2017,62,train_Client_115577,11,0
101,24/11/2014,60,train_Client_115578,11,0
312,26/5/1987,63,train_Client_115579,11,0
306,29/6/2001,63,train_Client_11558,11,0
301,8/1/1985,62,train_Client_115580,11,0
303,19/11/2002,62,train_Client_115581,11,0
303,29/8/1983,62,train_Client_115582,11,0
306,19/8/2003,63,train_Client_115583,11,0
311,31/10/2003,63,train_Client_115585,11,0
101,8/10/1980,60,train_Client_115586,11,0
103,17/11/2008,69,train_Client_115587,11,1
206,21/10/2011,69,train_Client_115588,11,1
301,8/4/2010,62,train_Client_115589,11,0
302,31/3/2003,62,train_Client_11559,11,0
312,18/12/2008,63,train_Client_115590,11,0
307,19/11/1984,62,train_Client_115592,11,0
311,15/1/2015,63,train_Client_115593,11,0
307,10/12/1985,62,train_Client_115594,11,0
107,10/6/2011,69,train_Client_115595,11,0
311,29/11/2001,63,train_Client_115596,11,0
104,10/9/2012,69,train_Client_115597,11,0
104,12/5/1998,69,train_Client_115598,11,0
379,23/11/2013,63,train_Client_115599,11,0
101,30/9/2003,60,train_Client_115601,11,0
101,19/5/2012,60,train_Client_115602,11,0
107,15/7/2017,69,train_Client_115603,11,0
306,21/11/2016,63,train_Client_115604,11,0
104,23/2/2013,69,train_Client_115605,11,1
105,2/8/1993,69,train_Client_115606,11,0
310,27/4/2017,62,train_Client_115607,11,0
101,17/8/1984,60,train_Client_115608,11,0
101,12/9/2017,60,train_Client_115609,11,0
301,9/2/2007,62,train_Client_115610,11,0
306,1/4/2017,63,train_Client_115611,11,0
371,8/6/1994,62,train_Client_115612,11,0
308,23/11/2006,63,train_Client_115613,11,0
301,3/12/2014,62,train_Client_115614,11,0
103,12/11/2013,69,train_Client_115615,11,0
101,8/4/1981,60,train_Client_115616,11,0
101,17/2/1986,60,train_Client_115618,11,0
306,31/7/1985,63,train_Client_115619,11,0
371,30/12/2004,62,train_Client_11562,11,0
103,28/5/2012,69,train_Client_115620,11,0
104,12/10/1998,69,train_Client_115622,11,0
107,12/11/2013,69,train_Client_115624,11,1
311,29/8/2016,63,train_Client_115626,11,0
103,30/9/2011,69,train_Client_115627,11,0
311,23/9/2013,63,train_Client_115628,11,0
313,14/12/2000,63,train_Client_115629,11,0
371,12/10/2004,62,train_Client_11563,11,0
101,29/5/2015,60,train_Client_115630,11,0
101,26/9/2006,60,train_Client_115631,11,0
303,11/2/2008,62,train_Client_115632,11,0
311,29/12/2000,63,train_Client_115634,11,0
303,21/4/2012,62,train_Client_115635,11,0
307,13/10/2014,62,train_Client_115636,11,0
101,17/4/2018,60,train_Client_115637,11,0
101,23/12/1999,60,train_Client_115638,11,0
101,24/7/1995,60,train_Client_115639,11,0
103,6/3/2013,69,train_Client_115640,11,0
101,10/11/1987,60,train_Client_115641,11,0
101,6/1/2010,60,train_Client_115643,11,0
306,7/6/1995,63,train_Client_115644,11,0
101,24/7/2009,60,train_Client_115646,11,0
303,10/4/2009,62,train_Client_115648,11,0
101,2/3/2010,60,train_Client_11565,11,0
311,9/2/2015,63,train_Client_115650,11,0
310,20/12/2016,62,train_Client_115651,11,0
101,19/5/1987,60,train_Client_115652,11,0
101,28/2/1978,60,train_Client_115654,11,0
104,3/3/2015,69,train_Client_115655,11,0
311,6/11/2013,63,train_Client_115656,11,0
307,13/11/2012,62,train_Client_115657,11,0
301,30/3/1984,62,train_Client_115658,11,0
310,29/12/2012,62,train_Client_115659,11,0
103,28/2/1995,69,train_Client_11566,11,0
310,3/11/2007,62,train_Client_115661,11,0
101,6/9/1988,63,train_Client_115662,11,0
101,8/4/2015,60,train_Client_115664,11,0
101,8/5/1984,60,train_Client_115665,11,0
309,7/9/1998,62,train_Client_115668,11,0
101,22/5/2012,60,train_Client_11567,11,0
306,4/2/2016,63,train_Client_115670,11,0
101,3/12/2013,63,train_Client_115671,11,0
101,13/12/1991,60,train_Client_115672,11,0
107,19/7/2004,69,train_Client_115673,11,0
303,24/3/2009,62,train_Client_115675,11,0
101,27/12/2004,60,train_Client_115677,11,0
305,31/10/2006,62,train_Client_115678,11,0
103,23/8/1985,69,train_Client_115679,11,0
103,30/9/2011,69,train_Client_11568,11,0
302,20/11/2013,62,train_Client_115681,11,1
303,22/3/1979,62,train_Client_115682,11,0
312,30/11/2011,63,train_Client_115683,11,0
371,3/12/2016,62,train_Client_115684,11,0
101,8/9/1981,60,train_Client_115686,11,0
301,22/8/1989,62,train_Client_115687,11,0
306,6/7/1999,63,train_Client_115688,11,0
304,13/9/2008,62,train_Client_115689,11,0
101,18/9/2002,60,train_Client_11569,11,0
101,28/5/1984,60,train_Client_115690,11,0
311,22/4/2003,63,train_Client_115691,11,0
106,7/12/2017,69,train_Client_115692,11,0
307,14/2/2005,62,train_Client_115694,11,0
309,17/10/2008,62,train_Client_115695,11,0
311,24/11/1992,63,train_Client_115696,11,0
101,16/5/2013,60,train_Client_115697,11,0
303,20/12/2016,62,train_Client_115698,11,0
103,13/2/2001,69,train_Client_115699,11,0
107,11/11/2009,69,train_Client_1157,11,0
304,21/10/1978,62,train_Client_115700,11,0
101,16/9/2009,60,train_Client_115701,11,0
301,13/5/2013,62,train_Client_115702,11,0
311,31/8/1989,63,train_Client_115703,11,0
101,12/11/2009,60,train_Client_115705,11,0
101,10/11/2014,60,train_Client_115706,11,0
104,22/9/2017,69,train_Client_115708,11,0
312,7/3/2007,63,train_Client_115709,11,1
371,1/6/2018,62,train_Client_115710,11,0
104,22/7/1985,69,train_Client_115711,11,0
103,28/11/2011,69,train_Client_115713,11,0
101,29/3/1989,60,train_Client_115714,11,0
101,18/5/2010,60,train_Client_115715,11,0
311,24/3/2012,63,train_Client_115717,11,0
103,23/11/2007,69,train_Client_115719,11,0
306,30/5/2002,63,train_Client_11572,11,1
371,19/9/2012,62,train_Client_115721,11,0
302,4/12/2000,62,train_Client_115722,11,0
101,24/5/1985,60,train_Client_115723,11,0
107,17/3/2013,69,train_Client_115725,11,0
107,8/6/2013,69,train_Client_115726,11,0
105,9/5/2000,69,train_Client_115728,11,0
101,8/6/1982,60,train_Client_115730,11,0
101,27/2/1979,60,train_Client_115731,11,0
104,4/11/2013,69,train_Client_115733,11,0
101,30/9/2003,60,train_Client_115734,11,0
301,13/2/2018,62,train_Client_115736,11,0
303,17/8/2010,62,train_Client_115737,11,1
304,23/10/1996,62,train_Client_115738,11,0
107,14/2/1990,69,train_Client_115739,11,0
303,25/11/1991,62,train_Client_11574,11,0
101,3/12/2015,60,train_Client_115740,11,0
307,12/11/2013,62,train_Client_115741,11,0
311,30/11/1999,63,train_Client_115742,11,0
101,31/12/1987,60,train_Client_115743,11,0
302,22/10/2009,62,train_Client_115745,11,1
311,29/10/1997,63,train_Client_115749,11,0
304,3/9/1991,62,train_Client_11575,11,0
303,20/5/2016,62,train_Client_115750,11,0
105,7/10/2013,69,train_Client_115752,11,0
301,31/12/2009,62,train_Client_115753,11,0
306,30/9/2002,63,train_Client_115754,11,1
302,6/4/1988,62,train_Client_115755,11,0
107,29/9/2016,69,train_Client_115756,11,0
101,30/11/2011,63,train_Client_115757,11,0
101,19/2/2014,60,train_Client_11576,11,0
101,21/8/2012,60,train_Client_115760,11,0
308,31/12/2004,63,train_Client_115763,11,0
311,21/11/1985,63,train_Client_115765,11,0
312,14/6/2001,63,train_Client_115766,11,0
107,13/6/2008,69,train_Client_115768,11,0
301,12/5/2000,62,train_Client_115769,11,0
301,26/11/1981,62,train_Client_11577,11,0
101,25/12/2014,60,train_Client_115770,11,0
101,22/4/2014,60,train_Client_115771,11,0
101,5/1/2010,63,train_Client_115772,11,0
303,24/12/2002,62,train_Client_115773,11,0
312,19/9/2016,63,train_Client_115774,11,0
107,6/9/2011,69,train_Client_115776,11,0
107,11/3/2014,69,train_Client_115777,11,0
304,12/12/1978,62,train_Client_115779,11,0
309,6/5/1983,62,train_Client_115781,11,1
107,10/11/1999,69,train_Client_115782,11,0
311,23/2/2016,63,train_Client_115783,11,0
101,3/6/2009,60,train_Client_115784,11,0
101,22/6/1992,60,train_Client_115785,11,0
302,5/9/2017,62,train_Client_115786,11,0
107,19/4/1991,69,train_Client_11579,11,0
301,30/12/1993,62,train_Client_115790,11,0
313,19/11/1991,63,train_Client_115791,11,1
101,25/12/2009,60,train_Client_115793,11,0
101,8/3/2006,60,train_Client_115794,11,0
311,3/3/2016,63,train_Client_115795,11,0
105,18/11/2002,69,train_Client_115798,11,0
101,16/2/2010,60,train_Client_115799,11,0
101,15/4/2003,63,train_Client_1158,11,0
101,2/11/1979,60,train_Client_115801,11,0
101,24/12/1997,60,train_Client_115802,11,0
302,13/12/2012,62,train_Client_115803,11,0
104,19/2/2018,69,train_Client_115804,11,0
101,30/6/2005,60,train_Client_115805,11,1
303,12/8/1977,62,train_Client_115806,11,0
306,30/7/2002,63,train_Client_115808,11,0
103,31/10/2003,69,train_Client_11581,11,0
379,15/8/2016,63,train_Client_115810,11,0
307,21/5/2010,62,train_Client_115811,11,0
104,19/11/1999,69,train_Client_115812,11,0
104,12/8/2009,69,train_Client_115813,11,0
303,4/11/1999,62,train_Client_115814,11,0
107,4/12/1997,69,train_Client_115816,11,0
302,20/1/1993,62,train_Client_115817,11,0
101,11/6/2012,60,train_Client_115818,11,0
101,23/8/1995,60,train_Client_115819,11,0
305,26/5/1981,62,train_Client_115821,11,0
101,6/4/1993,63,train_Client_115822,11,0
303,27/3/2007,62,train_Client_115823,11,0
101,25/11/2013,60,train_Client_115824,11,0
301,8/5/1985,62,train_Client_115825,11,0
104,15/8/1984,69,train_Client_115826,11,0
101,27/11/2008,60,train_Client_115827,12,0
104,1/2/2018,69,train_Client_115828,11,0
307,29/12/2003,62,train_Client_115829,11,0
107,20/5/2005,69,train_Client_11583,11,0
107,6/2/2012,69,train_Client_115830,11,0
101,13/4/2012,60,train_Client_115831,11,0
302,2/2/1978,62,train_Client_115832,11,0
301,8/8/2018,62,train_Client_115834,11,0
101,24/1/1984,60,train_Client_115835,11,0
101,21/12/2015,60,train_Client_115837,11,0
103,21/2/2012,69,train_Client_115838,11,0
103,3/7/2015,69,train_Client_115839,11,0
107,21/8/2010,69,train_Client_11584,11,0
311,14/7/2012,63,train_Client_115840,11,0
304,31/12/1996,62,train_Client_115841,11,0
104,25/11/2002,69,train_Client_115842,11,0
104,31/8/1977,69,train_Client_115844,11,0
101,27/7/1978,60,train_Client_115846,11,0
371,16/5/2007,62,train_Client_115847,11,0
312,6/12/2016,63,train_Client_115848,11,0
101,7/3/2016,60,train_Client_115849,11,0
306,27/10/1988,63,train_Client_11585,11,0
101,22/6/1978,60,train_Client_115850,11,0
306,30/1/2008,63,train_Client_115851,11,0
101,13/5/2017,60,train_Client_115852,11,0
311,28/11/2002,63,train_Client_115853,11,0
312,30/6/1999,63,train_Client_115855,11,0
103,14/11/2015,69,train_Client_115858,11,0
101,26/2/1988,60,train_Client_11586,11,0
105,14/11/2012,69,train_Client_115861,11,0
104,24/10/1983,69,train_Client_115864,11,0
312,27/4/2007,63,train_Client_115865,11,0
303,22/8/2003,62,train_Client_115866,11,0
309,21/12/1988,62,train_Client_115867,11,0
312,15/7/2010,63,train_Client_115868,11,0
312,28/3/2002,63,train_Client_115869,11,0
104,20/10/1998,69,train_Client_11587,11,0
307,8/8/1981,62,train_Client_115870,11,0
104,28/6/2012,69,train_Client_115871,11,0
372,15/6/2017,63,train_Client_115872,11,0
312,21/8/2017,63,train_Client_115873,11,0
101,26/12/2016,60,train_Client_115874,11,0
312,7/4/2011,63,train_Client_115876,11,0
101,22/12/2016,60,train_Client_115877,11,0
107,21/11/2017,69,train_Client_11588,11,0
103,19/3/2014,69,train_Client_115881,11,0
307,23/11/2016,62,train_Client_115882,11,0
105,9/12/1983,69,train_Client_115883,11,1
101,3/2/2006,60,train_Client_115884,11,0
310,26/10/2013,62,train_Client_115885,11,0
301,16/7/1999,62,train_Client_115888,11,0
302,5/4/1978,62,train_Client_115892,11,0
379,5/1/2016,63,train_Client_115893,11,0
103,28/12/2011,69,train_Client_115894,11,0
371,19/9/2006,62,train_Client_115895,11,0
301,10/8/2010,62,train_Client_115899,11,0
306,28/8/2003,63,train_Client_1159,11,1
305,25/12/1978,62,train_Client_11590,11,0
371,7/3/2008,62,train_Client_115900,11,0
302,10/10/2012,62,train_Client_115901,11,0
301,6/10/1982,62,train_Client_115902,11,0
103,24/10/2008,69,train_Client_115905,11,1
301,19/10/1990,62,train_Client_115906,11,0
101,10/1/2013,60,train_Client_115907,11,1
371,25/12/1990,62,train_Client_115909,11,0
303,22/9/2007,62,train_Client_115911,11,0
312,21/1/2009,63,train_Client_115913,11,0
301,14/9/2009,62,train_Client_115914,11,0
310,19/4/2017,62,train_Client_115915,11,0
101,3/8/2011,60,train_Client_115917,11,0
101,23/5/1991,60,train_Client_115919,11,0
101,13/12/1991,60,train_Client_11592,11,0
303,9/6/1987,62,train_Client_115920,11,0
104,17/9/2008,69,train_Client_115921,11,0
311,8/4/2011,63,train_Client_115923,11,0
301,21/2/2012,62,train_Client_115926,11,0
101,3/5/2005,60,train_Client_115927,11,0
311,14/12/2010,63,train_Client_115928,11,1
104,31/10/1997,69,train_Client_115930,11,0
308,26/3/2012,63,train_Client_115931,11,0
101,30/7/2007,60,train_Client_115932,11,1
307,23/2/2008,62,train_Client_115933,11,0
310,24/11/1994,62,train_Client_115934,11,0
101,6/6/1989,60,train_Client_115935,11,0
304,22/11/2017,62,train_Client_115936,51,0
306,12/12/2008,63,train_Client_115937,11,1
103,7/4/2008,69,train_Client_115938,11,0
101,4/1/2016,60,train_Client_115939,11,0
303,18/12/2010,62,train_Client_11594,11,0
310,1/3/2010,62,train_Client_115940,11,0
306,30/9/2014,63,train_Client_115944,11,0
311,30/3/1990,63,train_Client_115945,11,0
312,25/3/2017,63,train_Client_115946,11,0
303,29/1/2004,62,train_Client_115947,11,0
101,28/9/2005,60,train_Client_115948,11,0
371,10/12/1985,62,train_Client_11595,11,0
101,17/8/1984,60,train_Client_115950,11,0
104,2/8/2012,69,train_Client_115951,11,0
301,12/12/2012,62,train_Client_115952,11,0
103,11/7/2011,69,train_Client_115954,11,0
101,23/10/2008,60,train_Client_115956,11,0
107,5/11/2009,69,train_Client_115957,11,0
311,1/9/2016,63,train_Client_115958,11,1
311,30/11/2012,63,train_Client_115959,11,0
101,11/5/1978,60,train_Client_11596,11,0
310,23/12/1994,62,train_Client_115961,11,0
107,8/11/1994,69,train_Client_115964,11,0
101,16/12/1994,60,train_Client_115966,11,0
310,30/11/2000,62,train_Client_115968,11,0
306,9/1/2010,63,train_Client_115969,11,0
371,20/5/2005,62,train_Client_115970,12,0
311,25/5/2000,63,train_Client_115972,11,0
107,25/11/2013,69,train_Client_115973,11,0
301,27/3/2018,62,train_Client_115974,11,0
107,1/7/2016,69,train_Client_115975,11,0
371,29/12/1993,62,train_Client_115977,11,0
107,6/4/2005,69,train_Client_115978,11,0
104,10/11/2011,69,train_Client_115979,11,0
101,13/12/2004,60,train_Client_115982,11,0
101,20/12/1999,60,train_Client_115983,11,0
101,24/5/1985,60,train_Client_115984,11,0
101,4/7/2008,60,train_Client_115986,11,0
301,21/10/1991,62,train_Client_115987,11,0
312,13/5/2008,63,train_Client_115988,11,0
306,31/12/1985,63,train_Client_115989,11,0
309,14/5/2001,62,train_Client_11599,11,0
107,27/5/2014,69,train_Client_115990,11,0
312,14/12/2013,63,train_Client_115992,11,0
301,17/3/2006,62,train_Client_115993,11,0
304,22/11/2011,62,train_Client_115994,11,1
311,13/10/1988,63,train_Client_115995,11,0
310,11/3/1998,62,train_Client_115997,11,0
313,18/5/2009,63,train_Client_115999,11,0
103,9/11/2015,69,train_Client_1160,11,0
311,9/9/2017,63,train_Client_11600,11,0
305,10/12/2016,62,train_Client_116000,11,0
101,21/12/1982,60,train_Client_116001,11,0
101,15/9/1997,60,train_Client_116002,11,1
303,20/8/2015,62,train_Client_116003,11,0
107,15/7/2017,69,train_Client_116004,11,0
107,11/3/2014,69,train_Client_116007,11,0
301,7/4/2015,62,train_Client_116008,11,0
311,27/11/1992,63,train_Client_116009,11,0
101,5/7/2011,60,train_Client_116010,11,0
304,19/5/2009,62,train_Client_116013,11,0
103,27/9/2011,69,train_Client_116014,11,0
311,26/12/1994,63,train_Client_116015,11,0
104,22/2/1999,69,train_Client_116017,11,0
371,26/6/1991,62,train_Client_116018,11,0
309,16/11/1994,62,train_Client_116019,11,0
103,7/12/2012,69,train_Client_116020,51,0
104,29/4/1999,69,train_Client_116021,11,0
311,30/7/2002,63,train_Client_116023,11,1
309,30/8/2006,62,train_Client_116024,11,0
306,26/12/2006,63,train_Client_116026,12,1
103,14/11/2009,69,train_Client_116028,11,0
107,18/6/1999,69,train_Client_116029,11,0
303,4/10/2000,62,train_Client_11603,11,0
101,1/6/2012,60,train_Client_116031,11,0
101,8/12/2009,60,train_Client_116032,11,0
103,5/10/2016,69,train_Client_116033,11,0
301,16/11/2015,62,train_Client_116034,11,0
311,12/11/1992,63,train_Client_116035,11,0
311,10/6/2014,63,train_Client_116037,11,0
101,30/3/1984,60,train_Client_116038,11,0
107,31/1/2002,69,train_Client_11604,11,0
310,18/6/2011,62,train_Client_116040,11,0
304,6/8/2011,62,train_Client_116041,11,0
303,31/12/1984,62,train_Client_116042,11,0
311,1/6/2016,63,train_Client_116044,11,0
101,11/3/1978,60,train_Client_116045,11,0
372,18/12/2015,63,train_Client_116047,11,0
104,17/12/2007,69,train_Client_116048,11,0
104,14/6/1988,69,train_Client_116049,11,0
301,29/11/1979,62,train_Client_116052,11,0
103,16/9/2005,69,train_Client_116053,11,0
301,8/1/2013,62,train_Client_116055,11,0
101,20/8/1984,60,train_Client_116056,11,0
303,14/8/2015,62,train_Client_116057,11,0
302,28/9/2013,62,train_Client_116058,11,0
104,28/10/2002,69,train_Client_11606,11,0
107,25/9/2010,69,train_Client_116061,11,0
302,8/5/2018,62,train_Client_116062,11,0
307,9/11/2017,62,train_Client_116064,11,0
104,24/2/2014,69,train_Client_116065,11,0
302,7/12/2009,62,train_Client_116066,11,0
306,12/12/1991,63,train_Client_116068,11,0
301,5/8/2017,62,train_Client_116069,11,0
104,7/11/2016,69,train_Client_11607,11,0
103,2/4/2013,69,train_Client_116070,11,0
105,19/9/1988,69,train_Client_116072,11,0
301,22/5/1985,62,train_Client_116075,11,0
104,21/10/2016,69,train_Client_116077,11,0
107,29/12/2012,69,train_Client_116078,11,0
311,29/11/2018,63,train_Client_11608,11,0
311,23/8/1995,63,train_Client_116080,11,0
101,19/6/2007,60,train_Client_116083,11,0
101,1/6/1998,60,train_Client_116084,12,0
104,27/9/2010,69,train_Client_116085,11,0
301,15/12/2011,62,train_Client_116086,11,0
311,25/3/1998,63,train_Client_116089,11,0
104,30/10/1998,69,train_Client_116090,12,0
312,10/3/2010,63,train_Client_116091,11,0
301,13/11/2007,62,train_Client_116092,11,0
307,4/1/2010,62,train_Client_116093,11,1
311,30/12/1997,63,train_Client_116094,11,0
101,12/12/2012,60,train_Client_116095,11,0
306,31/7/1985,63,train_Client_116098,11,0
371,14/10/2011,62,train_Client_116100,11,0
104,2/1/2008,69,train_Client_116101,12,0
311,28/1/2003,63,train_Client_116103,11,0
107,5/12/2014,69,train_Client_116104,11,0
103,23/11/2012,69,train_Client_116107,11,1
303,27/1/2009,62,train_Client_116109,11,0
107,15/9/1986,69,train_Client_11611,11,0
310,25/9/2002,62,train_Client_116110,11,0
304,10/4/2012,62,train_Client_116112,11,0
311,9/10/2014,63,train_Client_116114,11,0
303,6/9/2004,62,train_Client_116117,11,0
302,15/1/2015,62,train_Client_116118,11,0
309,26/5/2014,62,train_Client_116119,11,0
101,2/6/2008,63,train_Client_11612,11,0
101,30/10/1985,60,train_Client_116120,11,0
103,23/11/2012,69,train_Client_116121,11,1
302,15/3/1993,62,train_Client_116123,11,1
311,5/4/2016,63,train_Client_116124,11,0
104,31/1/1997,69,train_Client_116125,12,0
101,27/8/2014,60,train_Client_116126,11,0
311,3/12/1996,63,train_Client_116128,11,0
104,24/4/2007,69,train_Client_116129,11,0
107,15/5/2013,69,train_Client_116130,11,0
371,10/9/2012,62,train_Client_116131,11,0
103,5/3/2011,69,train_Client_116132,11,0
103,15/11/2010,69,train_Client_116133,11,0
101,4/11/1981,60,train_Client_116134,11,0
104,6/12/2010,69,train_Client_116135,11,0
301,4/9/2009,62,train_Client_116136,11,0
101,11/11/2014,60,train_Client_116139,11,0
101,17/11/2016,60,train_Client_11614,11,0
306,14/5/2011,63,train_Client_116140,11,0
301,24/12/1999,62,train_Client_116141,11,0
101,12/2/1998,60,train_Client_116142,11,0
101,4/4/2001,60,train_Client_116143,11,0
303,8/5/2010,62,train_Client_116144,11,0
101,17/5/2010,60,train_Client_116146,11,0
101,1/1/1997,60,train_Client_116147,11,0
302,20/9/2007,62,train_Client_116149,11,1
306,23/5/2002,63,train_Client_11615,11,0
311,8/4/1993,63,train_Client_116151,11,0
311,7/7/2012,63,train_Client_116152,11,0
301,31/3/1979,62,train_Client_116156,11,0
101,29/3/1980,60,train_Client_116157,11,0
301,30/12/2002,62,train_Client_116158,11,0
105,26/10/1982,69,train_Client_116159,11,1
309,8/10/2014,62,train_Client_11616,11,0
301,1/4/2016,62,train_Client_116160,11,0
301,18/11/2008,62,train_Client_116161,11,0
103,14/8/2010,69,train_Client_116162,11,0
101,30/9/2015,60,train_Client_116163,11,0
101,16/12/1998,60,train_Client_116164,11,0
101,18/12/2013,60,train_Client_116165,11,0
310,23/12/2011,62,train_Client_116167,11,0
101,6/9/2002,60,train_Client_116168,11,1
311,22/12/2016,63,train_Client_116169,11,0
101,19/4/2007,60,train_Client_11617,11,0
309,26/12/2000,62,train_Client_116171,11,0
303,23/5/1995,62,train_Client_116172,11,0
311,25/4/2011,63,train_Client_116176,11,0
104,29/4/1983,69,train_Client_116177,11,0
310,8/8/2017,62,train_Client_116178,12,0
101,14/5/2014,60,train_Client_11618,11,0
107,21/8/1995,69,train_Client_116180,11,0
301,14/10/2014,62,train_Client_116181,11,0
312,15/4/2009,63,train_Client_116182,11,0
310,17/5/2016,62,train_Client_116184,11,0
104,21/12/1998,69,train_Client_116186,11,0
312,22/9/2015,63,train_Client_116187,11,0
107,29/9/2016,69,train_Client_116189,11,0
311,8/7/2015,63,train_Client_116190,11,0
306,29/10/1997,63,train_Client_116191,11,0
309,23/11/2015,62,train_Client_116192,11,0
101,27/6/2008,60,train_Client_116193,11,0
101,27/9/2017,60,train_Client_116195,11,0
101,18/5/2015,60,train_Client_116196,11,0
311,23/12/2010,63,train_Client_116197,11,0
105,19/5/1998,69,train_Client_116198,11,0
101,21/2/1991,60,train_Client_116199,11,0
101,15/4/1996,60,train_Client_116200,11,0
301,17/4/1985,62,train_Client_116202,11,0
101,12/6/1998,60,train_Client_116204,11,0
104,23/3/2009,69,train_Client_116207,11,0
304,21/10/1978,62,train_Client_116208,11,0
309,19/9/2006,62,train_Client_116209,11,0
103,2/12/2010,69,train_Client_11621,11,0
309,26/9/1988,62,train_Client_116211,11,0
101,13/9/1983,60,train_Client_116213,11,0
101,17/11/2014,60,train_Client_116214,11,0
305,3/10/1991,62,train_Client_116217,11,1
104,9/3/2011,69,train_Client_116218,11,0
302,30/12/2002,62,train_Client_11622,11,0
303,12/8/1977,62,train_Client_116220,11,1
101,27/11/1992,60,train_Client_116221,11,0
303,21/10/2010,62,train_Client_116222,11,0
311,31/5/2011,63,train_Client_116223,11,0
101,23/1/1992,60,train_Client_116226,11,0
309,11/9/1992,62,train_Client_116227,12,0
306,24/9/2002,63,train_Client_116228,11,0
311,10/9/2018,63,train_Client_116229,11,0
306,24/12/2011,63,train_Client_116230,11,0
304,28/11/2006,62,train_Client_116236,11,0
312,23/3/2004,63,train_Client_116237,11,0
302,29/8/2013,62,train_Client_11624,11,0
101,6/11/1990,60,train_Client_116240,12,0
310,24/4/2000,62,train_Client_116242,11,0
101,7/10/2010,60,train_Client_116243,11,0
301,18/8/2015,62,train_Client_116244,11,0
104,26/7/2013,69,train_Client_116245,11,0
311,26/5/2005,63,train_Client_116246,11,0
101,6/12/1977,60,train_Client_116248,11,0
107,24/2/2010,69,train_Client_11625,11,1
101,5/6/2012,60,train_Client_116250,11,0
301,29/12/2017,62,train_Client_116251,11,0
101,15/5/2001,60,train_Client_116252,11,0
101,7/7/1995,60,train_Client_116253,11,0
101,5/5/2009,60,train_Client_116254,11,0
104,11/12/2006,69,train_Client_116255,11,0
306,20/12/1988,63,train_Client_116256,11,0
309,27/9/1990,62,train_Client_116260,11,0
307,19/11/1984,62,train_Client_116261,11,0
301,2/2/2018,62,train_Client_116262,11,0
301,25/2/1983,62,train_Client_116264,11,0
311,20/5/2010,63,train_Client_116265,11,0
303,2/2/2017,62,train_Client_116266,11,0
301,26/11/1981,62,train_Client_116267,11,0
103,21/12/2010,69,train_Client_116269,11,1
107,31/1/2002,69,train_Client_11627,11,0
301,8/5/1985,62,train_Client_116270,11,0
104,15/8/2010,69,train_Client_116271,11,0
101,30/3/1990,60,train_Client_116272,11,0
101,24/12/1999,60,train_Client_116274,11,0
104,8/2/2016,69,train_Client_116275,11,0
101,6/10/1998,60,train_Client_116278,11,0
101,12/12/1978,60,train_Client_116279,11,0
104,11/10/2009,69,train_Client_11628,11,0
101,4/3/1983,60,train_Client_116280,11,0
103,14/4/2010,69,train_Client_116282,11,0
103,8/6/1989,69,train_Client_116283,11,0
106,30/11/2006,69,train_Client_116284,11,0
308,30/9/2015,63,train_Client_116285,11,0
101,16/2/2017,60,train_Client_116286,11,0
371,27/9/2002,62,train_Client_116287,11,0
311,20/4/2015,63,train_Client_116288,11,0
301,21/6/1994,62,train_Client_11629,11,1
101,14/2/2003,60,train_Client_116291,11,0
103,11/10/2002,69,train_Client_116292,11,0
103,14/9/2010,69,train_Client_116293,11,0
106,18/5/1987,69,train_Client_116295,11,0
302,13/3/1982,62,train_Client_116296,11,1
101,30/11/2000,60,train_Client_116297,11,0
301,21/11/2014,62,train_Client_116298,11,0
104,18/10/2012,69,train_Client_116299,11,0
304,9/1/2018,62,train_Client_11630,11,0
304,25/1/2018,62,train_Client_116300,11,0
101,14/11/2003,60,train_Client_116301,11,0
101,29/12/1993,60,train_Client_116302,11,0
310,14/5/2011,62,train_Client_116303,11,0
101,10/3/2006,60,train_Client_116304,11,0
103,19/5/2018,69,train_Client_116306,51,1
104,19/10/1982,69,train_Client_116307,11,0
101,13/5/2016,60,train_Client_116308,11,0
101,22/7/2005,60,train_Client_116309,11,0
303,29/10/2002,62,train_Client_11631,11,0
101,31/10/1985,60,train_Client_116311,11,0
301,12/5/1987,62,train_Client_116312,11,0
371,10/9/2012,62,train_Client_116313,11,0
306,8/2/2018,63,train_Client_116315,11,0
101,27/3/2006,60,train_Client_116316,11,0
101,2/11/2006,60,train_Client_116317,11,0
103,3/11/2014,69,train_Client_116318,11,0
104,11/7/1979,69,train_Client_116319,11,0
104,5/7/2000,69,train_Client_11632,11,0
104,12/5/1998,69,train_Client_116320,11,0
103,25/9/2010,69,train_Client_116321,11,0
101,6/11/2013,60,train_Client_116322,11,0
104,3/12/2016,69,train_Client_116323,11,1
307,13/10/2012,62,train_Client_116324,11,0
313,5/5/2015,63,train_Client_116325,11,0
307,7/12/2007,62,train_Client_116329,11,0
104,19/8/2010,69,train_Client_11633,11,0
312,7/12/2013,63,train_Client_116331,11,0
101,8/6/2011,60,train_Client_116332,11,0
303,2/5/2006,62,train_Client_116333,11,0
104,30/11/2015,69,train_Client_116334,11,0
310,6/9/2017,62,train_Client_116337,11,0
104,8/4/2002,69,train_Client_116338,11,0
104,16/5/2013,69,train_Client_116340,11,0
103,4/12/2007,69,train_Client_116341,11,0
309,31/7/1985,62,train_Client_116342,11,0
103,6/8/2009,69,train_Client_116343,11,0
105,11/7/1996,69,train_Client_116344,11,0
303,10/2/1986,62,train_Client_116345,11,0
107,24/6/2016,69,train_Client_116346,11,0
302,24/12/2002,62,train_Client_116347,11,1
101,12/10/1999,60,train_Client_116348,11,0
307,3/2/2018,62,train_Client_116350,11,0
303,18/6/2011,62,train_Client_116351,11,0
311,24/10/2013,63,train_Client_116352,11,0
101,2/7/2013,60,train_Client_116353,11,0
371,18/6/2016,62,train_Client_116354,11,0
303,19/5/1998,62,train_Client_116355,11,0
104,27/9/1994,69,train_Client_116356,11,0
311,2/11/2013,63,train_Client_116357,11,0
301,23/9/2008,62,train_Client_116358,11,0
104,10/12/2014,69,train_Client_116359,11,0
103,20/1/2014,69,train_Client_11636,11,0
101,19/3/1991,63,train_Client_116360,11,0
101,31/12/1992,60,train_Client_116361,11,0
101,4/8/2010,60,train_Client_116362,11,0
310,15/1/2016,62,train_Client_116363,11,0
306,5/6/1989,63,train_Client_116364,11,0
101,5/6/2002,60,train_Client_116365,11,0
371,4/10/2000,62,train_Client_116367,11,0
303,6/2/1980,62,train_Client_116368,11,0
302,8/12/1994,62,train_Client_116369,11,0
305,26/5/1981,62,train_Client_116370,11,0
101,8/6/2010,60,train_Client_116372,11,0
101,1/11/1991,63,train_Client_116374,11,0
101,29/1/2013,60,train_Client_116375,11,0
310,25/9/2002,62,train_Client_116376,11,0
104,3/12/2011,69,train_Client_116377,11,0
101,26/12/2012,60,train_Client_116378,11,0
311,25/10/2013,63,train_Client_116379,11,0
104,15/4/2009,69,train_Client_11638,11,0
301,29/12/1989,62,train_Client_116381,11,0
101,4/11/2010,60,train_Client_116382,11,0
107,11/8/1986,69,train_Client_116383,11,0
305,28/4/2015,62,train_Client_116386,11,0
103,7/3/2003,69,train_Client_116387,11,0
311,29/4/2005,63,train_Client_116388,11,0
101,17/3/2010,60,train_Client_116389,11,0
306,31/8/2004,63,train_Client_11639,11,0
104,25/12/1978,69,train_Client_116390,11,0
103,12/3/2015,69,train_Client_116391,11,0
107,11/5/1978,69,train_Client_116392,11,0
105,19/9/1988,69,train_Client_116395,11,0
310,13/10/1995,62,train_Client_116396,11,0
103,16/6/2016,69,train_Client_116398,11,0
310,4/5/2017,62,train_Client_116399,11,0
101,25/12/2006,60,train_Client_11640,11,0
105,29/12/1987,69,train_Client_116400,11,0
302,14/5/2001,62,train_Client_116402,11,0
307,16/12/1986,62,train_Client_116403,11,0
301,14/2/1983,62,train_Client_116404,12,1
101,26/11/2001,60,train_Client_116405,11,0
101,2/9/2015,60,train_Client_116406,11,0
104,30/12/2002,69,train_Client_116407,11,0
310,19/12/2014,62,train_Client_116408,11,0
311,12/6/1991,63,train_Client_116409,11,1
103,30/10/1995,69,train_Client_11641,11,0
101,27/12/2003,60,train_Client_116410,11,0
101,14/10/2013,60,train_Client_116411,11,1
303,19/11/2015,62,train_Client_116412,11,0
101,1/2/2010,60,train_Client_116413,11,0
302,2/12/2016,62,train_Client_116416,11,0
101,22/2/2013,60,train_Client_116417,11,0
107,31/1/1997,69,train_Client_116418,11,0
303,7/12/2012,62,train_Client_116419,11,0
101,18/10/2016,60,train_Client_11642,11,0
103,5/6/2010,69,train_Client_116420,11,1
101,27/12/2004,60,train_Client_116421,11,0
107,8/12/2014,69,train_Client_116422,11,0
301,26/4/2016,62,train_Client_116423,11,0
101,18/4/2008,60,train_Client_116426,11,0
105,22/9/1987,69,train_Client_116427,11,0
301,10/3/2008,62,train_Client_116428,11,0
307,26/6/1987,62,train_Client_116429,11,0
101,23/12/2009,60,train_Client_11643,11,0
101,6/10/2010,60,train_Client_116430,11,0
101,5/10/1977,60,train_Client_116431,11,0
106,6/5/1994,69,train_Client_116432,11,0
104,18/12/1991,69,train_Client_116434,11,0
307,27/1/2018,62,train_Client_116435,11,0
101,25/1/2008,60,train_Client_116437,11,0
107,12/4/2008,69,train_Client_116438,11,0
311,17/10/2017,63,train_Client_116439,11,0
101,10/12/2003,60,train_Client_11644,11,0
301,29/7/2017,62,train_Client_116440,11,0
301,18/11/2015,62,train_Client_116441,11,0
101,3/2/1988,60,train_Client_116442,11,0
307,12/10/2005,62,train_Client_116443,11,0
101,27/3/2002,60,train_Client_116444,11,0
311,8/2/2016,63,train_Client_116445,11,0
107,25/11/1994,69,train_Client_116447,11,0
303,20/11/1997,62,train_Client_116449,11,0
104,7/6/1994,69,train_Client_116450,11,0
301,2/11/2011,62,train_Client_116451,11,0
101,28/3/2015,60,train_Client_116452,11,0
101,7/12/2008,60,train_Client_116453,11,0
305,15/1/2018,62,train_Client_116454,11,0
304,13/11/1989,62,train_Client_116455,11,0
101,17/11/1997,60,train_Client_116456,11,0
101,23/6/2006,63,train_Client_116458,11,0
101,3/6/2010,60,train_Client_116459,11,0
106,23/11/1988,69,train_Client_11646,11,0
302,29/4/1981,62,train_Client_116461,11,0
306,7/10/1988,63,train_Client_116464,11,0
311,28/9/2016,63,train_Client_116466,11,0
311,4/10/1995,63,train_Client_116468,11,0
105,6/10/2010,69,train_Client_116469,11,0
301,21/8/1989,62,train_Client_11647,11,0
107,21/12/2016,69,train_Client_116473,11,0
311,21/2/2008,63,train_Client_116474,11,0
313,17/6/2014,63,train_Client_116476,11,0
103,24/4/2012,69,train_Client_116477,11,1
302,13/11/2000,62,train_Client_116478,11,0
107,6/6/2017,69,train_Client_11648,11,0
311,12/9/2018,63,train_Client_116482,11,0
306,28/2/2013,63,train_Client_116483,11,0
311,22/10/2012,63,train_Client_116484,11,0
104,23/6/2014,69,train_Client_116485,11,0
301,5/9/2015,62,train_Client_116486,11,0
104,16/7/1977,69,train_Client_116487,11,0
312,27/12/2014,63,train_Client_116488,11,0
101,27/4/2004,60,train_Client_11649,11,0
101,24/6/1994,60,train_Client_116491,11,0
301,15/1/2007,62,train_Client_116493,11,0
107,29/5/2012,69,train_Client_116494,11,0
101,26/12/1993,60,train_Client_116498,11,0
303,17/2/2015,62,train_Client_116499,11,0
304,28/7/1989,62,train_Client_1165,11,0
311,8/3/2016,63,train_Client_11650,11,0
302,10/12/2003,62,train_Client_116501,11,1
309,20/5/1983,62,train_Client_116503,11,0
304,6/11/2006,62,train_Client_116504,11,0
107,9/1/1986,69,train_Client_116505,11,0
101,29/7/2013,60,train_Client_116506,11,0
301,10/8/2018,62,train_Client_116507,11,0
101,7/2/2010,60,train_Client_116509,11,0
103,7/10/1992,69,train_Client_11651,11,0
301,21/1/2010,62,train_Client_116513,12,0
305,10/5/1991,62,train_Client_116514,11,0
301,26/5/2018,62,train_Client_116515,11,0
107,17/5/2013,69,train_Client_116516,11,0
301,26/3/2004,62,train_Client_116517,11,0
311,13/10/1995,63,train_Client_116519,11,0
311,18/11/1998,63,train_Client_11652,11,0
312,20/4/2015,63,train_Client_116522,11,0
311,14/8/2003,63,train_Client_116523,11,0
303,25/1/2018,62,train_Client_116526,11,0
311,26/5/2005,63,train_Client_116529,11,0
301,8/2/2010,62,train_Client_11653,11,0
107,29/11/2010,69,train_Client_116530,11,0
311,26/12/1995,63,train_Client_116531,11,0
101,8/4/2008,60,train_Client_116532,11,0
103,16/12/2010,69,train_Client_116533,11,0
302,10/5/2010,62,train_Client_116534,11,0
311,7/8/2012,63,train_Client_116535,11,1
302,8/9/1995,62,train_Client_116536,11,0
101,15/4/1996,60,train_Client_116537,11,0
101,11/2/2008,60,train_Client_116538,11,0
303,5/10/2009,62,train_Client_116539,11,0
101,11/2/2017,60,train_Client_116541,11,0
310,23/1/2017,62,train_Client_116542,11,0
103,27/12/2002,69,train_Client_116543,11,1
311,10/12/2009,63,train_Client_116544,11,1
301,30/4/2008,62,train_Client_116545,11,0
311,18/10/2000,63,train_Client_116547,11,0
104,2/10/2001,69,train_Client_116548,11,1
301,6/12/2016,62,train_Client_11655,11,0
301,28/5/2004,62,train_Client_116550,11,0
107,15/5/2013,69,train_Client_116551,11,0
303,1/10/2018,62,train_Client_116556,11,0
304,10/7/2014,62,train_Client_116557,11,0
303,27/11/1996,62,train_Client_116559,11,0
101,20/11/1990,60,train_Client_11656,11,0
104,11/12/2008,69,train_Client_116563,11,0
107,20/11/2015,69,train_Client_116564,11,0
101,15/5/2003,60,train_Client_116567,11,0
304,31/7/2008,62,train_Client_116569,11,0
101,6/11/2008,60,train_Client_11657,11,0
107,22/12/2015,69,train_Client_116570,11,0
312,4/9/2015,63,train_Client_116571,11,0
101,20/1/1989,60,train_Client_116575,11,0
104,30/9/2003,69,train_Client_116576,11,0
206,30/4/2015,69,train_Client_116577,11,0
105,19/9/2011,69,train_Client_116579,11,0
312,20/11/1997,63,train_Client_116581,11,0
101,25/6/2014,60,train_Client_116584,11,0
301,10/1/1983,62,train_Client_116585,11,0
101,14/9/2006,60,train_Client_116586,11,0
306,22/12/2012,63,train_Client_116587,11,0
303,29/1/2014,62,train_Client_116588,11,0
379,21/12/1986,63,train_Client_116589,11,0
101,24/10/2008,60,train_Client_11659,11,0
311,18/10/2014,63,train_Client_116590,11,0
104,28/8/2015,69,train_Client_116593,11,0
101,28/12/2016,60,train_Client_116594,51,0
103,4/12/2012,69,train_Client_116595,11,0
101,21/12/1977,60,train_Client_116596,11,0
101,14/11/1985,60,train_Client_116597,11,0
303,11/2/2009,62,train_Client_116598,51,0
107,14/7/1999,69,train_Client_116599,11,0
101,6/11/2013,60,train_Client_116600,11,0
313,29/12/2012,63,train_Client_116603,11,0
311,12/11/2012,63,train_Client_116604,11,0
104,22/9/2011,69,train_Client_116605,11,0
399,13/7/1982,63,train_Client_116606,11,0
101,31/7/2015,60,train_Client_116607,11,0
306,31/7/1985,63,train_Client_116609,11,0
306,12/3/2015,63,train_Client_116610,11,0
301,24/12/1993,62,train_Client_116611,11,0
107,1/1/1997,69,train_Client_116613,11,0
103,17/11/2014,69,train_Client_116615,11,0
311,27/4/2004,63,train_Client_116616,11,0
106,27/10/1980,69,train_Client_116617,11,0
301,16/9/1986,62,train_Client_116618,11,0
101,20/10/1988,60,train_Client_116619,11,0
307,22/1/2010,62,train_Client_11662,11,0
103,28/12/1995,69,train_Client_116620,12,0
104,12/7/1999,69,train_Client_116622,11,0
309,16/9/2015,62,train_Client_116624,11,0
311,30/4/2001,63,train_Client_116625,11,1
104,4/5/1988,69,train_Client_116626,11,0
101,23/10/1985,60,train_Client_116629,11,1
301,17/11/2000,62,train_Client_11663,11,0
101,7/5/1993,63,train_Client_116630,11,0
107,24/5/2012,69,train_Client_116632,11,0
311,25/9/1996,63,train_Client_116634,11,0
105,26/7/2016,69,train_Client_116635,11,0
311,18/11/1998,63,train_Client_116637,11,0
107,29/11/2011,69,train_Client_11664,11,0
104,31/7/2012,69,train_Client_116640,11,0
107,29/9/2000,69,train_Client_116641,11,0
311,24/8/2004,63,train_Client_116644,11,0
302,29/11/2005,62,train_Client_116645,11,0
305,21/2/2011,62,train_Client_116646,11,0
107,26/12/2002,69,train_Client_116648,11,0
311,14/10/2014,63,train_Client_11665,11,0
302,8/1/2007,62,train_Client_116650,11,0
301,9/3/1978,62,train_Client_116651,11,0
104,12/8/2010,69,train_Client_116652,11,0
101,6/6/2007,60,train_Client_116653,11,0
303,7/6/1978,62,train_Client_116655,11,0
311,4/3/1998,63,train_Client_116656,11,0
311,7/5/1990,63,train_Client_116658,11,0
371,8/6/1994,62,train_Client_11666,11,0
379,10/12/1979,63,train_Client_116660,11,0
312,9/2/2018,63,train_Client_116663,11,0
107,24/12/2012,69,train_Client_116665,11,0
101,30/12/2013,60,train_Client_116666,11,0
301,18/9/1997,62,train_Client_116668,11,0
101,30/6/2014,60,train_Client_11667,11,0
107,15/4/2010,69,train_Client_116670,11,0
311,16/8/1990,63,train_Client_116672,11,0
107,19/12/2012,69,train_Client_116675,11,0
101,2/3/2004,60,train_Client_116676,11,0
101,30/9/1992,60,train_Client_116677,11,0
303,12/4/2006,62,train_Client_116678,11,0
101,10/8/2010,60,train_Client_116679,11,0
101,22/12/1980,60,train_Client_11668,11,0
101,25/2/1988,60,train_Client_116681,11,0
302,30/3/2017,62,train_Client_116683,11,0
311,6/4/1988,63,train_Client_116684,11,0
101,30/5/1990,63,train_Client_116686,11,0
311,21/2/2017,63,train_Client_116687,11,0
103,5/12/2006,69,train_Client_116688,11,0
309,16/5/1996,62,train_Client_116689,11,0
310,30/10/2000,62,train_Client_116691,11,0
103,17/1/2014,69,train_Client_116692,11,0
101,13/11/2014,60,train_Client_116693,11,0
302,23/2/2004,62,train_Client_116697,11,0
104,14/9/2006,69,train_Client_116698,11,1
101,29/11/2005,60,train_Client_116699,11,0
105,23/9/1998,69,train_Client_1167,11,0
308,22/6/1987,63,train_Client_116701,11,0
306,18/12/1985,63,train_Client_116702,11,0
103,7/9/2011,69,train_Client_116704,11,0
305,18/6/2009,62,train_Client_116705,11,0
313,15/10/2009,63,train_Client_116706,11,0
104,7/6/2001,69,train_Client_116707,11,1
311,2/6/2014,63,train_Client_116708,11,0
107,11/7/2011,69,train_Client_116709,11,0
104,30/11/1982,69,train_Client_116710,11,0
302,10/4/2003,62,train_Client_116711,11,0
101,8/1/1979,60,train_Client_116712,11,0
301,6/6/1983,62,train_Client_116713,11,0
107,7/12/2015,69,train_Client_116714,11,0
101,28/7/1987,60,train_Client_116716,11,0
104,30/9/1998,69,train_Client_116717,11,0
107,24/5/2012,69,train_Client_116718,11,0
312,27/2/2017,63,train_Client_116720,11,0
107,25/2/2013,69,train_Client_116722,11,0
301,14/10/2014,62,train_Client_116724,11,0
304,10/9/2012,62,train_Client_116725,11,0
312,24/4/2014,63,train_Client_116726,11,0
101,27/1/1992,60,train_Client_116729,11,0
101,29/1/1980,60,train_Client_11673,11,0
101,31/3/2009,60,train_Client_116734,11,0
371,22/6/1983,62,train_Client_116735,11,0
304,2/4/2014,62,train_Client_116736,11,0
301,14/9/2015,62,train_Client_116737,11,0
304,8/3/1991,62,train_Client_116738,11,0
311,5/11/1991,63,train_Client_116739,11,0
104,13/6/2016,69,train_Client_116740,11,0
101,16/7/1990,60,train_Client_116742,11,0
304,28/5/2011,62,train_Client_116743,11,0
101,11/5/1977,60,train_Client_116745,11,0
311,15/6/1993,63,train_Client_116747,11,0
303,25/12/1979,62,train_Client_116748,11,0
306,4/12/2007,63,train_Client_116750,11,0
107,13/9/1996,69,train_Client_116751,12,0
104,27/5/1985,69,train_Client_116754,11,0
313,13/11/2013,63,train_Client_116755,11,0
104,28/10/2005,69,train_Client_116756,11,0
304,27/10/1982,62,train_Client_116757,11,0
101,20/9/2007,60,train_Client_116759,11,0
104,7/12/1981,69,train_Client_11676,11,0
104,12/9/2003,69,train_Client_116761,11,0
104,18/6/2008,69,train_Client_116762,11,1
101,9/12/1982,60,train_Client_116763,11,0
107,27/9/2010,69,train_Client_116765,11,0
103,3/9/2013,69,train_Client_116767,11,0
313,13/2/2018,63,train_Client_116769,11,0
101,13/9/2011,60,train_Client_116771,11,0
311,20/11/1996,63,train_Client_116772,11,0
312,29/11/2002,63,train_Client_116774,11,0
101,23/5/2001,60,train_Client_116778,11,0
101,29/5/1995,60,train_Client_116779,11,0
101,30/4/1999,60,train_Client_116781,11,0
302,22/6/1983,62,train_Client_116782,11,0
104,24/11/1995,69,train_Client_116783,11,0
301,17/10/2014,62,train_Client_116784,11,0
306,4/5/1981,63,train_Client_116785,11,0
310,6/1/2010,62,train_Client_116787,11,0
372,30/9/2010,63,train_Client_116788,11,0
103,28/5/2012,69,train_Client_116789,11,1
101,2/7/2007,60,train_Client_11679,11,0
301,18/4/1985,62,train_Client_116790,11,1
310,28/6/2017,62,train_Client_116794,11,0
307,21/5/2010,62,train_Client_116795,11,0
107,18/6/2016,69,train_Client_116796,11,0
101,19/6/1990,60,train_Client_116797,11,0
101,25/10/2004,60,train_Client_116798,11,0
104,20/12/2016,69,train_Client_116799,11,0
311,30/9/2011,63,train_Client_1168,11,0
104,8/3/1996,69,train_Client_11680,11,0
307,22/9/1998,62,train_Client_116800,11,0
107,19/4/2014,69,train_Client_116801,11,0
302,8/11/1982,62,train_Client_116809,11,0
101,8/6/2007,60,train_Client_11681,11,0
306,17/9/1979,63,train_Client_116811,11,0
307,17/10/1983,62,train_Client_116812,11,1
105,24/2/2000,69,train_Client_116813,11,0
107,3/11/2014,69,train_Client_116814,11,0
304,12/7/2010,62,train_Client_116815,11,0
101,9/6/2014,60,train_Client_116817,11,0
104,8/2/2016,69,train_Client_116818,11,0
101,16/10/1997,60,train_Client_11682,11,0
104,14/5/2011,69,train_Client_116821,11,0
101,14/9/2006,60,train_Client_116822,11,1
101,1/4/1981,60,train_Client_116824,11,0
101,1/4/2013,60,train_Client_116825,11,0
306,16/10/2014,63,train_Client_116826,11,0
105,14/6/2013,69,train_Client_116827,11,0
101,17/7/1992,60,train_Client_116828,11,0
101,26/3/2003,60,train_Client_116829,11,0
302,20/5/2013,62,train_Client_116830,11,0
103,7/5/2013,69,train_Client_116832,11,0
101,6/6/2013,60,train_Client_116835,11,0
103,19/12/2012,69,train_Client_116836,51,1
303,15/4/1988,62,train_Client_116837,11,1
101,17/5/2012,60,train_Client_116838,11,0
303,12/10/2004,62,train_Client_116839,11,0
104,26/6/2012,69,train_Client_11684,11,0
301,13/3/1998,62,train_Client_116840,11,0
312,6/9/2018,63,train_Client_116842,11,0
310,30/11/1999,62,train_Client_116843,11,0
305,11/5/2009,62,train_Client_116845,11,0
101,19/12/1978,60,train_Client_116846,11,0
101,12/10/1988,63,train_Client_116847,11,0
103,25/9/1991,69,train_Client_116850,11,0
104,28/12/1995,69,train_Client_116852,11,0
303,10/12/2003,62,train_Client_116853,11,0
301,29/12/2010,62,train_Client_116856,11,0
103,29/5/2017,69,train_Client_116857,11,0
101,15/12/1995,60,train_Client_116858,11,0
311,13/7/2013,63,train_Client_116859,11,0
101,6/4/2007,60,train_Client_11686,11,0
101,21/10/2011,60,train_Client_116860,11,0
101,10/5/1993,60,train_Client_116861,11,0
303,6/3/2018,62,train_Client_116862,11,0
309,26/11/1993,62,train_Client_116863,11,0
104,25/11/2002,69,train_Client_116865,11,0
311,11/10/2002,63,train_Client_116866,11,0
107,4/7/2018,69,train_Client_116867,11,0
101,20/8/1984,60,train_Client_116869,11,0
301,24/12/1982,62,train_Client_11687,11,0
107,8/8/2012,69,train_Client_116870,11,0
309,3/9/2012,62,train_Client_116871,11,1
303,3/3/2016,62,train_Client_116873,11,0
306,18/11/2013,63,train_Client_116874,11,0
306,19/12/1997,63,train_Client_116875,11,0
306,10/12/2007,63,train_Client_116879,11,0
312,8/4/2015,63,train_Client_116880,11,0
107,30/5/1978,69,train_Client_116883,11,0
101,27/3/1985,60,train_Client_116884,11,0
310,15/12/1986,62,train_Client_116887,11,0
104,5/9/2014,69,train_Client_116889,11,0
303,14/12/1998,62,train_Client_11689,11,0
101,5/3/2013,60,train_Client_116890,11,0
311,15/9/2012,63,train_Client_116891,11,0
311,14/4/1993,63,train_Client_116893,11,0
101,7/5/1997,60,train_Client_116894,11,0
103,25/11/2016,69,train_Client_116895,11,0
107,22/12/2016,69,train_Client_116896,11,0
101,27/9/2001,60,train_Client_116897,11,0
101,15/3/2010,60,train_Client_116898,11,0
311,29/5/1992,63,train_Client_116899,11,0
309,21/3/2018,62,train_Client_1169,11,0
106,8/7/2005,69,train_Client_11690,11,0
101,31/3/1999,60,train_Client_116900,11,0
101,3/4/2007,60,train_Client_116902,11,0
301,19/4/1999,62,train_Client_116904,11,0
101,9/9/1993,60,train_Client_116905,11,0
304,16/9/2015,62,train_Client_116906,11,0
399,29/7/2004,63,train_Client_116907,11,0
309,21/5/2012,62,train_Client_116908,11,0
305,12/4/2013,62,train_Client_116909,11,0
103,28/10/2013,69,train_Client_11691,11,1
101,16/8/1999,60,train_Client_116910,11,0
101,17/11/2016,60,train_Client_116912,51,0
104,11/12/2018,69,train_Client_116913,11,0
301,8/6/2015,62,train_Client_116914,11,0
309,19/6/2010,62,train_Client_116915,11,0
101,24/12/2002,60,train_Client_116917,11,1
101,24/12/2013,60,train_Client_116918,11,0
107,20/12/1994,69,train_Client_116919,11,0
306,17/4/2012,63,train_Client_116920,11,0
101,20/12/2000,60,train_Client_116921,11,0
105,17/10/1996,69,train_Client_116922,11,0
101,15/3/2010,60,train_Client_116923,11,0
311,9/6/2008,63,train_Client_116925,11,0
305,24/4/1996,62,train_Client_116927,11,0
303,27/3/2017,62,train_Client_116928,11,0
312,17/3/2017,63,train_Client_116930,11,0
101,19/10/2010,63,train_Client_116931,11,0
101,10/12/2002,63,train_Client_116932,11,0
107,30/7/1997,69,train_Client_116933,11,0
101,16/6/2003,60,train_Client_116935,11,0
104,19/10/1999,69,train_Client_116936,11,0
101,12/11/1991,60,train_Client_116938,11,0
302,8/6/2015,62,train_Client_116939,11,0
104,5/4/2010,69,train_Client_11694,11,0
107,10/6/1983,69,train_Client_116940,11,0
307,21/11/1988,62,train_Client_116941,11,0
107,1/7/2016,69,train_Client_116945,11,0
302,30/9/2014,62,train_Client_116947,11,0
103,20/8/2016,69,train_Client_116949,11,0
302,16/12/1986,62,train_Client_11695,11,0
103,31/12/2014,69,train_Client_116950,11,0
107,24/7/2008,69,train_Client_116951,11,0
308,31/12/2011,63,train_Client_116954,11,0
306,29/4/2010,63,train_Client_116956,11,0
104,19/1/2018,69,train_Client_116958,11,0
308,26/9/2014,63,train_Client_116959,11,0
101,19/8/2011,60,train_Client_11696,11,0
371,7/12/1987,62,train_Client_116960,11,0
101,20/8/2007,60,train_Client_116961,11,0
306,28/5/2002,63,train_Client_116962,11,0
311,17/11/1995,63,train_Client_116963,11,0
310,24/11/2016,62,train_Client_116965,11,0
306,21/6/2012,63,train_Client_116966,11,0
103,31/5/2017,69,train_Client_116968,11,0
302,21/4/1997,62,train_Client_116969,11,0
307,3/12/1982,62,train_Client_11697,11,0
308,29/10/2015,63,train_Client_116972,11,0
371,22/10/1991,62,train_Client_116973,11,0
301,17/3/2009,62,train_Client_116974,11,0
307,29/11/2005,62,train_Client_116975,11,0
101,15/9/1998,60,train_Client_116976,11,0
301,4/8/1978,62,train_Client_116979,11,0
101,22/6/1992,60,train_Client_116980,11,0
307,30/12/1998,62,train_Client_116981,11,0
101,2/9/2013,60,train_Client_116982,11,0
104,24/9/1981,69,train_Client_116983,11,0
301,29/3/2010,62,train_Client_116984,11,0
304,18/2/2016,62,train_Client_116986,11,0
101,30/6/1990,60,train_Client_116987,11,0
101,4/10/2016,60,train_Client_116988,11,0
306,3/11/1993,63,train_Client_116989,11,0
103,21/8/2010,69,train_Client_11699,11,0
312,14/5/2015,63,train_Client_116990,11,0
301,7/12/2015,62,train_Client_116991,11,0
101,20/11/1996,60,train_Client_116993,11,0
101,11/4/2016,60,train_Client_116994,11,1
305,4/9/2010,62,train_Client_116995,11,0
101,16/10/2012,60,train_Client_116997,11,0
101,13/10/1997,60,train_Client_116999,11,0
301,27/11/2017,62,train_Client_117,11,0
104,19/2/1985,69,train_Client_11700,11,1
303,19/12/1989,62,train_Client_117000,11,0
305,24/5/1985,62,train_Client_117001,11,0
311,6/12/2014,63,train_Client_117002,11,0
309,17/1/2017,62,train_Client_117004,11,0
101,1/11/1991,60,train_Client_117006,11,0
306,10/4/2014,63,train_Client_117008,11,0
371,15/12/1992,62,train_Client_117009,11,0
103,31/5/2010,69,train_Client_11701,11,0
311,3/9/2014,63,train_Client_117013,11,0
312,12/3/1977,63,train_Client_117014,11,0
303,21/4/2004,62,train_Client_117015,11,0
104,29/6/2009,69,train_Client_117018,11,0
101,29/3/2017,60,train_Client_117020,11,0
310,18/5/2009,62,train_Client_117021,11,0
101,27/3/1986,60,train_Client_117023,11,0
309,4/10/1996,62,train_Client_117024,11,0
310,6/7/2013,62,train_Client_117026,11,0
301,15/12/2000,62,train_Client_117031,11,0
104,16/7/2011,69,train_Client_117032,11,0
104,10/5/1989,69,train_Client_117034,11,0
311,26/8/2009,63,train_Client_117035,11,0
305,3/12/1982,62,train_Client_117036,11,0
104,30/12/1988,69,train_Client_117038,11,0
301,12/12/2003,62,train_Client_117039,11,0
302,10/8/2016,62,train_Client_11704,11,0
101,1/3/1978,60,train_Client_117040,11,0
101,28/10/2013,60,train_Client_117046,11,0
304,4/7/2014,62,train_Client_117047,11,0
101,14/5/1993,60,train_Client_117048,11,1
101,19/3/1997,60,train_Client_117049,11,0
304,18/12/2002,62,train_Client_117051,11,0
305,8/7/1978,62,train_Client_117052,11,0
305,12/12/1983,62,train_Client_117053,11,0
104,23/2/2017,69,train_Client_117054,11,0
310,20/4/2018,62,train_Client_117055,11,0
372,7/5/1990,63,train_Client_117056,11,0
101,22/10/1977,60,train_Client_117057,11,0
371,8/6/1994,62,train_Client_117058,11,0
306,10/12/2007,63,train_Client_117059,11,0
303,12/11/2014,62,train_Client_11706,11,0
302,22/9/2008,62,train_Client_117061,11,0
306,27/10/1989,63,train_Client_117062,11,0
311,27/9/2016,63,train_Client_117063,11,0
303,8/11/2018,62,train_Client_117066,11,0
101,29/5/2010,60,train_Client_117067,11,0
307,13/11/2013,62,train_Client_117068,11,0
371,31/12/1996,62,train_Client_117069,11,0
101,7/3/2009,60,train_Client_11707,11,0
101,24/9/1980,60,train_Client_117070,11,0
310,19/2/2007,62,train_Client_117071,11,0
311,20/1/1993,63,train_Client_117072,11,0
307,19/9/1994,62,train_Client_117074,11,0
107,7/5/2010,69,train_Client_117078,11,0
104,3/10/1979,69,train_Client_117079,11,0
302,28/4/2004,62,train_Client_11708,11,0
307,25/3/1985,62,train_Client_117082,11,0
301,12/11/2008,62,train_Client_117084,11,0
301,29/12/1977,62,train_Client_117085,11,0
101,25/9/2006,60,train_Client_117086,11,0
104,16/11/2015,69,train_Client_117087,11,0
107,24/6/2016,69,train_Client_117088,11,0
311,31/12/2005,63,train_Client_117089,11,0
306,29/9/2012,63,train_Client_117090,11,0
302,19/10/2010,62,train_Client_117091,11,0
104,19/9/1988,69,train_Client_117092,11,0
107,13/12/2006,69,train_Client_117093,11,0
303,16/4/1987,62,train_Client_117094,11,0
101,7/6/1991,60,train_Client_117096,11,0
101,12/3/1996,63,train_Client_117100,11,0
101,19/2/2014,60,train_Client_117101,11,1
101,28/5/2012,60,train_Client_117102,11,0
107,30/9/1998,69,train_Client_117105,11,0
104,15/7/2014,69,train_Client_117106,11,0
309,11/6/1993,62,train_Client_117107,11,0
101,22/11/1991,60,train_Client_117108,11,0
101,7/5/2007,60,train_Client_117109,51,0
101,9/10/2014,60,train_Client_11711,11,0
312,20/1/2015,63,train_Client_117114,11,0
103,21/12/2010,69,train_Client_117115,11,0
101,25/12/1984,60,train_Client_117116,11,0
310,8/11/1977,62,train_Client_117117,11,0
371,14/10/2011,62,train_Client_117119,11,0
101,25/10/2010,60,train_Client_11712,11,0
302,25/2/1977,62,train_Client_117120,11,0
104,28/4/2014,69,train_Client_117121,11,0
101,20/10/1981,60,train_Client_117122,11,0
307,9/10/2000,62,train_Client_117123,12,0
304,8/5/1992,62,train_Client_117124,11,0
101,27/5/2009,60,train_Client_117125,11,0
371,13/3/2000,62,train_Client_117126,11,0
107,17/9/2011,69,train_Client_117129,51,1
311,31/12/2004,63,train_Client_11713,11,0
101,21/9/1984,60,train_Client_117130,11,0
306,25/8/2012,63,train_Client_117131,11,0
101,12/9/2006,60,train_Client_117132,11,0
311,28/10/1999,63,train_Client_117134,11,0
306,9/11/2011,63,train_Client_117135,11,0
101,26/12/2007,60,train_Client_117137,11,0
101,18/3/1987,60,train_Client_11714,11,0
103,15/12/2015,69,train_Client_117140,11,0
303,7/6/1978,62,train_Client_117142,11,0
302,14/5/2001,62,train_Client_117144,11,0
101,26/12/2002,60,train_Client_117145,11,0
101,30/6/2000,60,train_Client_117146,11,0
101,15/2/2010,60,train_Client_117147,11,0
107,30/6/2016,69,train_Client_117148,51,0
103,30/9/1981,69,train_Client_117149,11,0
101,24/3/2008,60,train_Client_11715,11,0
310,8/10/1982,62,train_Client_117150,11,0
372,17/12/1992,63,train_Client_117151,11,1
311,29/8/2016,63,train_Client_117152,11,0
101,4/12/2008,60,train_Client_117154,11,0
303,27/3/2017,62,train_Client_117155,11,0
309,16/12/2017,62,train_Client_117156,11,0
103,27/7/1983,69,train_Client_117157,11,0
101,14/8/2010,60,train_Client_117159,11,0
104,5/12/2003,69,train_Client_11716,11,1
104,26/1/2011,69,train_Client_117160,11,0
104,6/8/2011,69,train_Client_117163,11,0
101,19/7/1996,60,train_Client_117164,11,0
301,15/9/1988,62,train_Client_117165,11,0
104,26/7/2004,69,train_Client_117166,11,0
311,8/2/2010,63,train_Client_117168,11,0
304,21/10/1978,62,train_Client_117170,11,0
101,20/2/1980,60,train_Client_117172,11,0
305,17/12/2013,62,train_Client_117173,11,0
101,9/3/1978,60,train_Client_117174,11,0
101,4/1/2011,63,train_Client_117175,11,0
107,9/6/1987,69,train_Client_117176,11,0
101,28/2/2008,60,train_Client_117177,11,0
101,6/6/1989,60,train_Client_117178,11,0
303,10/2/1986,62,train_Client_117179,11,0
311,21/8/1989,63,train_Client_117180,11,0
104,28/1/1986,69,train_Client_117182,11,0
104,10/2/2006,69,train_Client_117184,11,0
104,24/3/1986,69,train_Client_117186,11,0
103,11/10/2016,69,train_Client_117187,11,0
103,5/8/2009,69,train_Client_117189,11,0
103,27/11/2010,69,train_Client_11719,11,1
311,13/10/1989,63,train_Client_117191,11,0
101,26/3/2018,60,train_Client_117194,11,0
103,7/3/2008,69,train_Client_117195,11,0
104,5/12/2016,69,train_Client_117196,11,0
107,31/7/2002,69,train_Client_117197,11,0
104,27/10/2011,69,train_Client_117198,11,0
103,4/8/2015,69,train_Client_117199,11,0
107,19/3/2014,69,train_Client_1172,11,0
303,10/3/1989,62,train_Client_11720,11,0
302,24/9/2014,62,train_Client_117202,11,0
310,30/11/1990,62,train_Client_117203,11,0
107,30/1/2014,69,train_Client_117204,11,0
301,25/10/2016,62,train_Client_117205,11,0
304,31/12/1990,62,train_Client_117206,11,0
107,11/2/1986,69,train_Client_117207,11,0
301,4/9/2012,62,train_Client_117208,11,0
101,1/12/1995,60,train_Client_117209,11,0
107,16/10/1990,69,train_Client_11721,11,0
371,22/6/1983,62,train_Client_117211,11,1
306,9/11/2013,63,train_Client_117213,11,0
103,10/12/2016,69,train_Client_117214,11,0
101,1/6/2012,60,train_Client_117215,11,0
306,12/12/2012,63,train_Client_117216,11,0
101,8/10/1992,60,train_Client_117217,11,0
301,2/6/2017,62,train_Client_117218,51,0
101,20/11/1996,60,train_Client_117219,11,0
312,23/4/2016,63,train_Client_117220,11,0
104,30/12/1985,69,train_Client_117221,11,0
107,7/11/1984,69,train_Client_117223,11,0
309,4/11/1999,62,train_Client_117224,11,0
301,17/10/1983,62,train_Client_117225,11,0
311,7/12/2018,63,train_Client_117226,11,0
104,10/10/2009,69,train_Client_117227,11,0
302,21/7/1980,62,train_Client_117229,11,0
101,9/12/1992,60,train_Client_117230,11,0
107,25/9/2010,69,train_Client_117231,11,0
303,15/12/2016,62,train_Client_117233,11,0
371,27/12/1989,62,train_Client_117234,11,0
303,10/1/1983,62,train_Client_117235,11,0
306,14/8/1984,63,train_Client_117236,11,0
107,18/2/2013,69,train_Client_117238,11,0
307,25/3/1985,62,train_Client_117239,11,0
104,8/9/2012,69,train_Client_117240,11,0
311,19/3/2016,63,train_Client_117241,11,0
103,13/5/2010,69,train_Client_117242,11,0
309,25/12/2005,62,train_Client_117246,11,0
311,29/12/2012,63,train_Client_117247,11,0
101,23/5/1991,60,train_Client_117248,11,0
101,24/10/2012,60,train_Client_117249,11,1
312,11/4/1990,63,train_Client_11725,11,0
309,17/2/2014,62,train_Client_117250,11,0
101,2/2/1978,60,train_Client_117251,11,0
311,12/1/2018,63,train_Client_117253,11,0
311,30/9/2014,63,train_Client_117254,11,0
379,4/12/2013,63,train_Client_117255,11,0
311,11/12/2017,63,train_Client_117256,12,0
101,17/10/2007,60,train_Client_117260,11,0
301,28/3/2016,62,train_Client_117262,11,0
107,20/11/2012,69,train_Client_117263,11,0
311,21/2/2001,63,train_Client_117264,11,0
371,28/6/2002,62,train_Client_117266,11,0
101,6/12/2010,60,train_Client_117267,11,0
101,1/3/2012,60,train_Client_117268,11,0
311,5/6/2015,63,train_Client_117269,11,0
107,17/11/2009,69,train_Client_11727,11,0
104,21/12/1994,69,train_Client_117272,11,0
371,8/2/2011,62,train_Client_117277,11,0
104,5/4/2018,69,train_Client_117278,11,0
104,9/6/2014,69,train_Client_117280,11,0
101,23/7/2009,60,train_Client_117282,11,0
104,23/6/2014,69,train_Client_117284,11,0
107,15/5/2013,69,train_Client_117286,11,0
101,14/6/1977,60,train_Client_117287,11,0
307,16/5/1984,62,train_Client_117288,11,0
301,19/9/2003,62,train_Client_117289,11,0
306,23/12/1978,63,train_Client_11729,11,0
310,15/12/1992,62,train_Client_117290,11,0
101,31/7/1985,60,train_Client_117291,11,0
101,2/11/2015,60,train_Client_117292,11,0
311,31/5/2018,63,train_Client_117294,11,0
107,29/12/1979,69,train_Client_117295,11,1
107,22/4/2011,69,train_Client_117298,11,0
107,25/3/1997,69,train_Client_117299,11,0
101,26/1/2017,60,train_Client_117300,11,0
309,30/10/2012,62,train_Client_117301,11,0
104,14/12/1989,69,train_Client_117302,11,0
372,6/5/2009,63,train_Client_117303,11,0
107,17/11/2012,69,train_Client_117305,11,0
313,8/10/2015,63,train_Client_117307,11,0
301,5/9/2011,62,train_Client_117308,11,0
104,11/7/2017,69,train_Client_117309,11,0
101,7/8/2012,60,train_Client_11731,11,0
304,25/8/2015,62,train_Client_117310,11,0
303,11/6/2001,62,train_Client_117311,11,0
311,9/5/2012,63,train_Client_117313,11,0
301,28/12/2016,62,train_Client_117314,11,0
306,11/6/1979,63,train_Client_117317,11,0
303,13/6/2005,62,train_Client_117318,11,0
312,5/11/2015,63,train_Client_117319,11,0
303,27/5/1997,62,train_Client_11732,11,0
313,21/10/2011,63,train_Client_117320,11,0
303,14/2/1983,62,train_Client_117321,11,0
107,19/6/2007,69,train_Client_117322,11,0
301,12/11/2013,62,train_Client_117323,11,0
101,3/10/2012,60,train_Client_117324,11,0
101,15/8/1989,60,train_Client_117325,11,0
312,16/11/2013,63,train_Client_117326,11,0
101,15/3/2013,60,train_Client_117327,11,0
101,19/10/2009,60,train_Client_117328,11,0
312,18/10/1990,63,train_Client_117329,11,0
101,16/7/2001,60,train_Client_11733,11,0
103,23/5/2017,69,train_Client_117330,11,0
302,19/10/2012,62,train_Client_117332,11,0
311,19/7/2011,63,train_Client_117333,11,0
303,1/8/1984,62,train_Client_117334,11,0
306,27/9/2016,63,train_Client_117335,11,0
101,2/7/2012,60,train_Client_117338,11,0
107,27/12/2004,69,train_Client_11734,11,0
103,23/4/2012,69,train_Client_117340,11,0
104,12/5/1998,69,train_Client_117342,11,0
302,30/5/2009,62,train_Client_117343,11,0
312,13/7/2012,63,train_Client_117344,11,0
303,23/3/2000,62,train_Client_117345,11,0
304,20/2/2006,62,train_Client_117347,11,0
104,20/11/2014,69,train_Client_117348,11,0
306,22/2/2013,63,train_Client_117350,11,0
103,16/12/2015,69,train_Client_117352,11,0
101,3/3/1994,60,train_Client_117353,11,0
101,23/5/1994,60,train_Client_117354,11,0
101,1/11/2007,60,train_Client_117355,11,0
104,7/4/1987,69,train_Client_117356,11,0
311,14/9/2009,63,train_Client_117357,11,0
105,27/4/2004,69,train_Client_117358,11,0
301,23/5/2007,62,train_Client_117359,11,0
104,27/11/1990,69,train_Client_11736,12,0
101,14/12/1992,60,train_Client_117360,11,0
301,19/11/2007,62,train_Client_117363,11,0
107,3/11/2016,69,train_Client_117364,11,0
101,6/11/1995,60,train_Client_117366,11,0
310,17/3/2005,62,train_Client_117367,11,0
310,29/8/2013,62,train_Client_117369,11,0
305,11/1/2017,62,train_Client_11737,11,0
301,19/2/1999,62,train_Client_117371,11,0
313,28/6/1982,63,train_Client_117373,11,0
104,17/7/2014,69,train_Client_117375,11,0
302,16/5/1996,62,train_Client_117376,11,0
104,15/7/1991,69,train_Client_117377,11,1
307,19/4/1993,62,train_Client_117378,11,0
310,30/1/2013,62,train_Client_11738,11,0
101,29/7/2010,60,train_Client_117380,11,0
310,15/11/2011,62,train_Client_117381,11,0
304,8/9/1995,62,train_Client_117383,11,0
310,24/10/2016,62,train_Client_117387,11,0
313,21/4/1988,63,train_Client_117388,11,0
312,18/3/2014,63,train_Client_117390,11,0
101,19/8/2007,60,train_Client_117392,11,0
301,12/12/2003,62,train_Client_117395,11,0
304,20/9/1990,62,train_Client_117396,11,0
105,4/10/2012,69,train_Client_117397,11,0
101,7/9/2001,60,train_Client_117398,11,0
104,26/2/1987,69,train_Client_117399,11,0
107,31/10/1989,69,train_Client_1174,11,0
101,7/12/2000,60,train_Client_117402,11,0
309,22/6/1983,62,train_Client_117403,11,0
103,13/8/2007,69,train_Client_117404,11,0
101,25/6/1987,63,train_Client_117405,11,0
310,31/7/2012,62,train_Client_117407,11,0
107,30/8/2001,69,train_Client_117408,11,0
104,5/11/2009,69,train_Client_11741,11,0
104,19/3/1987,69,train_Client_117410,11,0
105,26/5/1999,69,train_Client_117411,11,0
107,24/3/1989,69,train_Client_117412,11,0
303,21/3/2017,62,train_Client_117414,11,0
101,16/10/1984,60,train_Client_117416,11,0
303,2/3/1987,62,train_Client_117417,11,0
311,29/10/2011,63,train_Client_117418,11,0
303,19/7/2010,62,train_Client_117419,11,0
101,27/5/1992,60,train_Client_117420,11,0
101,1/9/2016,60,train_Client_117422,11,0
303,18/3/2016,62,train_Client_117423,11,0
301,10/9/1984,62,train_Client_117425,11,0
101,23/7/2013,60,train_Client_117426,11,0
307,27/2/2009,62,train_Client_117427,11,0
311,20/6/2013,63,train_Client_117429,11,0
309,21/7/2012,62,train_Client_117430,11,0
103,6/6/2016,69,train_Client_117432,11,0
306,19/5/2017,63,train_Client_117433,11,0
312,11/6/2002,63,train_Client_117435,11,0
107,14/8/1992,69,train_Client_117437,11,0
311,31/5/2004,63,train_Client_117438,11,0
101,3/10/1979,60,train_Client_117439,11,1
302,6/5/1981,62,train_Client_117440,11,1
104,9/5/2014,69,train_Client_117441,11,0
104,25/9/2002,69,train_Client_117443,11,0
310,27/2/2006,62,train_Client_117444,11,0
107,1/3/2016,69,train_Client_117445,11,0
309,23/6/2010,62,train_Client_117449,11,0
101,3/5/2018,60,train_Client_11745,11,0
302,10/10/2013,62,train_Client_117450,11,0
306,15/12/2006,63,train_Client_117452,11,0
101,28/3/2014,60,train_Client_117453,11,0
101,31/7/1990,60,train_Client_117455,11,0
104,30/5/2011,69,train_Client_117457,11,0
301,30/5/2014,62,train_Client_117459,11,0
107,3/2/2009,69,train_Client_11746,11,0
307,7/3/2014,62,train_Client_117460,11,0
107,11/3/2014,69,train_Client_117461,11,0
103,19/3/2016,69,train_Client_117462,11,0
371,13/7/2009,62,train_Client_117463,11,0
101,8/9/1981,60,train_Client_117465,11,0
101,8/3/2002,60,train_Client_117466,11,0
101,30/8/2010,60,train_Client_117468,11,0
304,31/12/1996,62,train_Client_117469,11,0
106,24/9/1986,69,train_Client_117470,12,1
107,31/8/1977,69,train_Client_117472,11,0
311,8/6/1998,63,train_Client_117473,11,0
301,15/12/2008,62,train_Client_117474,11,0
306,6/7/1999,63,train_Client_117475,11,0
311,3/12/2016,63,train_Client_117476,11,0
107,17/7/2013,69,train_Client_11748,11,0
101,25/9/1997,60,train_Client_117480,11,0
103,10/6/2011,69,train_Client_117481,11,0
304,28/10/1996,62,train_Client_117482,11,0
313,30/8/2014,63,train_Client_117483,11,0
301,17/9/1991,62,train_Client_117485,11,0
103,23/10/2003,69,train_Client_117487,11,0
311,3/3/2015,63,train_Client_117489,11,0
101,15/1/2010,63,train_Client_11749,11,0
305,16/6/2015,62,train_Client_117490,11,0
310,29/11/2017,62,train_Client_117491,11,0
311,6/11/2013,63,train_Client_117492,11,0
101,8/10/1987,60,train_Client_117493,11,0
311,16/3/2015,63,train_Client_117494,11,0
107,27/11/1990,69,train_Client_117496,11,0
101,11/3/1978,60,train_Client_117497,11,0
103,7/1/2015,69,train_Client_117498,11,0
311,15/12/2010,63,train_Client_117499,11,0
313,30/9/2011,63,train_Client_11750,11,0
101,23/6/2011,60,train_Client_117500,11,1
101,22/6/2015,60,train_Client_117502,11,0
101,4/3/2015,60,train_Client_117503,11,0
304,24/1/2006,62,train_Client_117504,11,0
303,3/3/2008,62,train_Client_117508,12,0
301,6/6/2012,62,train_Client_117509,11,0
101,4/10/2010,60,train_Client_11751,11,0
301,19/4/1982,62,train_Client_117512,11,0
101,8/1/2013,60,train_Client_117513,11,0
103,13/11/2009,69,train_Client_117515,11,0
104,7/7/2015,69,train_Client_117517,51,1
101,4/6/2010,60,train_Client_117518,11,0
302,13/5/1983,62,train_Client_117519,11,1
101,20/12/1993,60,train_Client_11752,11,0
399,29/6/1981,63,train_Client_117520,11,0
101,28/2/2005,60,train_Client_117521,11,0
303,11/3/1998,62,train_Client_117522,11,0
104,30/4/1993,69,train_Client_117524,11,0
311,30/4/2004,63,train_Client_117525,11,0
103,27/12/2010,69,train_Client_117526,11,0
101,6/10/1998,60,train_Client_117527,11,0
101,10/8/1981,60,train_Client_117528,11,0
104,24/10/2011,69,train_Client_117529,11,0
103,15/9/2018,69,train_Client_117530,11,0
101,17/5/1977,60,train_Client_117535,11,0
311,12/8/1988,63,train_Client_117536,11,0
101,31/1/2005,60,train_Client_117538,11,0
104,3/3/2010,69,train_Client_117539,11,1
101,16/7/2001,60,train_Client_117540,11,0
107,11/3/2014,69,train_Client_117542,11,0
101,23/6/1993,63,train_Client_117543,12,0
101,11/4/2007,60,train_Client_117544,11,0
304,8/9/1995,62,train_Client_117545,11,0
303,11/3/1985,62,train_Client_117546,11,0
101,11/7/2011,60,train_Client_117548,11,0
301,12/11/2014,62,train_Client_11755,11,0
107,25/6/1991,69,train_Client_117550,11,0
107,19/10/2010,69,train_Client_117551,11,0
107,19/12/2016,69,train_Client_117553,11,0
103,5/9/2011,69,train_Client_117554,11,0
104,7/6/2001,69,train_Client_117555,11,0
313,10/2/1986,63,train_Client_117557,12,0
104,24/9/2007,69,train_Client_117558,11,0
302,14/12/1981,62,train_Client_117559,11,0
107,22/6/1978,69,train_Client_117560,11,0
303,3/7/1982,62,train_Client_117562,11,0
104,20/5/2017,69,train_Client_117563,11,0
101,18/6/2012,60,train_Client_117565,11,0
312,20/2/2018,63,train_Client_117566,11,0
101,29/12/2012,60,train_Client_117567,51,0
107,25/12/1987,69,train_Client_117568,11,0
101,23/4/1999,60,train_Client_117570,11,0
101,21/12/1977,60,train_Client_117571,11,0
101,20/9/1996,60,train_Client_117573,11,0
312,6/3/2014,63,train_Client_117574,11,0
105,25/1/1994,69,train_Client_117578,11,0
311,27/12/2006,63,train_Client_117579,11,0
311,28/3/2003,63,train_Client_11758,11,0
101,25/3/2015,60,train_Client_117580,11,0
311,12/1/1994,63,train_Client_117582,11,0
302,13/11/2009,62,train_Client_117583,11,1
101,20/11/2014,60,train_Client_117584,11,0
103,24/4/2018,69,train_Client_117586,11,1
101,24/5/2002,60,train_Client_117587,11,0
101,12/9/1981,60,train_Client_117589,11,0
101,2/3/2018,60,train_Client_11759,11,0
301,30/6/1998,62,train_Client_117591,11,0
105,20/11/2006,69,train_Client_117594,11,0
101,16/11/1995,60,train_Client_117595,11,0
104,16/3/1984,69,train_Client_117596,11,0
103,29/5/2012,69,train_Client_117597,11,1
104,28/12/1995,69,train_Client_117599,11,0
101,30/12/2004,60,train_Client_1176,11,0
309,22/4/2013,62,train_Client_11760,11,0
306,10/5/2005,63,train_Client_117600,11,0
372,21/12/1994,63,train_Client_117601,11,1
307,18/6/2016,62,train_Client_117604,11,0
312,7/1/2013,63,train_Client_117605,11,0
101,6/8/2008,60,train_Client_117606,11,0
101,14/8/2010,60,train_Client_117607,11,0
101,31/1/1990,60,train_Client_117608,11,0
101,24/12/1979,60,train_Client_117609,11,0
101,24/10/2001,60,train_Client_11761,11,0
301,2/8/2014,62,train_Client_117611,11,0
107,20/12/2012,69,train_Client_117613,11,0
103,15/11/2011,69,train_Client_117614,11,0
101,19/5/1998,60,train_Client_117615,11,0
310,10/10/1991,62,train_Client_117618,11,0
103,29/4/2011,69,train_Client_117619,11,0
311,26/11/2014,63,train_Client_11762,11,0
101,9/12/1982,60,train_Client_117620,11,0
306,28/5/2002,63,train_Client_117621,11,0
101,11/1/2008,60,train_Client_117622,11,0
104,21/5/2009,69,train_Client_117624,51,0
303,1/6/2015,62,train_Client_117625,11,0
306,24/9/2013,63,train_Client_117626,11,0
104,21/10/1981,69,train_Client_117627,11,0
104,13/10/2009,69,train_Client_117628,11,0
103,26/1/1980,69,train_Client_11763,51,1
306,24/11/1992,63,train_Client_117630,11,0
101,8/11/1977,60,train_Client_117631,11,0
302,18/9/1997,62,train_Client_117632,11,1
304,13/9/2000,62,train_Client_117633,11,0
311,7/1/2004,63,train_Client_117634,11,0
103,3/12/2014,69,train_Client_117635,11,0
312,30/6/2014,63,train_Client_117637,11,0
312,10/12/2013,63,train_Client_117638,11,0
103,20/1/2010,69,train_Client_117639,11,0
106,16/12/1985,69,train_Client_117640,11,0
101,15/5/2001,60,train_Client_117641,11,0
304,11/4/2011,62,train_Client_117642,11,0
305,14/1/2008,62,train_Client_117646,11,0
311,14/4/1987,63,train_Client_117647,11,0
104,30/9/1981,69,train_Client_117648,11,0
101,15/10/1999,60,train_Client_117649,11,0
312,22/12/1999,63,train_Client_11765,11,0
101,6/4/2011,60,train_Client_117650,11,0
305,6/6/1983,62,train_Client_117651,11,0
107,10/1/2008,69,train_Client_117653,11,0
103,10/11/2004,69,train_Client_117654,11,0
313,26/1/2010,63,train_Client_117655,11,0
303,30/8/2006,62,train_Client_117658,11,0
101,9/12/1978,60,train_Client_11766,11,0
371,26/6/2000,62,train_Client_117662,11,0
107,2/3/2009,69,train_Client_117663,11,0
101,27/12/2012,60,train_Client_117664,11,0
101,24/7/2009,60,train_Client_117665,11,0
101,14/12/2015,60,train_Client_117667,11,0
104,19/4/2017,69,train_Client_117669,11,0
101,8/3/2006,60,train_Client_11767,11,0
107,14/11/2000,69,train_Client_117670,11,0
101,9/6/2006,60,train_Client_117671,11,0
311,9/10/2006,63,train_Client_117672,11,0
104,15/10/2007,69,train_Client_117673,11,0
101,24/12/2008,60,train_Client_117674,11,0
104,26/7/2000,69,train_Client_117675,11,0
310,29/12/2012,62,train_Client_117677,11,0
311,27/2/2018,63,train_Client_117678,11,0
101,2/12/1993,63,train_Client_117681,11,0
311,17/7/2010,63,train_Client_117682,11,0
101,11/12/2003,60,train_Client_117683,11,0
101,10/4/1989,60,train_Client_117684,11,0
107,14/7/1981,69,train_Client_117685,11,0
309,12/11/2007,62,train_Client_117686,11,0
309,24/2/2003,62,train_Client_117687,11,0
107,10/1/2008,69,train_Client_117688,11,0
301,19/4/1999,62,train_Client_117692,11,0
311,13/9/2014,63,train_Client_117693,11,0
101,16/12/1996,60,train_Client_117694,11,0
101,4/7/1978,60,train_Client_117695,11,1
371,23/12/1994,62,train_Client_117696,11,0
371,20/6/1984,62,train_Client_117697,11,0
379,14/7/2011,63,train_Client_1177,11,1
310,17/4/2017,62,train_Client_11770,11,0
310,9/9/2017,62,train_Client_117700,11,0
307,23/1/2008,62,train_Client_117701,11,0
104,21/10/1994,69,train_Client_117702,11,0
101,9/6/1998,60,train_Client_117703,11,0
311,9/8/2007,63,train_Client_117704,11,0
302,24/9/1999,62,train_Client_117707,11,0
301,30/9/2016,62,train_Client_117708,11,0
101,6/7/2011,60,train_Client_11771,11,0
306,27/11/1996,63,train_Client_117712,11,0
103,5/6/2010,69,train_Client_117714,11,0
306,5/4/1982,63,train_Client_117715,11,0
303,11/11/2015,62,train_Client_117717,11,0
301,26/5/2000,62,train_Client_117719,11,0
101,20/6/2007,60,train_Client_117720,11,0
311,18/2/1992,63,train_Client_117722,11,0
311,22/3/2010,63,train_Client_117724,11,0
301,31/8/2009,62,train_Client_117725,11,0
107,14/7/2015,69,train_Client_117726,51,0
310,18/8/2017,62,train_Client_117727,11,0
104,16/9/1986,69,train_Client_117728,11,0
306,31/5/2000,63,train_Client_11773,11,1
106,22/10/1984,69,train_Client_117731,12,0
308,9/12/2009,63,train_Client_117732,11,0
311,23/12/1994,63,train_Client_117733,11,0
101,6/8/2018,60,train_Client_117734,11,0
305,15/1/2018,62,train_Client_117735,11,0
103,8/12/2015,69,train_Client_117737,11,0
104,23/12/2014,69,train_Client_117738,11,0
101,26/5/2004,60,train_Client_117740,11,0
106,9/8/2012,69,train_Client_117741,11,0
312,22/12/1998,63,train_Client_117746,11,1
101,3/12/1986,60,train_Client_117748,11,0
107,31/5/2007,69,train_Client_117749,11,0
301,14/2/2011,62,train_Client_11775,11,0
307,25/8/2017,62,train_Client_117750,11,0
101,27/4/2015,60,train_Client_117751,11,0
311,14/4/1995,63,train_Client_117752,11,0
312,21/3/2014,63,train_Client_117754,11,0
371,30/11/1990,62,train_Client_117755,11,0
371,24/6/1998,62,train_Client_117756,11,0
104,7/8/2017,69,train_Client_117757,11,0
101,14/11/2013,60,train_Client_117758,11,0
305,30/9/1985,62,train_Client_117761,11,0
101,10/1/2014,60,train_Client_117762,11,0
101,1/3/2005,60,train_Client_117763,11,0
306,27/5/1983,63,train_Client_117764,11,0
103,27/5/2008,69,train_Client_117767,11,0
104,30/10/1995,69,train_Client_117769,11,0
302,31/12/2014,62,train_Client_117770,11,0
103,5/6/2010,69,train_Client_117771,11,0
312,18/10/2000,63,train_Client_117775,11,0
101,7/1/2011,60,train_Client_117779,12,0
302,25/4/2011,62,train_Client_11778,11,0
101,26/3/2009,60,train_Client_117781,11,0
101,9/7/1998,60,train_Client_117782,11,0
101,28/7/1987,60,train_Client_117784,11,0
101,21/2/1995,60,train_Client_117785,11,0
303,26/7/2007,62,train_Client_117786,11,0
311,26/7/2017,63,train_Client_117787,11,0
101,20/9/2008,60,train_Client_117788,11,0
101,1/10/2013,60,train_Client_117789,11,0
104,14/6/2010,69,train_Client_117790,12,0
101,21/9/1984,60,train_Client_117792,11,0
306,7/1/1978,63,train_Client_117793,11,0
379,22/9/2015,63,train_Client_117794,11,0
107,30/11/2016,69,train_Client_117795,11,0
303,19/12/2006,62,train_Client_117796,11,0
103,10/10/2012,69,train_Client_117797,11,1
103,22/1/2013,69,train_Client_117799,11,0
304,26/12/2008,62,train_Client_1178,11,1
104,14/10/2002,69,train_Client_11780,11,0
103,30/12/2011,69,train_Client_117800,11,0
301,11/5/1977,62,train_Client_117801,11,0
301,6/7/2015,62,train_Client_117803,11,0
104,27/11/2015,69,train_Client_117804,11,1
101,8/2/2010,60,train_Client_117805,11,0
101,27/9/1977,60,train_Client_117806,11,0
101,31/12/1990,60,train_Client_117807,11,1
103,22/1/2010,69,train_Client_117809,11,0
103,11/12/2014,69,train_Client_11781,11,1
311,31/8/1990,63,train_Client_117810,11,0
303,24/3/2011,62,train_Client_117811,11,0
305,23/5/1981,62,train_Client_117812,11,0
310,19/10/1993,62,train_Client_117813,11,0
104,12/3/2016,69,train_Client_117814,11,0
312,13/11/2010,63,train_Client_117815,11,0
107,4/7/2015,69,train_Client_117816,11,0
105,20/8/2010,69,train_Client_117817,11,0
311,15/1/2015,63,train_Client_117819,11,0
310,30/6/1999,62,train_Client_11782,11,0
104,17/3/2003,69,train_Client_117821,11,0
104,13/1/1979,69,train_Client_117822,11,0
101,17/5/2012,60,train_Client_117823,11,0
307,5/3/2016,62,train_Client_117826,11,0
101,31/1/1984,60,train_Client_117828,11,0
301,5/4/2014,62,train_Client_117829,11,0
311,12/9/2018,63,train_Client_117831,11,0
104,29/12/2006,69,train_Client_117833,11,0
313,18/4/1981,63,train_Client_117834,11,1
101,15/5/1996,60,train_Client_117835,12,0
305,30/11/1999,62,train_Client_117837,11,1
101,2/12/2003,60,train_Client_117839,11,0
313,20/4/1992,63,train_Client_117840,11,1
104,28/10/1980,69,train_Client_117841,11,0
305,21/2/2011,62,train_Client_117842,11,0
101,5/6/2009,60,train_Client_117843,11,0
304,4/9/2013,62,train_Client_117845,11,0
103,7/9/2011,69,train_Client_117846,11,0
311,22/5/2013,63,train_Client_117847,11,0
101,27/12/2003,60,train_Client_117848,11,0
309,28/6/2002,62,train_Client_117851,11,0
101,22/1/2002,60,train_Client_117852,11,0
101,15/7/1992,60,train_Client_117853,11,0
104,27/11/1990,69,train_Client_117854,11,0
301,28/3/2016,62,train_Client_117855,11,0
101,12/12/2000,60,train_Client_117856,11,0
101,13/11/1995,60,train_Client_117857,11,0
105,18/8/2015,69,train_Client_117858,11,0
101,24/10/2001,60,train_Client_11786,11,0
307,18/6/2011,62,train_Client_117860,11,0
104,27/3/2008,69,train_Client_117861,11,0
301,19/2/1985,62,train_Client_117863,11,0
101,21/12/2012,60,train_Client_117865,11,0
101,31/12/1977,60,train_Client_117866,11,0
302,31/1/2011,62,train_Client_117867,11,0
101,27/12/2001,60,train_Client_117868,12,0
101,22/2/2018,60,train_Client_117869,11,0
101,19/7/2000,60,train_Client_11787,11,0
303,23/5/2013,62,train_Client_117870,11,0
302,5/4/2016,62,train_Client_117871,11,0
303,24/12/1986,62,train_Client_117873,11,0
101,4/6/2012,60,train_Client_117874,11,0
311,24/12/2007,63,train_Client_117877,12,0
105,30/1/2015,69,train_Client_117878,11,0
301,1/10/1982,62,train_Client_117879,11,0
101,27/8/2017,60,train_Client_11788,11,0
301,25/6/2018,62,train_Client_117881,11,0
107,30/1/2014,69,train_Client_117883,11,0
105,15/9/2017,69,train_Client_117884,11,0
305,15/4/1986,62,train_Client_117885,11,0
312,31/3/2014,63,train_Client_117886,51,0
310,28/4/2003,62,train_Client_117888,11,0
309,4/4/2014,62,train_Client_117889,11,0
104,30/7/1980,69,train_Client_11789,11,0
302,26/9/2011,62,train_Client_117891,11,0
302,26/11/2008,62,train_Client_117892,11,0
104,31/12/2000,69,train_Client_117893,11,0
104,13/3/2007,69,train_Client_117894,11,0
306,31/10/2000,63,train_Client_117895,51,0
302,25/10/1999,62,train_Client_117897,11,1
311,30/9/2014,63,train_Client_117898,11,0
301,11/2/2000,62,train_Client_117899,11,0
101,12/12/2000,60,train_Client_11790,11,0
312,18/6/2011,63,train_Client_117901,11,0
107,23/10/2013,69,train_Client_117902,11,0
302,16/12/1986,62,train_Client_117903,11,0
104,28/1/1985,69,train_Client_117904,11,0
303,13/3/2001,62,train_Client_117905,11,0
306,10/5/2002,63,train_Client_117908,11,0
371,14/6/2006,62,train_Client_117909,11,0
101,5/2/1985,60,train_Client_11791,11,0
101,27/8/2010,60,train_Client_117910,11,0
303,13/10/1980,62,train_Client_117911,11,0
101,31/12/1996,60,train_Client_117912,11,0
107,7/12/2012,69,train_Client_117913,11,1
310,4/6/2015,62,train_Client_117914,11,0
103,13/4/1983,69,train_Client_117915,11,0
301,26/6/2002,62,train_Client_117916,11,0
101,4/8/2009,60,train_Client_117918,11,0
104,13/6/2012,69,train_Client_117919,11,0
103,5/6/2010,69,train_Client_11792,11,0
311,31/1/2000,63,train_Client_117921,11,0
107,22/1/2016,69,train_Client_117922,11,0
305,10/3/2004,62,train_Client_117923,11,0
310,24/11/2016,62,train_Client_117924,11,0
101,18/6/2003,60,train_Client_117928,11,0
305,9/12/2004,62,train_Client_117929,11,0
311,10/5/2005,63,train_Client_11793,11,0
103,2/4/2012,69,train_Client_117930,11,1
301,16/10/1997,62,train_Client_117931,11,1
101,3/9/2014,60,train_Client_117932,11,0
101,24/4/1997,60,train_Client_117933,11,0
312,25/4/2009,63,train_Client_117934,11,0
371,24/5/1984,62,train_Client_117935,11,0
303,19/4/2011,62,train_Client_117936,11,0
105,9/10/2013,69,train_Client_117937,11,0
101,11/1/2011,60,train_Client_117938,11,0
101,5/5/2011,60,train_Client_117939,51,0
104,4/2/2008,69,train_Client_11794,11,0
308,10/5/2002,63,train_Client_117943,11,0
101,17/12/2003,60,train_Client_117944,11,1
104,30/5/2007,69,train_Client_117945,11,0
303,7/8/2009,62,train_Client_117946,11,0
104,21/2/1983,69,train_Client_117947,11,0
310,9/10/2000,62,train_Client_117948,11,0
301,3/9/2015,62,train_Client_117949,11,0
105,13/4/1983,69,train_Client_11795,11,0
305,20/5/1980,62,train_Client_117950,11,0
107,13/4/2006,69,train_Client_117951,11,0
101,8/5/2000,60,train_Client_117952,11,0
101,14/8/2009,60,train_Client_117953,11,1
301,17/12/1992,62,train_Client_117954,11,0
306,3/10/2013,63,train_Client_117956,11,0
101,9/1/1979,60,train_Client_117959,11,0
310,15/11/2016,62,train_Client_11796,11,0
103,6/12/2010,69,train_Client_117961,11,0
101,19/10/2009,60,train_Client_117962,11,0
101,17/3/1982,60,train_Client_117963,11,1
306,26/6/2008,63,train_Client_117964,11,0
101,27/5/2013,60,train_Client_117965,11,0
101,13/9/2011,60,train_Client_117966,11,0
103,31/5/2017,69,train_Client_117969,11,0
301,30/8/2017,62,train_Client_11797,11,0
301,5/11/1984,62,train_Client_117970,11,0
104,12/9/2003,69,train_Client_117971,11,0
101,18/8/2000,60,train_Client_117972,11,0
103,8/11/2012,69,train_Client_117973,11,0
306,2/2/1987,63,train_Client_117974,11,0
311,28/8/1989,63,train_Client_117976,11,0
104,26/10/2011,69,train_Client_117977,11,0
310,8/12/2009,62,train_Client_117979,11,0
302,8/1/2018,62,train_Client_11798,11,0
309,31/1/2002,62,train_Client_117980,11,0
101,14/4/2018,60,train_Client_117983,11,0
301,23/12/2010,62,train_Client_117984,11,0
306,26/11/2013,63,train_Client_117985,11,0
104,12/6/2012,69,train_Client_117986,11,0
101,30/12/1995,60,train_Client_117987,11,0
101,24/9/1999,60,train_Client_117988,11,0
107,2/12/2015,69,train_Client_117989,11,0
313,4/2/2016,63,train_Client_11799,11,0
311,28/10/1996,63,train_Client_117991,11,0
301,10/6/1983,62,train_Client_117992,11,0
301,5/6/2014,62,train_Client_117993,11,0
107,3/11/2014,69,train_Client_117994,11,0
307,22/6/1983,62,train_Client_117995,11,0
103,7/10/1992,69,train_Client_117996,11,0
103,31/12/2010,69,train_Client_117997,11,0
101,24/4/2009,60,train_Client_117998,11,0
307,4/5/1981,62,train_Client_117999,11,0
103,9/10/2013,69,train_Client_1180,11,0
101,28/6/2016,60,train_Client_11800,11,0
103,5/5/2016,69,train_Client_118000,51,0
107,3/12/2013,69,train_Client_118002,11,0
301,9/2/2009,62,train_Client_118003,11,0
103,20/8/2008,69,train_Client_118004,11,0
101,6/8/2004,60,train_Client_118006,11,0
103,5/6/2010,69,train_Client_118007,11,0
107,29/5/2012,69,train_Client_118009,11,0
305,9/6/1987,62,train_Client_11801,11,0
311,26/4/2017,63,train_Client_118010,11,0
101,6/10/2011,60,train_Client_118011,11,0
101,26/12/2012,60,train_Client_118012,11,0
302,7/3/2013,62,train_Client_118015,11,0
313,18/1/2010,63,train_Client_118017,11,0
311,9/3/2017,63,train_Client_118019,11,0
107,9/7/2010,69,train_Client_11802,11,0
105,28/7/2011,69,train_Client_118020,11,0
101,7/11/1981,60,train_Client_118024,11,0
101,11/6/1993,60,train_Client_118025,11,0
101,22/10/1977,60,train_Client_118026,11,0
101,9/5/2008,60,train_Client_118028,11,0
105,25/10/2017,69,train_Client_118030,11,0
101,12/3/2009,60,train_Client_118031,11,0
310,16/12/2014,62,train_Client_118032,11,0
107,11/3/2014,69,train_Client_118033,11,0
371,12/4/2005,62,train_Client_118034,11,0
304,30/6/2016,62,train_Client_118035,51,0
101,28/2/1983,60,train_Client_118036,11,0
372,13/7/2012,63,train_Client_118037,11,0
303,14/12/2007,62,train_Client_118039,11,0
107,30/11/1998,69,train_Client_11804,11,0
303,17/4/2009,62,train_Client_118041,11,0
307,31/10/1985,62,train_Client_118043,11,0
101,29/4/2013,60,train_Client_118044,11,0
101,2/2/1978,60,train_Client_118046,11,0
101,30/5/2007,60,train_Client_118047,11,0
308,18/12/1990,63,train_Client_118050,11,0
307,31/12/1997,62,train_Client_118052,11,0
306,4/6/2008,63,train_Client_118053,11,0
312,3/1/2012,63,train_Client_118055,11,0
303,13/6/2014,62,train_Client_118056,11,0
313,21/11/2013,63,train_Client_118057,11,0
310,30/12/2010,62,train_Client_118058,11,0
101,9/11/2016,60,train_Client_118059,11,0
107,3/12/2009,69,train_Client_118060,11,0
103,12/9/1988,69,train_Client_118062,11,0
101,29/8/1995,60,train_Client_118063,11,0
301,4/3/2014,62,train_Client_118067,11,0
104,23/10/2001,69,train_Client_118068,11,0
307,8/1/2013,62,train_Client_118069,11,0
107,22/1/2014,69,train_Client_11807,11,0
310,15/8/2015,62,train_Client_118070,11,0
107,18/3/2005,69,train_Client_118071,11,0
304,30/12/2003,62,train_Client_118072,11,0
304,16/9/1980,62,train_Client_118075,11,0
310,22/8/2009,62,train_Client_118076,11,0
307,24/12/2004,62,train_Client_118077,11,0
310,24/4/2012,62,train_Client_118078,11,0
301,24/10/1995,62,train_Client_118079,11,0
107,19/12/2006,69,train_Client_11808,11,0
104,21/10/1996,69,train_Client_118080,11,0
101,26/2/2002,60,train_Client_118081,11,0
103,27/10/1980,69,train_Client_118082,11,0
107,20/2/2013,69,train_Client_118085,11,0
101,28/7/2003,60,train_Client_118086,11,0
101,1/12/1995,63,train_Client_118088,11,0
311,17/9/1999,63,train_Client_118089,11,0
107,29/3/2004,69,train_Client_11809,11,0
104,4/4/2014,69,train_Client_118090,11,0
306,5/6/1989,63,train_Client_118091,11,0
309,17/7/2007,62,train_Client_118092,11,0
310,22/3/2007,62,train_Client_118093,11,0
305,27/12/1999,62,train_Client_118096,11,0
311,15/9/2012,63,train_Client_118097,11,0
313,6/10/2014,63,train_Client_11810,11,0
104,6/5/2017,69,train_Client_118100,11,0
306,26/9/2012,63,train_Client_118102,11,0
107,15/10/2004,69,train_Client_118105,11,0
103,29/11/2011,69,train_Client_118109,11,0
107,13/12/1984,69,train_Client_11811,11,0
304,31/1/2013,62,train_Client_118111,11,0
104,23/3/2010,69,train_Client_118112,11,0
301,26/2/2007,62,train_Client_118113,11,0
103,5/9/2011,69,train_Client_118114,11,1
104,30/11/2011,69,train_Client_118115,11,0
101,5/4/2011,60,train_Client_118117,11,0
301,26/12/2012,62,train_Client_118119,11,0
302,4/4/1978,62,train_Client_11812,11,1
107,12/5/1997,69,train_Client_118120,11,0
105,12/10/2011,69,train_Client_118121,11,0
104,16/11/1995,69,train_Client_118123,11,0
307,9/10/1987,62,train_Client_118125,11,0
301,29/8/2003,62,train_Client_118128,11,0
107,28/10/1985,69,train_Client_118131,11,0
103,5/12/2006,69,train_Client_118132,11,0
399,11/5/1990,63,train_Client_118133,11,0
301,7/8/2002,62,train_Client_118135,11,0
303,28/10/2013,62,train_Client_118138,11,0
101,25/2/2009,60,train_Client_11814,11,0
303,3/9/2009,62,train_Client_118140,11,0
104,12/5/1998,69,train_Client_118141,11,0
104,26/7/2013,69,train_Client_118142,11,0
101,20/6/2013,60,train_Client_118143,11,0
307,7/2/2014,62,train_Client_118144,11,0
306,16/4/2013,63,train_Client_118145,11,0
311,31/3/2016,63,train_Client_118146,11,0
103,13/1/2016,69,train_Client_118147,11,0
303,13/11/1989,62,train_Client_118148,11,0
302,25/12/1979,62,train_Client_118149,11,0
306,21/1/2008,63,train_Client_11815,11,0
305,21/12/1977,62,train_Client_118150,11,0
302,31/5/1984,62,train_Client_118151,11,0
101,11/6/2013,60,train_Client_118154,11,0
101,29/6/2010,60,train_Client_118155,11,0
312,29/7/2005,63,train_Client_118156,11,0
309,17/5/1991,62,train_Client_118157,11,0
302,19/4/1999,62,train_Client_11816,11,0
101,31/12/1994,60,train_Client_118160,11,0
104,15/11/2000,69,train_Client_118162,11,0
311,16/12/1986,63,train_Client_118163,11,0
308,17/11/1995,63,train_Client_118165,11,0
303,16/11/2013,62,train_Client_118167,11,0
301,6/2/1980,62,train_Client_118169,11,0
101,12/12/1978,60,train_Client_118170,11,0
311,17/2/1988,63,train_Client_118175,11,0
107,14/4/2014,69,train_Client_118176,11,0
307,19/7/2014,62,train_Client_118177,11,0
310,19/7/2011,62,train_Client_118178,11,0
101,30/5/1988,60,train_Client_118179,11,0
104,12/12/2018,69,train_Client_11818,11,0
101,4/5/1994,60,train_Client_118181,11,0
304,28/6/2002,62,train_Client_118183,11,0
101,4/7/2014,60,train_Client_118184,11,0
101,7/9/2001,60,train_Client_118185,11,0
310,13/11/2018,62,train_Client_118186,11,0
101,13/12/2002,60,train_Client_118188,11,0
107,2/5/1985,69,train_Client_118189,11,0
307,18/1/2013,62,train_Client_11819,11,0
101,24/10/2008,60,train_Client_118193,11,0
103,28/2/2001,69,train_Client_118194,11,0
309,16/5/1994,62,train_Client_118195,11,0
105,27/10/1997,69,train_Client_118196,11,0
311,26/1/2000,63,train_Client_118197,11,0
304,1/7/2013,62,train_Client_118198,11,0
101,14/10/1980,60,train_Client_118199,11,0
101,2/7/2007,60,train_Client_118202,11,0
310,14/12/2017,62,train_Client_118203,11,0
305,13/2/1996,62,train_Client_118206,11,0
311,29/11/2002,63,train_Client_118207,11,0
306,11/12/2015,63,train_Client_118208,12,0
301,20/11/2006,62,train_Client_118209,11,0
301,18/3/2011,62,train_Client_118210,11,0
309,9/12/1996,62,train_Client_118211,11,0
306,28/11/2003,63,train_Client_118212,11,0
101,28/10/2013,60,train_Client_118215,11,0
303,27/3/2017,62,train_Client_118216,11,0
101,16/8/1999,60,train_Client_118217,11,0
311,27/2/2018,63,train_Client_118218,11,0
311,16/10/1997,63,train_Client_118219,11,0
101,30/3/2001,60,train_Client_11822,11,0
301,21/10/1978,62,train_Client_118220,11,0
107,10/12/2008,69,train_Client_118222,11,0
101,27/8/2009,60,train_Client_118223,11,0
301,17/5/2002,62,train_Client_118224,11,0
313,17/5/2014,63,train_Client_118228,11,0
313,11/10/2000,63,train_Client_11823,11,0
101,6/4/1984,60,train_Client_118231,11,0
101,7/12/2008,60,train_Client_118232,11,0
107,25/3/2002,69,train_Client_118233,11,0
311,7/10/1998,63,train_Client_118235,11,0
107,25/12/1987,69,train_Client_118237,11,0
305,19/10/2009,62,train_Client_118239,11,0
104,23/10/2001,69,train_Client_118240,11,0
101,16/3/2017,60,train_Client_118242,11,0
101,17/2/2011,60,train_Client_118243,11,0
103,29/1/2014,69,train_Client_118244,11,0
301,28/1/1986,62,train_Client_118245,11,0
306,27/2/2014,63,train_Client_118246,11,0
107,19/11/2015,69,train_Client_118247,11,0
302,14/1/2008,62,train_Client_118248,11,0
101,25/6/1997,60,train_Client_118249,11,0
101,27/11/1995,60,train_Client_118250,11,0
303,9/6/1987,62,train_Client_118255,11,0
301,11/10/1977,62,train_Client_118257,11,0
107,29/5/2002,69,train_Client_118258,11,0
313,11/6/2009,63,train_Client_11826,11,0
101,15/5/2007,60,train_Client_118260,11,0
107,25/8/2011,69,train_Client_118261,11,0
304,8/2/2017,62,train_Client_118262,11,0
104,27/8/2007,69,train_Client_118263,11,0
371,22/11/1984,62,train_Client_118265,11,0
101,4/4/2012,60,train_Client_118266,11,0
101,22/10/2013,60,train_Client_118267,11,1
311,27/9/2013,63,train_Client_118268,11,0
104,30/7/1997,69,train_Client_118269,11,0
311,27/9/2013,63,train_Client_11827,11,0
310,22/8/2003,62,train_Client_118270,11,0
303,25/1/2017,62,train_Client_118271,11,0
101,6/10/1998,60,train_Client_118274,11,0
101,13/2/2012,60,train_Client_118276,11,0
303,3/2/2016,62,train_Client_118278,11,0
304,11/11/2006,62,train_Client_118280,11,0
107,31/10/1989,69,train_Client_118281,11,0
107,15/5/2013,69,train_Client_118282,11,0
107,24/6/2009,69,train_Client_118284,11,0
307,3/9/1991,62,train_Client_118285,11,0
101,31/12/1996,60,train_Client_118288,11,0
312,22/8/2001,63,train_Client_118289,11,0
101,19/8/1980,60,train_Client_11829,11,0
101,18/5/2011,60,train_Client_118290,11,0
310,18/7/2007,62,train_Client_118291,11,0
103,14/6/2006,69,train_Client_118292,11,0
302,28/4/1981,62,train_Client_118293,11,0
101,13/10/2016,60,train_Client_118294,11,0
371,13/9/2008,62,train_Client_118296,11,0
371,12/11/2014,62,train_Client_118297,11,0
104,26/1/2012,69,train_Client_118298,11,0
310,9/6/2018,62,train_Client_11830,11,0
307,5/4/2018,62,train_Client_118304,11,0
101,18/6/2015,60,train_Client_118307,11,0
304,17/7/2014,62,train_Client_118308,11,0
304,24/5/1980,62,train_Client_118309,11,0
308,5/8/1991,63,train_Client_118310,11,0
101,28/7/2007,60,train_Client_118311,11,0
101,23/5/2013,60,train_Client_118312,11,0
107,14/10/2005,69,train_Client_118313,11,0
101,15/9/1998,60,train_Client_118314,11,0
101,31/12/2004,60,train_Client_118315,11,0
101,18/3/1992,60,train_Client_118316,11,0
101,19/3/2010,60,train_Client_118317,11,0
311,27/10/1989,63,train_Client_118318,11,0
206,21/10/2011,69,train_Client_11832,11,0
310,1/9/2005,62,train_Client_118320,11,0
101,25/9/2006,60,train_Client_118321,11,0
306,26/10/1993,63,train_Client_118322,11,0
107,14/11/2006,69,train_Client_118326,11,0
103,25/11/2013,69,train_Client_118327,11,0
101,29/6/2006,63,train_Client_118329,11,0
311,24/11/1988,63,train_Client_11833,11,0
302,14/1/1987,62,train_Client_118330,11,0
379,24/11/2010,63,train_Client_118331,11,0
301,13/10/1980,62,train_Client_118334,11,0
371,20/12/1990,62,train_Client_118335,11,0
309,20/12/2017,62,train_Client_118336,11,0
107,28/10/2013,69,train_Client_118338,11,0
307,23/8/2010,62,train_Client_118339,11,0
307,27/1/2018,62,train_Client_11834,11,0
101,7/11/1983,60,train_Client_118341,11,0
104,30/10/1995,69,train_Client_118342,51,1
311,25/2/2003,63,train_Client_118343,11,0
310,15/4/2015,62,train_Client_118344,11,0
107,10/12/2008,69,train_Client_118345,11,0
101,17/3/1979,60,train_Client_118347,11,0
105,26/11/1977,69,train_Client_118348,11,0
107,20/9/1985,69,train_Client_118349,11,1
101,1/6/2006,60,train_Client_118350,11,0
104,17/2/2005,69,train_Client_118353,11,0
311,29/4/2015,63,train_Client_118354,11,0
101,1/6/2012,60,train_Client_118355,11,0
107,27/10/1986,69,train_Client_118356,11,0
304,6/2/1980,62,train_Client_118359,11,0
101,4/3/1982,60,train_Client_11836,11,0
103,1/6/2011,69,train_Client_118360,11,0
303,27/5/1997,62,train_Client_118361,12,0
311,3/2/2012,63,train_Client_118363,11,0
107,21/11/2011,69,train_Client_118364,11,0
301,24/12/1982,62,train_Client_118365,11,0
305,27/5/1997,62,train_Client_118366,11,0
101,10/1/2010,60,train_Client_118367,11,0
303,8/9/2017,62,train_Client_118368,11,0
306,9/2/2015,63,train_Client_118369,11,0
101,28/11/1990,60,train_Client_118370,12,0
101,9/12/1978,60,train_Client_118371,11,0
101,1/3/2008,60,train_Client_118372,11,0
306,14/12/2011,63,train_Client_118373,11,0
103,16/4/2014,69,train_Client_118374,11,1
101,16/9/1994,60,train_Client_118375,11,0
310,6/6/2012,62,train_Client_118377,11,0
101,25/10/2001,60,train_Client_118378,11,0
303,19/2/2013,62,train_Client_11838,11,0
101,25/4/2012,60,train_Client_118384,11,0
307,25/10/2010,62,train_Client_118386,11,0
302,14/4/1995,62,train_Client_118387,11,1
302,22/11/2010,62,train_Client_118388,11,0
101,27/5/1978,60,train_Client_118389,11,0
311,21/1/2008,63,train_Client_118390,11,0
103,6/7/2013,69,train_Client_118391,11,0
304,1/12/2011,62,train_Client_118392,11,0
311,16/10/2015,63,train_Client_118393,11,0
104,25/3/2016,69,train_Client_118394,11,0
307,29/7/1997,62,train_Client_118395,11,0
101,13/12/1982,60,train_Client_118396,11,0
107,18/12/1995,69,train_Client_118397,11,0
309,22/8/2006,62,train_Client_118398,11,1
101,12/10/2010,60,train_Client_118399,11,0
310,25/8/2018,62,train_Client_1184,11,0
301,6/2/1980,62,train_Client_11840,11,0
101,18/10/2001,60,train_Client_118400,11,0
101,10/3/2014,60,train_Client_118401,11,0
311,27/11/2013,63,train_Client_118402,11,0
303,19/4/2018,62,train_Client_118403,11,0
101,29/9/2006,60,train_Client_118405,11,0
311,20/11/2013,63,train_Client_118406,11,0
103,25/9/2010,69,train_Client_118409,11,0
107,21/3/2013,69,train_Client_118410,11,0
311,30/5/2008,63,train_Client_118411,11,0
101,21/5/1993,60,train_Client_118412,11,0
101,18/9/2009,60,train_Client_118413,11,0
303,21/1/2015,62,train_Client_118418,11,0
101,15/4/2009,60,train_Client_118419,11,0
303,31/10/2007,62,train_Client_11842,11,1
303,21/7/1980,62,train_Client_118421,11,0
304,26/12/2006,62,train_Client_118422,11,0
107,28/1/2016,69,train_Client_118425,11,1
301,24/3/1989,62,train_Client_118426,12,0
107,5/4/2007,69,train_Client_118427,11,0
103,31/12/2005,69,train_Client_118429,11,0
101,13/11/2001,60,train_Client_118430,11,0
104,30/8/1995,69,train_Client_118431,11,0
104,29/11/1977,69,train_Client_118435,11,0
307,16/9/1987,62,train_Client_118436,11,0
306,2/3/2011,63,train_Client_118438,11,0
307,4/3/2016,62,train_Client_118440,11,0
101,28/7/2016,60,train_Client_118441,11,0
105,18/1/2016,69,train_Client_118442,11,0
104,19/12/1988,69,train_Client_118444,11,0
107,31/10/1989,69,train_Client_118445,11,0
304,28/7/1989,62,train_Client_118446,11,0
304,13/6/2012,62,train_Client_118447,11,0
107,24/8/2009,69,train_Client_118448,11,0
311,28/12/2011,63,train_Client_118449,11,0
303,11/4/2015,62,train_Client_11845,11,0
310,18/2/2002,62,train_Client_118453,11,0
313,11/9/2009,63,train_Client_118454,11,0
101,18/3/2013,63,train_Client_118455,11,0
104,6/10/2004,69,train_Client_118456,11,1
101,18/6/2010,60,train_Client_118457,11,0
101,1/9/1980,60,train_Client_118458,11,0
101,18/9/2012,60,train_Client_11846,11,0
371,4/9/2007,62,train_Client_118460,11,0
307,16/11/1989,62,train_Client_118462,11,1
107,25/3/2010,69,train_Client_118464,11,0
301,11/1/1978,62,train_Client_118465,11,0
107,31/8/1977,69,train_Client_118466,11,0
379,22/11/2013,63,train_Client_118468,11,1
311,13/12/2012,63,train_Client_118471,11,0
107,7/1/2016,69,train_Client_118472,11,0
308,2/9/2011,62,train_Client_118473,11,0
101,3/6/1982,60,train_Client_118474,11,0
103,22/2/2014,69,train_Client_118475,11,0
303,31/5/2006,62,train_Client_118476,11,0
105,26/2/2014,69,train_Client_118478,11,0
301,14/4/2018,62,train_Client_118480,11,0
104,16/8/2016,69,train_Client_118482,11,0
101,5/6/2012,60,train_Client_118484,11,0
107,25/11/2013,69,train_Client_118485,11,0
301,16/10/1998,62,train_Client_118489,11,0
107,8/12/2009,69,train_Client_11849,11,0
307,22/9/1995,62,train_Client_118492,11,0
104,17/10/2016,69,train_Client_118493,11,0
303,31/12/1999,62,train_Client_118494,11,0
307,29/11/2005,62,train_Client_118495,11,0
311,21/2/2001,63,train_Client_118496,11,0
303,14/2/2015,62,train_Client_118497,11,0
312,22/4/2010,63,train_Client_118498,11,0
305,30/6/1983,62,train_Client_1185,11,1
302,4/3/1982,62,train_Client_118500,11,0
304,10/5/2008,62,train_Client_118501,11,0
309,13/12/1994,62,train_Client_118503,11,0
307,9/10/2000,62,train_Client_118505,11,0
101,17/9/2015,60,train_Client_118506,11,0
310,3/11/2004,62,train_Client_118508,11,0
312,7/4/2016,63,train_Client_11851,11,0
305,12/12/1978,62,train_Client_118510,11,1
303,14/4/2004,62,train_Client_118511,11,0
310,28/3/2003,62,train_Client_118512,11,0
103,21/3/2014,69,train_Client_118513,51,1
306,13/10/2017,63,train_Client_118514,11,0
107,12/6/2001,69,train_Client_118515,11,0
101,22/2/2008,60,train_Client_118517,11,0
302,9/2/2008,62,train_Client_118519,11,1
399,31/12/2000,63,train_Client_11852,11,0
301,30/9/1994,62,train_Client_118520,11,0
311,12/5/2011,63,train_Client_118521,11,0
103,19/7/2013,69,train_Client_118522,11,0
103,12/12/2015,69,train_Client_118523,11,0
101,2/9/2008,60,train_Client_118524,11,0
106,9/12/1981,69,train_Client_118525,11,1
311,14/5/2014,63,train_Client_118526,11,0
104,23/6/2014,69,train_Client_118528,11,0
311,17/9/1999,63,train_Client_118529,11,0
103,21/12/2010,69,train_Client_11853,11,0
311,30/5/2002,63,train_Client_118530,11,0
101,26/9/2012,60,train_Client_118531,11,0
301,1/6/2010,62,train_Client_118532,12,0
310,20/6/2013,62,train_Client_118533,11,0
107,22/1/2014,69,train_Client_118534,11,0
309,9/6/2011,62,train_Client_118536,11,0
101,20/11/2008,60,train_Client_118538,11,0
313,26/1/1980,63,train_Client_118539,11,0
313,30/1/2010,63,train_Client_11854,11,0
107,23/9/2005,69,train_Client_118540,11,0
311,1/4/2014,63,train_Client_118541,11,0
302,21/1/2010,62,train_Client_118542,11,0
104,4/7/2013,69,train_Client_118543,11,0
103,25/6/2016,69,train_Client_118545,11,0
304,13/10/1980,62,train_Client_118549,11,0
307,20/2/2015,62,train_Client_11855,11,0
303,17/5/1995,62,train_Client_118550,11,0
101,4/4/1978,60,train_Client_118551,11,0
311,26/4/1995,63,train_Client_118552,11,0
303,15/9/2011,62,train_Client_118555,11,0
104,8/5/2017,69,train_Client_118556,11,0
107,24/3/1994,69,train_Client_118557,11,0
104,14/3/2011,69,train_Client_118558,11,0
104,20/2/1982,69,train_Client_118559,11,0
104,31/8/2016,69,train_Client_118560,11,0
101,6/3/2009,60,train_Client_118561,11,0
104,24/11/2009,69,train_Client_118566,11,0
101,16/3/1989,60,train_Client_118567,11,0
302,9/4/2016,62,train_Client_118568,11,0
301,24/4/2007,62,train_Client_118572,11,0
301,29/10/2012,62,train_Client_118573,11,0
312,24/2/2017,63,train_Client_118574,11,0
311,10/10/1989,63,train_Client_11858,11,0
101,15/1/2016,63,train_Client_118580,11,0
101,27/6/1985,60,train_Client_118581,11,0
310,7/5/2012,62,train_Client_118582,11,0
301,30/5/1978,62,train_Client_118583,11,0
301,25/1/2002,62,train_Client_118584,11,0
307,17/2/2017,62,train_Client_118585,11,0
379,21/11/2012,63,train_Client_118586,11,0
107,2/11/1987,69,train_Client_118587,11,0
107,31/10/2012,69,train_Client_118588,11,0
302,17/3/1981,62,train_Client_11859,11,0
307,30/12/1997,62,train_Client_118591,11,0
103,10/12/2016,69,train_Client_118592,11,0
312,7/5/1991,63,train_Client_118593,11,0
304,31/7/2003,62,train_Client_118594,11,0
312,4/1/2013,63,train_Client_118596,11,0
101,14/6/1988,60,train_Client_118597,11,0
101,6/12/1999,60,train_Client_118599,11,0
101,19/3/1996,60,train_Client_1186,11,1
306,30/9/2015,63,train_Client_11860,11,0
107,12/5/2017,69,train_Client_118600,11,0
101,16/7/2002,60,train_Client_118601,11,0
101,27/5/1992,60,train_Client_118602,11,0
104,13/11/1998,69,train_Client_118603,11,0
101,9/3/2013,60,train_Client_118604,11,0
302,19/6/2000,62,train_Client_118605,11,0
310,21/11/2001,62,train_Client_118607,11,0
101,8/12/2010,60,train_Client_118608,11,0
101,5/10/2010,60,train_Client_118609,11,0
105,14/6/2006,69,train_Client_11861,11,0
311,6/5/1994,63,train_Client_118610,11,0
303,12/6/1982,62,train_Client_118611,11,0
101,20/12/2001,60,train_Client_118612,51,0
101,22/6/1987,60,train_Client_118613,11,0
310,25/9/2002,62,train_Client_118614,11,0
104,8/4/2002,69,train_Client_118615,11,0
107,1/3/1994,69,train_Client_118618,11,1
101,1/3/2008,60,train_Client_11862,11,0
303,25/5/2016,62,train_Client_118621,11,0
104,12/5/1998,69,train_Client_118622,11,0
101,9/7/1991,60,train_Client_118623,11,0
101,20/9/2013,60,train_Client_118624,11,0
302,12/4/2013,62,train_Client_118625,11,0
101,4/10/2016,60,train_Client_118626,11,0
104,10/4/2002,69,train_Client_118627,11,0
106,3/11/2008,69,train_Client_118628,11,0
311,8/11/2011,63,train_Client_11863,11,0
312,19/10/1983,63,train_Client_118631,11,0
104,30/11/2015,69,train_Client_118633,11,0
107,24/5/2012,69,train_Client_118634,11,0
306,26/9/2012,63,train_Client_118635,11,0
301,4/8/2016,62,train_Client_118638,11,0
101,1/3/2008,60,train_Client_118639,11,0
103,28/2/1995,69,train_Client_118640,11,0
306,11/6/1979,63,train_Client_118641,11,0
103,10/9/2011,69,train_Client_118642,11,0
301,18/11/2015,62,train_Client_118643,11,0
101,10/7/2013,60,train_Client_118644,11,0
107,10/9/2004,69,train_Client_118645,11,0
311,29/12/1997,63,train_Client_118646,11,0
107,19/10/2017,69,train_Client_118649,11,0
309,30/5/2007,62,train_Client_11865,11,0
310,22/9/1988,62,train_Client_118651,11,0
371,8/11/2006,62,train_Client_118652,11,0
101,16/2/1993,60,train_Client_118656,11,0
101,13/3/2014,60,train_Client_118657,11,0
104,31/12/1987,69,train_Client_118658,11,0
311,10/3/1989,63,train_Client_11866,11,1
304,23/3/2016,62,train_Client_118660,11,0
301,5/7/1996,62,train_Client_118661,11,0
103,21/4/2014,69,train_Client_118662,51,0
101,20/8/1984,60,train_Client_118665,11,0
371,26/7/2017,62,train_Client_118666,11,0
301,10/3/2000,62,train_Client_118667,11,0
103,31/1/2002,69,train_Client_118668,11,0
101,24/4/2008,60,train_Client_11867,11,0
309,9/1/2015,62,train_Client_118670,11,0
311,5/5/2017,63,train_Client_118671,11,0
103,25/4/2011,69,train_Client_118672,11,1
310,29/4/2013,62,train_Client_118673,11,0
304,16/12/2013,62,train_Client_118674,11,0
104,23/6/2012,69,train_Client_118675,11,0
311,28/5/2012,63,train_Client_118678,11,0
103,27/7/2016,69,train_Client_118679,11,0
103,26/9/2009,69,train_Client_11868,11,0
101,21/10/1987,60,train_Client_118680,11,0
101,24/3/1987,60,train_Client_118681,11,0
303,11/6/2007,62,train_Client_118682,11,1
301,24/8/2018,62,train_Client_118683,11,0
104,4/11/2011,69,train_Client_118684,11,0
312,6/9/2014,63,train_Client_118685,11,0
107,25/2/2002,69,train_Client_118686,11,0
303,28/10/1996,62,train_Client_118689,11,0
101,28/11/2007,60,train_Client_11869,11,0
107,8/1/2016,69,train_Client_118690,11,0
301,8/11/2007,62,train_Client_118692,11,0
301,18/12/1985,62,train_Client_118693,11,0
101,8/9/1994,60,train_Client_118694,11,1
311,19/2/1993,63,train_Client_118695,11,0
101,28/2/2005,60,train_Client_118697,11,0
301,15/8/2014,62,train_Client_11870,11,0
302,17/3/1981,62,train_Client_118701,11,0
107,31/12/1999,69,train_Client_118702,11,0
101,28/12/2009,60,train_Client_118703,11,0
311,5/8/2013,63,train_Client_118706,11,0
312,2/6/2010,63,train_Client_118707,11,0
311,14/9/2009,63,train_Client_118708,11,0
101,27/10/2008,60,train_Client_11871,11,1
101,27/3/1992,60,train_Client_118710,11,0
304,3/2/2014,62,train_Client_118712,11,0
101,13/2/1990,60,train_Client_118715,11,0
312,28/10/2003,63,train_Client_118717,11,0
303,30/12/1994,62,train_Client_118718,11,0
307,21/4/2009,62,train_Client_11872,11,0
101,31/8/1990,60,train_Client_118722,11,0
311,31/12/1985,63,train_Client_118723,11,0
103,7/9/2011,69,train_Client_118724,11,0
372,31/3/2011,63,train_Client_118725,11,0
303,28/5/2013,62,train_Client_118726,11,0
310,31/1/2002,62,train_Client_118728,11,0
101,4/7/2015,60,train_Client_118729,11,0
101,7/3/2005,60,train_Client_11873,11,0
305,30/9/1983,62,train_Client_118730,11,0
311,6/12/1988,63,train_Client_118734,11,0
101,16/4/1979,60,train_Client_118735,11,0
303,18/10/2012,62,train_Client_118738,11,0
104,11/5/1987,69,train_Client_118739,11,0
104,10/9/1981,69,train_Client_118740,11,0
301,17/4/1985,62,train_Client_118742,11,0
101,6/3/1992,60,train_Client_118743,11,0
104,15/7/1991,69,train_Client_118746,11,0
303,16/5/1996,62,train_Client_118747,11,0
305,21/11/2008,62,train_Client_118748,11,0
103,17/9/2008,69,train_Client_11875,11,0
311,31/7/2003,63,train_Client_118750,11,0
306,23/4/2012,63,train_Client_118753,11,1
101,8/6/2010,60,train_Client_118755,11,0
101,6/12/1999,60,train_Client_118757,11,0
309,25/11/1991,62,train_Client_11876,11,0
311,23/11/2011,63,train_Client_118760,11,0
303,25/11/1987,62,train_Client_118761,11,0
301,19/4/2018,62,train_Client_118762,11,0
101,21/9/2013,63,train_Client_118763,11,0
103,9/3/1978,69,train_Client_118766,11,0
307,30/12/1998,62,train_Client_118769,11,0
301,12/11/1979,62,train_Client_11877,11,0
301,8/3/2012,62,train_Client_118770,11,0
103,13/11/2010,69,train_Client_118772,11,0
107,25/10/1993,69,train_Client_118773,11,0
311,28/2/2006,63,train_Client_118774,11,1
101,16/11/2007,60,train_Client_118775,11,0
107,13/10/2000,69,train_Client_118777,11,0
311,20/5/1991,63,train_Client_11878,11,1
101,19/11/2010,60,train_Client_118780,11,0
308,21/10/2011,63,train_Client_118782,11,0
307,30/7/2016,62,train_Client_118784,11,0
301,24/12/2016,62,train_Client_118785,11,0
302,27/5/1997,62,train_Client_118787,11,0
305,31/3/2008,62,train_Client_118788,11,0
101,19/9/1979,60,train_Client_118789,11,0
371,18/4/2007,62,train_Client_11879,11,0
101,23/11/1995,60,train_Client_118790,11,0
306,28/10/2010,63,train_Client_118795,11,0
304,6/11/2006,62,train_Client_118796,11,0
104,12/10/2006,69,train_Client_118798,11,0
301,20/12/2010,62,train_Client_118799,11,0
103,29/8/2006,69,train_Client_11880,11,0
304,27/12/2011,62,train_Client_118800,11,0
101,7/3/2013,60,train_Client_118801,11,0
101,22/5/1982,60,train_Client_118802,11,0
306,3/12/2014,63,train_Client_118804,11,0
101,25/2/2011,60,train_Client_118805,11,0
311,6/12/1993,63,train_Client_118807,11,0
101,30/11/2005,63,train_Client_118808,11,1
311,27/9/2001,63,train_Client_118810,11,0
303,18/1/2014,62,train_Client_118811,11,0
101,18/11/2006,60,train_Client_118812,11,0
301,19/4/2010,62,train_Client_118813,11,0
304,25/12/1978,62,train_Client_118814,11,0
303,27/1/2015,62,train_Client_118815,11,0
379,17/9/1999,63,train_Client_118817,11,0
101,18/10/2016,60,train_Client_118819,11,0
309,9/7/1985,62,train_Client_11882,11,0
103,9/11/2013,69,train_Client_118820,11,0
107,15/4/1997,69,train_Client_118821,11,0
101,30/6/1994,60,train_Client_118822,11,0
101,10/8/1984,60,train_Client_118823,11,0
107,30/12/2004,69,train_Client_118825,11,0
104,7/12/2012,69,train_Client_118826,11,0
101,15/2/2010,60,train_Client_118828,11,0
103,16/9/2008,69,train_Client_118829,11,0
104,13/10/2009,69,train_Client_11883,11,0
305,28/12/1986,62,train_Client_118830,11,0
306,22/1/2015,63,train_Client_118831,11,0
302,23/5/1979,62,train_Client_118832,11,0
101,5/5/1998,60,train_Client_118833,11,0
310,7/4/2004,62,train_Client_118835,11,0
311,16/1/2013,63,train_Client_118837,11,0
311,8/5/2008,63,train_Client_118838,11,0
304,25/8/2015,62,train_Client_118839,11,0
106,6/11/1996,69,train_Client_11884,11,0
104,15/1/2016,69,train_Client_118841,11,0
101,16/8/2011,60,train_Client_118842,11,0
371,6/6/2011,62,train_Client_118843,11,0
101,21/5/1977,60,train_Client_118844,11,0
101,26/2/2009,60,train_Client_118845,11,0
107,14/7/1999,69,train_Client_118847,11,0
101,10/9/2016,60,train_Client_118848,11,0
101,15/2/2000,60,train_Client_118849,11,0
107,19/11/2015,69,train_Client_11885,11,0
308,2/6/2014,63,train_Client_118850,11,0
306,22/2/2016,63,train_Client_118851,11,0
311,26/1/2000,63,train_Client_118853,11,0
301,17/10/2006,62,train_Client_118854,11,0
101,8/3/2011,60,train_Client_118855,11,0
101,27/5/1992,60,train_Client_118857,11,0
101,13/10/2015,60,train_Client_11886,11,0
106,29/8/1994,69,train_Client_118862,11,0
301,26/2/1999,62,train_Client_118863,11,0
308,28/12/2011,63,train_Client_118864,11,0
107,13/12/2011,69,train_Client_118865,11,0
311,13/7/1992,63,train_Client_118866,11,0
304,6/12/1993,62,train_Client_118869,11,0
107,26/11/2012,69,train_Client_11887,11,0
101,6/2/1989,60,train_Client_118870,11,0
101,20/11/1998,60,train_Client_118871,11,0
107,13/11/1995,69,train_Client_118872,11,0
372,22/1/1980,63,train_Client_118873,11,0
107,25/3/1998,69,train_Client_118875,11,0
311,24/9/2012,63,train_Client_118877,11,0
107,24/5/2012,69,train_Client_118878,11,0
302,17/8/2010,62,train_Client_118879,11,0
101,26/12/2014,60,train_Client_11888,11,0
101,17/5/1980,60,train_Client_118881,11,0
304,15/9/2015,62,train_Client_118882,11,0
304,9/1/2013,62,train_Client_118884,11,0
107,28/10/1978,69,train_Client_118887,11,0
371,28/1/2008,62,train_Client_118888,11,1
103,6/9/2017,69,train_Client_11889,11,0
307,30/6/2003,62,train_Client_118890,11,1
101,7/2/2011,60,train_Client_118892,11,0
101,23/3/2004,60,train_Client_118893,11,0
303,12/9/2002,62,train_Client_118894,11,1
306,6/11/2008,63,train_Client_118895,11,1
310,20/12/1990,62,train_Client_118896,11,0
304,23/6/2011,62,train_Client_118898,11,0
101,26/3/2012,60,train_Client_118899,11,0
101,28/9/1993,63,train_Client_1189,11,0
101,13/5/1996,63,train_Client_11890,11,0
101,20/12/1999,60,train_Client_118900,11,0
302,30/10/2000,62,train_Client_118901,11,0
106,28/10/1994,69,train_Client_118902,11,0
313,7/7/2011,63,train_Client_118903,11,0
101,24/3/2010,60,train_Client_118905,11,0
103,23/11/2012,69,train_Client_118906,11,1
312,13/2/2008,63,train_Client_118907,11,0
302,6/6/2013,62,train_Client_118909,11,0
101,26/9/2012,60,train_Client_11891,11,0
101,10/4/1985,60,train_Client_118910,11,0
305,30/6/2003,62,train_Client_118911,11,0
309,26/3/2014,62,train_Client_118912,11,0
303,5/11/2015,62,train_Client_118914,11,0
101,25/4/2011,60,train_Client_118915,11,0
306,27/3/2003,63,train_Client_118918,11,0
107,23/5/1995,69,train_Client_11892,11,0
311,12/5/2012,63,train_Client_118922,11,0
311,13/1/2015,63,train_Client_118923,11,0
311,26/6/2009,63,train_Client_118924,11,0
101,31/12/2017,60,train_Client_118925,11,0
303,8/8/1981,62,train_Client_118926,11,0
107,10/2/2000,69,train_Client_118927,11,0
306,17/6/2009,63,train_Client_118928,11,0
311,11/6/2009,63,train_Client_11893,11,0
106,27/10/1980,69,train_Client_118930,11,0
311,27/11/1996,63,train_Client_118931,11,0
379,26/3/2011,63,train_Client_118932,11,0
107,30/12/1985,69,train_Client_118935,11,0
103,16/5/2009,69,train_Client_118939,11,0
101,26/12/2001,60,train_Client_11894,11,0
103,5/4/1982,69,train_Client_118940,11,0
107,1/11/2007,69,train_Client_118944,11,1
311,5/9/2007,63,train_Client_118945,11,0
371,24/4/2000,62,train_Client_118946,11,0
311,19/8/2017,63,train_Client_118947,11,0
301,21/8/1989,62,train_Client_118948,11,0
101,14/6/1979,60,train_Client_11895,11,0
103,29/1/2014,69,train_Client_118952,11,0
311,26/11/2008,63,train_Client_118953,11,0
305,28/10/1996,62,train_Client_118954,11,0
301,14/12/1982,62,train_Client_118955,11,0
104,30/1/2014,69,train_Client_118956,11,0
107,8/9/2011,69,train_Client_118957,11,0
101,15/4/1996,60,train_Client_11896,11,0
101,15/2/2010,60,train_Client_118960,11,0
101,27/1/2010,60,train_Client_118961,11,0
107,5/6/2013,69,train_Client_118962,11,0
104,27/5/1993,69,train_Client_118963,11,0
107,9/1/2001,69,train_Client_118965,11,0
101,18/8/1981,60,train_Client_118966,11,0
302,28/4/2003,62,train_Client_118968,11,0
311,13/6/1988,63,train_Client_118969,11,0
104,12/8/2010,69,train_Client_11897,11,0
301,30/9/2004,62,train_Client_118970,11,0
309,24/11/2015,62,train_Client_118971,11,0
312,26/12/2016,63,train_Client_118972,11,0
103,11/12/2014,69,train_Client_118974,11,0
104,24/6/2015,69,train_Client_118975,11,0
104,12/8/2016,69,train_Client_118977,11,0
104,29/11/2016,69,train_Client_118979,11,0
310,9/12/1996,62,train_Client_11898,11,0
101,7/1/2013,60,train_Client_118981,11,0
372,17/6/2010,63,train_Client_118982,11,0
104,3/11/2014,69,train_Client_118984,11,1
107,12/7/2011,69,train_Client_118985,11,0
104,22/10/1977,69,train_Client_118986,11,0
309,19/12/2012,62,train_Client_118987,11,0
306,31/5/2011,63,train_Client_11899,11,0
371,18/9/1997,62,train_Client_118990,11,0
104,27/2/2010,69,train_Client_118991,11,0
101,20/11/1996,60,train_Client_118992,11,0
311,11/9/2012,63,train_Client_118993,11,1
101,23/10/2007,60,train_Client_118994,11,0
107,15/1/2016,69,train_Client_118995,11,0
101,31/1/2014,60,train_Client_118996,11,0
101,30/4/1999,60,train_Client_118997,11,0
101,5/3/2010,60,train_Client_118998,11,1
103,15/9/2018,69,train_Client_118999,51,0
301,4/6/1985,62,train_Client_119,11,0
107,10/4/1987,69,train_Client_1190,11,0
303,31/12/1994,62,train_Client_11900,11,0
310,2/10/2012,62,train_Client_119000,11,0
306,25/8/2011,63,train_Client_119001,11,0
101,3/5/2001,60,train_Client_119002,11,0
304,14/9/2011,62,train_Client_119003,11,0
101,16/7/1996,63,train_Client_119006,11,0
306,22/9/1995,63,train_Client_119008,11,0
101,23/11/2015,60,train_Client_119010,11,0
104,11/3/2013,69,train_Client_119012,11,0
303,27/12/2016,62,train_Client_119014,11,0
101,6/11/2007,60,train_Client_119015,11,0
310,22/6/2017,62,train_Client_119017,11,0
301,3/12/1982,62,train_Client_119018,11,0
303,27/8/2003,62,train_Client_119020,11,0
101,27/6/1977,60,train_Client_119021,11,0
312,11/12/2018,63,train_Client_119024,51,0
101,12/12/1978,60,train_Client_119026,11,0
101,10/1/2008,60,train_Client_119027,11,0
104,16/5/2012,69,train_Client_119028,11,0
311,27/2/2014,63,train_Client_119029,11,1
311,2/5/1986,63,train_Client_11903,11,0
371,8/11/2017,62,train_Client_119030,11,0
307,4/1/2012,62,train_Client_119031,11,1
101,6/8/2010,60,train_Client_119033,11,0
302,24/11/2011,62,train_Client_119035,11,0
107,16/12/2005,69,train_Client_119038,11,0
101,7/1/2008,60,train_Client_119039,11,0
311,30/6/2009,63,train_Client_11904,11,0
107,26/11/2018,69,train_Client_119040,11,0
301,15/2/2002,62,train_Client_119041,11,0
101,18/2/2009,60,train_Client_119044,11,0
101,23/10/2009,60,train_Client_119045,11,0
104,15/9/2016,69,train_Client_119046,11,0
101,15/5/2003,60,train_Client_119047,11,0
313,7/2/2018,63,train_Client_119049,11,0
101,16/8/1978,60,train_Client_11905,11,0
106,5/2/2007,69,train_Client_119050,11,0
104,17/2/2018,69,train_Client_119051,11,0
104,26/5/2010,69,train_Client_119053,11,0
302,2/12/2013,62,train_Client_119054,11,0
101,6/4/1978,60,train_Client_119055,11,0
313,13/9/2018,63,train_Client_119056,11,0
309,29/6/2015,62,train_Client_119057,11,0
104,5/12/2016,69,train_Client_119061,11,0
104,29/12/2009,69,train_Client_119062,11,0
107,21/11/1981,69,train_Client_119065,11,0
107,27/9/1994,69,train_Client_119066,11,0
301,3/8/2011,62,train_Client_119067,11,0
312,11/6/2010,63,train_Client_119068,11,0
311,12/9/1994,63,train_Client_119069,11,0
313,20/2/2007,63,train_Client_11907,11,0
379,30/7/2002,63,train_Client_119070,11,1
303,18/12/2002,62,train_Client_119071,11,0
101,17/11/1988,60,train_Client_119072,11,0
107,17/11/2009,69,train_Client_119073,11,0
301,12/11/1979,62,train_Client_119074,11,0
307,1/9/2008,62,train_Client_119078,11,0
309,28/3/2011,62,train_Client_119079,11,1
107,22/3/2000,69,train_Client_119080,11,0
303,10/4/2015,62,train_Client_119081,11,0
301,18/9/1997,62,train_Client_119082,11,1
107,14/12/2016,69,train_Client_119083,11,0
107,9/2/2012,69,train_Client_119084,11,0
101,18/8/2017,60,train_Client_119086,11,0
106,28/4/2006,69,train_Client_119088,11,0
101,13/10/2008,60,train_Client_119089,11,0
311,29/11/2018,63,train_Client_119090,11,0
101,28/6/1991,60,train_Client_119091,11,0
310,26/12/1986,62,train_Client_119092,11,0
104,6/3/2014,69,train_Client_119093,11,0
301,31/10/1984,62,train_Client_119094,11,0
301,3/5/1991,62,train_Client_119095,11,0
304,12/11/2013,62,train_Client_119096,11,0
301,28/5/1984,62,train_Client_119098,12,0
305,5/10/2015,62,train_Client_119099,11,0
309,16/5/1984,62,train_Client_1191,11,0
101,19/12/1996,60,train_Client_11910,11,0
301,9/1/1985,62,train_Client_119100,11,0
303,13/10/1980,62,train_Client_119101,11,0
101,15/6/2001,60,train_Client_119102,11,0
107,12/8/2009,69,train_Client_119104,11,0
310,21/10/1999,62,train_Client_119106,11,0
306,30/9/2003,63,train_Client_119107,11,0
101,26/11/2001,60,train_Client_119110,11,0
107,20/5/2012,69,train_Client_119111,11,0
107,2/12/2009,69,train_Client_119112,11,0
311,16/9/2010,63,train_Client_119113,11,0
311,1/12/1992,63,train_Client_119114,11,0
103,5/6/2010,69,train_Client_119115,11,0
101,29/3/1990,60,train_Client_119116,11,0
307,9/12/2009,62,train_Client_119117,11,0
101,12/8/1981,60,train_Client_119119,11,0
104,29/9/2017,69,train_Client_11912,11,0
104,2/2/2017,69,train_Client_119120,11,0
304,16/11/1989,62,train_Client_119121,11,0
101,15/10/1991,60,train_Client_119122,11,0
107,22/3/2000,69,train_Client_119123,11,0
104,14/12/1990,69,train_Client_119124,11,0
101,24/6/2010,60,train_Client_119126,11,0
311,5/9/2018,63,train_Client_119127,11,0
311,13/6/1994,63,train_Client_119129,12,0
310,3/4/2015,62,train_Client_11913,11,0
311,28/5/2002,63,train_Client_119131,11,0
372,2/5/1986,63,train_Client_119133,11,0
104,30/9/2003,69,train_Client_119135,11,0
306,20/1/2018,63,train_Client_119137,11,0
104,5/10/2009,69,train_Client_119139,11,0
302,31/3/1979,62,train_Client_119141,11,0
107,7/1/2014,69,train_Client_119142,11,0
305,21/12/1983,62,train_Client_119143,11,0
307,6/4/2018,62,train_Client_119144,11,0
101,17/9/2012,60,train_Client_119145,11,0
103,1/6/2013,69,train_Client_119146,11,0
371,20/2/2013,62,train_Client_119148,11,0
311,20/9/2017,63,train_Client_119149,11,0
101,17/8/1992,60,train_Client_119151,11,0
303,31/12/2012,62,train_Client_119152,11,0
104,10/12/2015,69,train_Client_119154,11,0
303,5/11/2015,62,train_Client_119155,11,0
101,16/6/2006,60,train_Client_119157,11,0
104,12/8/2009,69,train_Client_119158,11,0
107,14/11/2013,69,train_Client_119159,11,0
303,11/9/2015,62,train_Client_119162,11,0
307,25/4/1997,62,train_Client_119163,11,0
101,11/10/2010,60,train_Client_119164,11,0
311,25/5/2000,63,train_Client_119165,11,0
104,11/7/1979,69,train_Client_119167,11,0
107,10/1/2008,69,train_Client_119168,11,0
104,8/7/1997,69,train_Client_119173,11,0
371,31/12/2007,62,train_Client_119174,11,0
101,18/9/2007,60,train_Client_119175,11,0
101,19/9/2011,60,train_Client_119176,11,0
104,28/8/2015,69,train_Client_119178,11,0
301,14/2/2018,62,train_Client_11918,11,0
305,1/12/2003,62,train_Client_119181,11,0
312,22/12/1999,63,train_Client_119183,11,0
101,21/10/1991,60,train_Client_119184,11,0
101,13/7/2011,60,train_Client_119185,11,0
107,21/12/2009,69,train_Client_119186,11,1
312,16/12/1986,63,train_Client_119187,11,0
101,16/10/2000,60,train_Client_119188,11,0
306,26/6/1997,63,train_Client_11919,11,0
107,24/10/2013,69,train_Client_119190,11,0
303,31/12/1996,62,train_Client_119193,11,0
371,21/2/2011,62,train_Client_119196,11,0
206,21/10/2011,69,train_Client_119199,11,0
101,7/9/2001,60,train_Client_119201,11,0
104,29/3/2013,69,train_Client_119202,11,0
101,10/6/1993,60,train_Client_119203,11,0
306,21/12/2013,63,train_Client_119204,11,0
301,26/1/1983,62,train_Client_119205,11,0
306,31/7/2001,63,train_Client_119206,11,0
301,29/2/2016,62,train_Client_119207,11,0
308,20/12/2005,63,train_Client_119209,11,0
104,15/7/2013,69,train_Client_119211,11,0
104,17/2/2018,69,train_Client_119213,11,0
101,9/11/1990,63,train_Client_119214,11,0
311,26/1/2000,63,train_Client_119217,11,0
107,16/8/2017,69,train_Client_119219,11,0
310,24/6/2008,62,train_Client_11922,11,0
313,27/2/2014,63,train_Client_119220,11,0
311,14/6/2001,63,train_Client_119222,11,0
371,16/5/1994,62,train_Client_119223,11,0
103,6/9/2011,69,train_Client_119224,11,0
104,20/11/2007,69,train_Client_119225,11,0
311,17/4/2007,63,train_Client_119228,11,0
306,22/9/1995,63,train_Client_119229,11,0
311,28/10/2015,63,train_Client_11923,11,1
104,30/8/1995,69,train_Client_119230,11,0
101,2/11/2001,60,train_Client_119231,11,0
107,31/12/2002,69,train_Client_119232,11,0
304,22/8/2014,62,train_Client_119234,11,0
301,3/6/1987,62,train_Client_119235,11,0
101,27/5/1980,60,train_Client_119236,11,0
101,10/12/2002,63,train_Client_119237,11,0
301,1/1/1998,62,train_Client_119238,11,0
304,30/12/1994,62,train_Client_119239,11,0
101,11/5/1978,60,train_Client_11924,11,0
101,24/11/1982,60,train_Client_119241,11,0
101,14/12/1998,60,train_Client_119242,11,1
313,6/6/2015,63,train_Client_119243,11,0
107,10/9/1981,69,train_Client_119246,11,0
104,1/8/2015,69,train_Client_119248,11,0
306,3/3/2016,63,train_Client_119249,51,0
304,16/9/1993,62,train_Client_119251,11,0
101,13/12/1994,60,train_Client_119252,11,0
104,25/2/2017,69,train_Client_119253,11,0
313,15/5/2017,63,train_Client_119254,11,0
104,24/10/2011,69,train_Client_119259,11,0
310,16/9/2003,62,train_Client_11926,11,0
301,27/2/1986,62,train_Client_119260,11,0
302,31/12/1996,62,train_Client_119262,11,0
101,31/12/1981,60,train_Client_119263,11,0
101,2/8/2017,63,train_Client_119265,11,0
101,7/11/2012,60,train_Client_119266,11,0
301,30/10/2010,62,train_Client_119267,11,0
311,25/5/2000,63,train_Client_119268,11,1
103,10/8/2009,69,train_Client_119269,11,0
103,14/8/2010,69,train_Client_119270,11,0
301,24/11/1995,62,train_Client_119271,11,0
312,29/3/2011,63,train_Client_119272,11,0
311,4/2/2013,63,train_Client_119277,11,0
306,30/8/1989,63,train_Client_119278,11,0
107,4/12/2009,69,train_Client_11928,11,0
107,6/4/2007,69,train_Client_119283,11,0
309,3/10/2017,62,train_Client_119285,11,0
399,2/3/2009,63,train_Client_119286,11,0
303,15/2/2016,62,train_Client_119287,11,0
103,27/9/2017,69,train_Client_119288,11,0
301,20/4/2010,62,train_Client_119289,11,0
107,16/6/2007,69,train_Client_119290,11,0
303,7/9/2018,62,train_Client_119291,11,0
312,21/12/1995,63,train_Client_119292,11,0
101,16/12/1988,60,train_Client_119293,11,0
306,16/6/2008,63,train_Client_119294,11,0
101,20/8/1999,60,train_Client_119295,11,0
101,19/6/2013,60,train_Client_119296,11,0
104,6/10/2004,69,train_Client_119297,11,0
307,11/11/2017,62,train_Client_119298,11,0
304,20/9/1989,62,train_Client_119299,11,0
313,20/11/1997,63,train_Client_1193,11,0
107,19/11/2015,69,train_Client_11930,11,0
371,25/12/2000,62,train_Client_119300,12,0
311,1/6/2006,63,train_Client_119301,11,0
107,12/6/2000,69,train_Client_119305,11,1
304,25/12/2005,62,train_Client_119306,11,0
107,28/11/2011,69,train_Client_119309,11,0
311,24/12/2007,63,train_Client_11931,11,0
303,14/5/2009,62,train_Client_119312,11,1
103,22/12/2009,69,train_Client_119313,51,0
311,28/8/2017,63,train_Client_119314,11,0
301,29/1/2013,62,train_Client_119316,11,0
101,23/5/2003,60,train_Client_119317,11,0
104,11/5/2011,69,train_Client_119318,11,0
303,25/5/2016,62,train_Client_11932,11,0
101,22/12/2006,60,train_Client_119321,11,0
104,8/12/1995,69,train_Client_119322,11,0
101,30/12/1993,60,train_Client_119323,11,0
104,25/2/1983,69,train_Client_119324,11,0
101,27/10/2017,60,train_Client_119325,11,0
302,21/5/2013,62,train_Client_119326,11,0
104,29/12/2002,69,train_Client_119328,11,0
101,20/6/2013,60,train_Client_119329,11,0
107,10/2/2015,69,train_Client_11933,11,0
101,12/7/1984,60,train_Client_119330,11,0
107,1/10/1984,69,train_Client_119331,11,0
107,2/4/2012,69,train_Client_119334,11,0
307,8/1/1998,62,train_Client_11934,11,0
310,14/9/1993,62,train_Client_119341,11,0
105,9/10/2013,69,train_Client_119343,11,0
101,9/12/1998,63,train_Client_119344,11,0
107,27/11/2003,69,train_Client_119345,11,1
307,31/12/1997,62,train_Client_119346,11,0
303,14/11/2012,62,train_Client_119347,11,0
303,27/5/2011,62,train_Client_119349,11,0
310,9/11/2017,62,train_Client_11935,11,0
101,22/11/2004,60,train_Client_119350,11,0
107,11/1/2008,69,train_Client_119351,11,0
312,19/3/2016,63,train_Client_119352,11,0
311,26/10/2016,63,train_Client_119353,11,0
379,13/3/2018,63,train_Client_119354,11,0
103,5/4/2018,69,train_Client_119355,11,0
107,27/10/1997,69,train_Client_119356,11,1
101,11/10/1995,60,train_Client_119357,11,0
107,11/7/1979,69,train_Client_119358,11,0
311,28/4/1995,63,train_Client_119359,11,0
104,30/4/2014,69,train_Client_11936,11,0
309,13/12/2018,62,train_Client_119360,11,0
104,3/1/2012,69,train_Client_119361,11,0
312,24/3/2012,63,train_Client_119363,11,0
107,25/9/1991,69,train_Client_119364,11,0
104,11/9/2012,69,train_Client_119365,11,0
101,22/4/2005,60,train_Client_119366,11,0
101,4/5/1994,60,train_Client_119367,11,0
101,3/5/2018,63,train_Client_119368,11,0
101,19/2/1992,60,train_Client_119369,11,0
310,18/12/2000,62,train_Client_119371,11,0
305,26/8/1994,62,train_Client_119373,11,0
104,12/5/2017,69,train_Client_119374,11,0
107,13/1/1979,69,train_Client_119375,11,0
107,11/3/2014,69,train_Client_119376,11,1
101,29/12/2011,60,train_Client_119377,11,0
101,17/7/1986,60,train_Client_119378,11,0
311,9/8/2011,63,train_Client_119379,11,1
303,4/8/2007,62,train_Client_11938,11,0
305,10/12/2008,62,train_Client_119380,11,0
311,9/9/2014,63,train_Client_119381,11,0
307,28/10/2011,62,train_Client_119382,11,0
107,20/8/2004,69,train_Client_119383,11,0
104,23/10/1989,69,train_Client_119385,11,0
301,19/3/1998,62,train_Client_119386,11,0
104,29/12/2000,69,train_Client_119387,11,0
107,6/7/1999,69,train_Client_119388,11,0
313,12/4/2017,63,train_Client_119390,11,1
309,16/1/2016,62,train_Client_119391,11,0
301,16/6/2009,62,train_Client_119392,11,0
101,21/2/2007,60,train_Client_119393,11,0
101,8/12/1999,60,train_Client_119394,11,0
307,20/10/2016,62,train_Client_119396,11,0
310,30/12/2010,62,train_Client_119399,11,0
104,10/4/2010,69,train_Client_11940,11,0
313,27/9/2011,63,train_Client_119401,11,0
107,10/9/2004,69,train_Client_119402,11,0
311,14/11/2013,63,train_Client_119403,11,0
372,7/2/2018,63,train_Client_119404,11,0
101,18/12/1984,60,train_Client_119405,11,0
101,9/6/2003,60,train_Client_119406,11,0
101,18/2/2009,60,train_Client_119409,11,0
309,16/6/2011,62,train_Client_119410,11,0
307,20/7/1989,62,train_Client_119411,11,0
107,26/5/2006,69,train_Client_119413,11,1
101,26/3/2003,60,train_Client_119414,11,0
310,29/11/2002,62,train_Client_119415,11,0
310,9/9/2015,62,train_Client_119416,11,0
307,26/1/2012,62,train_Client_119417,11,0
302,4/1/2016,62,train_Client_119418,11,0
101,31/12/2010,60,train_Client_11942,11,0
308,17/12/1979,63,train_Client_119422,11,0
306,19/4/2014,63,train_Client_119424,11,0
372,16/4/2007,63,train_Client_119425,11,0
313,11/3/2015,63,train_Client_119426,11,0
101,8/12/2003,60,train_Client_119427,11,0
101,25/11/1994,60,train_Client_119429,11,0
311,27/6/2018,63,train_Client_11943,11,0
303,6/11/2008,62,train_Client_119431,11,0
307,24/8/2009,62,train_Client_119432,11,0
101,11/2/1982,60,train_Client_119433,11,0
101,31/3/2015,60,train_Client_119434,11,0
307,20/12/2006,62,train_Client_119435,12,0
311,14/5/2002,63,train_Client_119436,11,0
101,12/9/1981,60,train_Client_119437,11,0
107,9/11/2017,69,train_Client_119438,11,0
101,19/8/1999,60,train_Client_119439,11,0
101,23/6/2003,63,train_Client_11944,11,0
304,23/10/1996,62,train_Client_119440,11,0
303,25/10/2016,62,train_Client_119442,11,0
301,21/11/2014,62,train_Client_119443,11,0
105,26/9/2017,69,train_Client_119444,11,0
101,21/8/2014,60,train_Client_119446,11,0
311,30/10/2003,63,train_Client_119449,11,0
105,19/3/1992,69,train_Client_11945,11,0
101,15/6/2015,60,train_Client_119450,11,0
309,26/12/1993,62,train_Client_119452,11,0
304,19/8/1978,62,train_Client_119453,12,0
312,1/4/2015,63,train_Client_119455,11,0
101,5/10/1988,60,train_Client_119456,11,0
104,18/9/2000,69,train_Client_11946,11,0
301,23/12/1988,62,train_Client_119460,11,0
313,24/11/2015,63,train_Client_119461,11,0
103,30/3/2016,69,train_Client_119462,11,0
101,25/1/2008,60,train_Client_119463,11,1
309,21/7/2016,62,train_Client_119465,11,0
311,29/8/2016,63,train_Client_119466,11,0
101,20/11/1996,60,train_Client_119467,11,0
101,30/9/2002,60,train_Client_119469,12,0
101,3/9/2016,60,train_Client_119470,11,0
312,6/9/2010,63,train_Client_119471,11,0
104,31/12/2014,69,train_Client_119472,11,0
106,5/3/2018,69,train_Client_119475,11,0
311,7/12/2018,63,train_Client_119476,11,0
107,9/11/2011,69,train_Client_119477,11,0
104,23/3/2007,69,train_Client_119479,11,0
101,14/11/1997,60,train_Client_11948,11,0
309,21/11/1990,62,train_Client_119480,11,0
312,15/11/1988,63,train_Client_119483,11,0
103,20/8/2016,69,train_Client_119485,11,0
101,5/11/1977,60,train_Client_119486,11,0
313,9/1/2010,63,train_Client_119490,11,0
303,14/10/2013,62,train_Client_119491,11,0
104,23/10/2001,69,train_Client_119493,11,1
372,11/7/1986,63,train_Client_119494,11,0
103,29/11/2011,69,train_Client_119495,11,0
103,8/7/2011,69,train_Client_119496,11,0
302,20/12/2013,62,train_Client_119497,11,0
303,13/5/2002,62,train_Client_119498,11,0
301,6/6/2012,62,train_Client_119499,11,0
311,9/10/2015,63,train_Client_1195,11,0
104,6/8/1998,69,train_Client_11950,11,0
107,14/12/2011,69,train_Client_119500,11,0
301,25/1/2016,62,train_Client_119501,11,0
103,12/7/2005,69,train_Client_119502,11,0
101,25/10/2001,60,train_Client_119503,11,0
103,29/1/2014,69,train_Client_119506,11,1
101,4/11/2008,60,train_Client_119508,11,0
101,16/12/1996,60,train_Client_119509,11,0
101,20/9/1994,60,train_Client_11951,11,0
101,7/2/2010,60,train_Client_119510,11,0
101,19/7/1996,60,train_Client_119511,11,0
302,26/12/2007,62,train_Client_119513,51,0
101,21/5/1979,60,train_Client_119514,11,0
301,27/9/1977,62,train_Client_119517,11,0
104,12/5/2017,69,train_Client_11952,11,0
307,29/5/2001,62,train_Client_119520,11,0
307,16/8/2010,62,train_Client_119521,11,0
104,10/5/2010,69,train_Client_119522,11,0
107,15/5/2013,69,train_Client_119523,11,0
305,11/9/2013,62,train_Client_119524,11,0
305,24/5/1983,62,train_Client_119525,11,0
302,14/2/2005,62,train_Client_119526,11,0
301,19/8/2008,62,train_Client_119529,11,0
101,16/2/1994,60,train_Client_11953,11,0
309,26/11/2014,62,train_Client_119531,11,0
101,22/5/2013,60,train_Client_119532,11,0
104,27/9/2010,69,train_Client_119533,11,0
308,16/3/1987,63,train_Client_119534,11,0
301,14/10/2014,62,train_Client_119535,11,0
303,3/12/1982,62,train_Client_119537,11,0
107,28/10/1994,69,train_Client_119538,11,0
311,31/12/1996,63,train_Client_119539,11,0
303,25/1/1983,62,train_Client_11954,11,0
104,15/12/2003,69,train_Client_119540,11,0
313,20/12/1990,63,train_Client_119542,12,0
101,30/10/1985,60,train_Client_119543,11,1
303,7/3/2008,62,train_Client_119544,11,0
107,20/5/2005,69,train_Client_119545,11,0
101,16/5/2012,60,train_Client_119546,11,0
313,20/4/1992,63,train_Client_119547,11,0
312,24/10/2012,63,train_Client_119548,11,0
311,17/3/2008,63,train_Client_119549,11,0
107,26/3/1993,69,train_Client_119550,11,0
371,4/11/2017,62,train_Client_119554,11,0
301,22/4/2017,62,train_Client_119558,11,0
101,18/3/2017,60,train_Client_119559,11,0
101,5/4/2010,60,train_Client_119560,11,0
305,26/3/2012,62,train_Client_119561,11,0
306,14/1/2009,63,train_Client_119562,11,0
101,17/5/2012,60,train_Client_119563,11,0
103,25/9/2010,69,train_Client_119564,11,0
306,6/10/2014,63,train_Client_119566,11,0
104,28/6/2013,69,train_Client_119567,11,0
101,17/12/1998,60,train_Client_119568,11,0
301,14/11/2006,62,train_Client_11957,12,0
104,29/12/2000,69,train_Client_119571,11,0
101,9/5/2012,60,train_Client_119572,11,0
101,14/8/2010,60,train_Client_119573,11,0
104,28/2/2002,69,train_Client_119575,11,0
107,27/10/1980,69,train_Client_119576,11,0
311,10/8/2017,63,train_Client_119577,11,0
107,23/9/2009,69,train_Client_119578,11,0
301,10/2/2007,62,train_Client_11958,11,0
101,8/1/2014,60,train_Client_119581,11,0
103,29/6/2016,69,train_Client_119582,11,0
105,17/3/1979,69,train_Client_119583,11,0
101,7/9/1977,60,train_Client_119584,11,0
371,26/2/2015,62,train_Client_119586,11,0
311,23/5/2002,63,train_Client_119587,11,0
107,22/4/2009,69,train_Client_119589,11,0
309,12/10/2012,62,train_Client_119590,11,0
103,7/4/1987,69,train_Client_119593,11,0
101,28/9/2016,60,train_Client_119595,11,0
311,21/9/2012,63,train_Client_119596,11,0
303,15/2/1982,62,train_Client_119597,11,0
371,3/11/2006,62,train_Client_119599,11,0
103,25/6/2011,69,train_Client_1196,11,0
379,31/8/2015,63,train_Client_119602,11,0
301,13/10/1980,62,train_Client_119603,11,1
303,14/11/2013,62,train_Client_119606,11,0
306,16/3/2007,63,train_Client_119609,11,0
101,17/3/1995,60,train_Client_11961,11,0
311,27/4/2004,63,train_Client_119610,11,0
306,4/3/2009,63,train_Client_119612,11,0
310,16/9/2015,62,train_Client_119613,11,0
310,4/9/2013,62,train_Client_119614,11,0
301,12/11/1979,62,train_Client_119617,11,0
310,20/11/2010,62,train_Client_119618,11,0
101,29/3/1989,60,train_Client_119619,11,0
103,14/7/2015,69,train_Client_119621,11,0
313,5/4/1982,63,train_Client_119622,11,0
103,17/8/2016,69,train_Client_119623,11,0
302,9/9/2011,62,train_Client_119624,11,0
309,14/5/2001,62,train_Client_119625,11,0
312,20/1/2015,63,train_Client_119626,11,0
372,26/1/2000,63,train_Client_119627,11,1
303,23/9/1983,62,train_Client_119628,11,0
101,25/5/2011,60,train_Client_119629,11,0
311,5/4/1988,63,train_Client_11963,11,0
301,24/12/1986,62,train_Client_119630,11,0
101,28/10/2010,60,train_Client_119631,11,0
310,16/5/2016,62,train_Client_119632,11,0
308,8/11/2012,63,train_Client_119633,11,0
101,17/2/2016,60,train_Client_119634,11,0
307,30/5/1980,62,train_Client_119635,11,0
107,26/12/2017,69,train_Client_119636,11,0
104,11/2/1986,69,train_Client_119638,11,0
303,19/10/2007,62,train_Client_119639,11,0
105,13/4/2006,69,train_Client_11964,11,0
311,10/1/2015,63,train_Client_119640,11,0
104,26/8/2014,69,train_Client_119641,11,0
101,22/9/1998,60,train_Client_119642,11,0
306,31/12/2009,63,train_Client_119643,12,0
301,7/4/2000,62,train_Client_119644,11,0
101,30/11/2005,63,train_Client_119645,11,0
103,31/5/2007,69,train_Client_119646,11,0
311,14/10/2010,63,train_Client_119648,11,0
310,11/5/2005,62,train_Client_119649,11,0
302,20/5/1980,62,train_Client_11965,11,0
307,12/3/2012,62,train_Client_119652,11,0
101,18/5/1994,60,train_Client_119653,11,0
311,1/9/2016,63,train_Client_119654,11,0
311,27/5/1997,63,train_Client_119655,11,0
101,8/9/1981,60,train_Client_119657,11,0
311,7/6/1995,63,train_Client_119658,11,0
101,15/5/1979,60,train_Client_119660,11,0
311,27/5/2016,63,train_Client_119662,11,0
101,27/11/1981,60,train_Client_119663,12,0
104,25/3/1980,69,train_Client_119664,11,0
312,10/5/2012,63,train_Client_119665,11,0
104,6/3/2015,69,train_Client_119667,11,0
107,21/4/2014,69,train_Client_119669,11,0
101,5/6/2013,63,train_Client_119670,11,0
104,6/2/1978,69,train_Client_119671,11,0
311,13/12/1994,63,train_Client_119672,11,0
104,1/12/1980,69,train_Client_119673,11,0
101,31/12/1979,60,train_Client_119674,11,0
304,13/10/2017,62,train_Client_119675,11,0
302,12/12/1983,62,train_Client_119676,11,0
372,22/11/2010,63,train_Client_119677,11,0
304,5/11/1977,62,train_Client_119679,11,0
101,29/12/1998,60,train_Client_119680,11,0
306,6/9/2014,63,train_Client_119681,11,0
312,29/4/2014,63,train_Client_119683,11,0
104,8/4/2002,69,train_Client_119684,11,0
101,13/1/2015,60,train_Client_119685,11,0
103,19/8/2013,69,train_Client_119687,11,1
304,13/12/1989,62,train_Client_119689,11,0
309,15/7/1998,62,train_Client_11969,11,0
103,18/2/2013,69,train_Client_119690,11,0
303,1/3/1982,62,train_Client_119691,11,0
309,29/7/1997,62,train_Client_119693,11,0
312,24/3/1989,63,train_Client_119694,11,0
101,28/3/1979,60,train_Client_119695,11,0
101,21/11/2006,60,train_Client_119697,11,0
101,23/4/2008,60,train_Client_119698,11,0
312,6/2/2017,63,train_Client_119699,11,0
305,9/2/2017,62,train_Client_1197,11,0
104,18/7/2011,69,train_Client_11970,11,0
101,13/1/2015,60,train_Client_119700,11,0
305,27/7/2005,62,train_Client_119701,11,0
311,16/5/2002,63,train_Client_119702,11,0
301,15/2/2002,62,train_Client_119704,11,0
101,31/8/1990,60,train_Client_119705,11,0
371,2/11/2012,62,train_Client_119706,11,0
304,20/12/2006,62,train_Client_119707,12,0
301,31/10/1984,62,train_Client_119708,11,0
303,27/9/2006,62,train_Client_119709,11,0
101,19/10/1995,63,train_Client_11971,11,0
301,28/12/1986,62,train_Client_119710,11,0
306,18/8/2008,63,train_Client_119712,11,1
106,17/10/1983,69,train_Client_119714,11,0
305,7/5/1990,62,train_Client_119716,11,0
301,26/11/1981,62,train_Client_119717,11,0
307,4/7/2001,62,train_Client_119718,11,0
311,28/11/1988,63,train_Client_11972,11,0
103,23/9/2010,69,train_Client_119720,11,0
301,8/2/2010,62,train_Client_119724,11,0
104,6/9/2017,69,train_Client_119725,11,0
101,30/5/2005,60,train_Client_119726,11,0
101,23/5/1994,60,train_Client_119727,11,0
107,5/9/2011,69,train_Client_119728,11,0
306,3/9/2007,63,train_Client_11973,11,0
104,22/7/1997,69,train_Client_119730,11,0
104,19/4/2014,69,train_Client_119731,11,0
305,12/8/1983,62,train_Client_119732,11,0
101,6/8/2004,60,train_Client_119733,11,0
310,11/3/2017,62,train_Client_119734,11,0
301,15/8/2015,62,train_Client_119735,11,0
104,30/11/2006,69,train_Client_119736,11,0
101,12/6/1982,60,train_Client_119737,11,0
311,21/5/2007,63,train_Client_119738,12,0
101,20/10/2006,60,train_Client_119739,11,1
303,24/6/1998,62,train_Client_11974,11,0
104,12/5/1998,69,train_Client_119740,11,0
107,5/11/2016,69,train_Client_119741,11,0
107,6/5/2010,69,train_Client_119742,11,0
311,27/11/2017,63,train_Client_119743,51,0
103,5/9/2011,69,train_Client_119744,11,0
305,30/5/2011,62,train_Client_119745,11,0
304,4/6/2015,62,train_Client_119746,11,0
312,9/1/2017,63,train_Client_119747,11,0
311,28/5/2012,63,train_Client_119749,11,0
311,10/5/2005,63,train_Client_11975,11,1
101,24/12/2011,60,train_Client_119750,11,0
305,25/12/1990,62,train_Client_119752,11,0
103,10/6/2009,69,train_Client_119753,11,0
301,23/12/1981,62,train_Client_119755,11,0
311,12/8/2009,63,train_Client_119757,11,0
103,2/2/2016,69,train_Client_119759,11,0
104,6/1/2011,69,train_Client_11976,11,0
302,26/9/2000,62,train_Client_119760,11,0
104,17/12/2009,69,train_Client_119761,11,0
312,18/9/2007,63,train_Client_119762,11,0
103,11/12/2014,69,train_Client_119763,11,0
103,7/9/2011,69,train_Client_119764,11,0
104,16/11/2015,69,train_Client_119765,11,0
103,22/8/2008,69,train_Client_119766,11,0
311,8/9/2010,63,train_Client_119767,11,0
310,31/3/2012,62,train_Client_119768,11,0
104,27/12/1985,69,train_Client_119769,11,0
103,17/5/2002,69,train_Client_11977,11,0
107,28/10/1985,69,train_Client_119770,11,0
103,16/6/2016,69,train_Client_119771,11,0
306,26/11/2013,63,train_Client_119772,11,0
101,7/10/2014,60,train_Client_119773,11,0
107,27/8/1980,69,train_Client_119776,11,0
301,21/7/1980,62,train_Client_119777,11,0
309,30/5/2007,62,train_Client_119779,11,0
304,15/1/2018,62,train_Client_119780,11,0
104,26/11/2016,69,train_Client_119782,11,0
107,22/9/1997,69,train_Client_119783,11,0
104,4/11/2016,69,train_Client_119785,11,0
104,12/12/2003,69,train_Client_119787,11,0
101,15/12/1995,60,train_Client_119789,11,0
104,3/3/2010,69,train_Client_119790,11,0
103,7/3/2014,69,train_Client_119791,11,1
101,30/9/1992,60,train_Client_119792,11,0
307,25/2/2005,62,train_Client_119793,11,0
305,25/8/2015,62,train_Client_119794,11,0
311,27/5/2011,63,train_Client_119795,11,0
103,1/6/2013,69,train_Client_119796,11,0
101,16/7/1990,63,train_Client_119797,11,0
304,28/3/2002,62,train_Client_119799,11,0
303,15/4/2009,62,train_Client_1198,11,0
310,2/3/2015,62,train_Client_11980,11,0
101,3/9/2016,60,train_Client_119800,11,0
101,23/5/2011,60,train_Client_119801,11,0
303,6/10/1989,62,train_Client_119802,12,0
301,2/6/2017,62,train_Client_119803,11,0
103,30/11/1995,69,train_Client_119804,11,0
306,20/7/2012,63,train_Client_119806,11,0
301,21/6/1994,62,train_Client_119807,11,0
107,30/6/2004,69,train_Client_119808,11,0
104,8/9/2012,69,train_Client_119809,11,0
101,18/2/2016,60,train_Client_11981,11,0
101,30/12/1984,60,train_Client_119810,11,0
301,9/1/1985,62,train_Client_119812,11,0
307,4/9/2001,62,train_Client_119813,11,1
103,26/5/2008,69,train_Client_119816,11,0
302,11/10/2012,62,train_Client_119818,11,0
309,23/11/2015,62,train_Client_119819,11,0
301,27/7/2015,62,train_Client_11982,11,0
104,11/10/2009,69,train_Client_119820,11,0
105,18/4/2006,69,train_Client_119822,11,0
107,23/8/1980,69,train_Client_119823,11,0
301,11/5/2017,62,train_Client_119824,11,0
311,11/11/2017,63,train_Client_119826,11,0
302,16/4/2018,62,train_Client_119827,11,0
104,13/3/2000,69,train_Client_119828,11,0
311,31/12/1993,63,train_Client_119829,11,0
103,4/5/2016,69,train_Client_11983,51,0
104,20/12/2017,69,train_Client_119830,11,0
307,10/12/1985,62,train_Client_119831,11,0
101,3/6/1982,60,train_Client_119832,11,0
101,27/5/1997,60,train_Client_119834,12,0
307,18/5/1984,62,train_Client_119835,11,0
101,4/8/2000,60,train_Client_119837,11,0
101,20/9/1994,60,train_Client_119839,11,0
305,8/12/1983,62,train_Client_119840,11,0
313,17/9/2013,63,train_Client_119841,11,1
103,30/12/1985,69,train_Client_119842,11,0
101,6/2/2009,60,train_Client_119843,11,0
101,14/6/1988,60,train_Client_119844,11,1
309,24/1/2006,62,train_Client_119845,11,0
312,21/1/2015,63,train_Client_119846,11,0
107,8/5/2007,69,train_Client_119847,11,0
101,4/1/2016,60,train_Client_119849,11,0
101,28/8/2014,60,train_Client_11985,11,1
303,24/2/2003,62,train_Client_119850,11,0
310,29/6/2012,62,train_Client_119852,11,0
104,20/8/2013,69,train_Client_119853,11,0
305,23/10/2003,62,train_Client_119855,11,0
104,3/2/2009,69,train_Client_119856,11,0
305,31/12/1984,62,train_Client_119858,11,0
104,1/1/1997,69,train_Client_11986,11,0
101,16/12/1981,60,train_Client_119860,11,1
302,18/9/1997,62,train_Client_119862,11,0
107,18/3/2016,69,train_Client_119863,11,0
107,18/11/2017,69,train_Client_119864,11,0
104,22/11/2013,69,train_Client_119866,11,0
107,7/1/2014,69,train_Client_119867,11,0
101,29/12/2011,60,train_Client_119868,12,0
306,7/10/1988,63,train_Client_119869,11,0
312,22/9/2015,63,train_Client_11987,11,0
309,24/9/1999,62,train_Client_119870,11,0
311,23/10/2010,63,train_Client_119871,11,0
104,17/3/2005,69,train_Client_119877,11,0
313,10/5/2010,63,train_Client_119878,11,0
101,16/2/2011,60,train_Client_119879,11,0
310,28/8/2013,62,train_Client_11988,11,0
311,12/2/2018,63,train_Client_119880,11,0
311,4/10/1995,63,train_Client_119881,11,0
103,18/7/2014,69,train_Client_119883,11,0
101,26/7/2014,60,train_Client_119884,11,0
310,27/5/1997,62,train_Client_119887,11,0
101,23/10/1980,60,train_Client_119888,11,0
301,3/10/1995,62,train_Client_119889,11,0
309,9/10/2000,62,train_Client_11989,11,0
304,27/5/2014,62,train_Client_119890,11,0
311,21/11/2008,63,train_Client_119893,11,0
310,30/12/2002,62,train_Client_119896,11,0
101,23/12/1991,60,train_Client_119898,11,0
101,24/12/2003,60,train_Client_119899,11,0
310,28/1/2010,62,train_Client_1199,11,0
304,8/3/1999,62,train_Client_11990,11,0
104,4/6/1997,69,train_Client_119902,11,0
101,30/12/2009,60,train_Client_119903,11,0
101,23/10/1985,60,train_Client_119906,11,0
301,9/3/2012,62,train_Client_119908,11,0
301,31/12/1998,62,train_Client_119909,11,1
307,10/12/1985,62,train_Client_11991,11,0
107,26/5/2016,69,train_Client_119912,11,0
301,13/3/1996,62,train_Client_119913,11,0
303,18/4/2007,62,train_Client_119914,11,0
101,17/3/2017,63,train_Client_119915,11,0
101,11/6/2011,60,train_Client_119918,11,0
103,17/11/2011,69,train_Client_119919,11,0
311,12/4/2010,63,train_Client_119920,11,0
302,15/7/2011,62,train_Client_119922,11,0
311,24/6/2014,63,train_Client_119923,11,0
310,19/11/2002,62,train_Client_119924,11,0
303,18/10/2008,62,train_Client_119925,11,0
101,12/7/1999,60,train_Client_119927,11,0
302,29/12/2000,62,train_Client_119928,11,0
372,29/4/2009,63,train_Client_119929,11,0
101,7/5/1999,60,train_Client_11993,11,0
306,31/12/1985,63,train_Client_119930,11,0
104,28/9/2000,69,train_Client_119931,11,0
107,30/10/2015,69,train_Client_119932,11,0
104,26/8/1991,69,train_Client_119933,11,0
101,12/6/2001,60,train_Client_119934,11,0
104,29/11/1990,69,train_Client_119936,11,0
104,30/12/2003,69,train_Client_119937,11,0
372,27/10/1989,63,train_Client_119938,11,1
101,23/12/2009,60,train_Client_119939,11,0
308,17/10/2008,63,train_Client_119940,12,0
307,17/1/1992,62,train_Client_119945,11,0
306,4/3/2010,63,train_Client_119946,11,1
302,20/2/2008,62,train_Client_119947,11,0
305,12/5/1979,62,train_Client_119949,11,0
104,20/8/2010,69,train_Client_11995,11,0
101,1/6/1999,60,train_Client_119950,11,0
107,16/7/2015,69,train_Client_119951,11,0
103,27/3/2006,69,train_Client_119952,11,0
107,6/7/2007,69,train_Client_119954,11,0
312,28/10/1999,63,train_Client_119956,11,0
310,10/1/2018,62,train_Client_119958,11,0
309,18/12/2014,62,train_Client_119959,11,0
311,24/3/2012,63,train_Client_11996,11,0
311,21/12/1994,63,train_Client_119960,11,0
101,17/6/2011,60,train_Client_119962,11,0
307,16/9/1987,62,train_Client_119966,11,0
101,8/2/2011,60,train_Client_119968,11,0
301,20/11/1997,62,train_Client_119969,11,0
303,11/11/2013,62,train_Client_119970,11,0
310,4/12/2010,62,train_Client_119971,11,0
372,4/3/2011,63,train_Client_119972,11,0
103,2/6/2012,69,train_Client_119973,11,0
101,21/11/2007,60,train_Client_119975,11,0
101,22/10/1991,60,train_Client_119976,11,0
302,7/5/1990,62,train_Client_119977,11,0
307,10/4/1986,62,train_Client_119978,11,0
101,5/11/1977,60,train_Client_119979,11,0
104,8/4/2002,69,train_Client_11998,11,0
103,29/9/2016,69,train_Client_119981,11,0
104,18/12/2015,69,train_Client_119982,11,0
304,11/9/1992,62,train_Client_119984,11,0
101,18/10/2017,60,train_Client_119985,11,0
104,9/6/2000,69,train_Client_119986,11,0
311,16/12/1997,63,train_Client_119987,12,0
101,7/4/1988,60,train_Client_119988,11,0
302,9/7/2015,62,train_Client_119990,11,0
311,22/5/2015,63,train_Client_119991,11,0
104,18/7/2000,69,train_Client_119993,11,0
101,12/4/2013,60,train_Client_119994,11,0
301,10/1/2009,62,train_Client_119995,11,0
307,14/12/1998,62,train_Client_119996,11,0
308,24/5/1984,63,train_Client_119997,11,0
301,22/4/1983,62,train_Client_119998,11,0
101,19/10/2005,60,train_Client_119999,11,0
104,6/6/2011,69,train_Client_12,11,0
311,28/9/2004,63,train_Client_120,11,0
101,22/11/2012,60,train_Client_1200,11,0
372,11/7/1986,63,train_Client_12000,11,0
371,22/10/1991,62,train_Client_120000,11,0
104,24/12/1991,69,train_Client_120001,11,0
103,14/12/2016,69,train_Client_120002,11,0
302,31/3/1979,62,train_Client_120003,11,0
306,18/1/2017,63,train_Client_120004,11,0
372,28/11/2003,63,train_Client_120005,11,0
304,27/4/2007,62,train_Client_120006,11,0
101,20/7/1988,60,train_Client_120007,11,0
301,30/4/2003,62,train_Client_120008,11,0
101,29/7/1994,60,train_Client_120009,11,0
107,9/5/2016,69,train_Client_120010,11,0
307,30/12/2002,62,train_Client_120012,11,0
101,10/12/2015,60,train_Client_120015,11,0
101,12/10/2011,63,train_Client_120017,11,0
107,11/3/2014,69,train_Client_120018,11,1
101,14/2/2002,60,train_Client_120019,11,1
101,13/2/2011,60,train_Client_12002,11,0
311,23/9/2016,63,train_Client_120021,11,0
310,21/6/2017,62,train_Client_120023,11,0
101,8/12/1989,60,train_Client_120025,11,0
104,15/12/2006,69,train_Client_120026,11,0
371,16/4/2007,62,train_Client_120027,11,0
101,23/2/2010,63,train_Client_120028,11,0
107,13/10/2012,69,train_Client_120029,11,0
307,10/6/2008,62,train_Client_120030,11,0
107,14/5/2013,69,train_Client_120031,11,0
312,5/8/2013,63,train_Client_120033,11,0
304,28/6/2002,62,train_Client_120034,11,0
308,13/11/2015,63,train_Client_120035,11,0
301,17/12/1992,62,train_Client_120036,11,0
311,12/4/2010,63,train_Client_120039,11,0
101,23/11/1998,60,train_Client_120041,11,1
312,4/10/2006,63,train_Client_120042,11,0
107,18/3/2005,69,train_Client_120044,11,0
104,27/10/1980,69,train_Client_120045,11,0
101,23/7/2009,63,train_Client_120046,11,0
106,19/6/1982,69,train_Client_120049,11,0
101,4/10/1994,60,train_Client_12005,12,0
309,30/12/1997,62,train_Client_120051,11,0
379,13/8/2011,63,train_Client_120052,11,0
306,27/9/2001,63,train_Client_120053,11,0
101,19/11/1996,60,train_Client_120054,11,0
307,26/12/2016,62,train_Client_120056,11,0
107,8/1/2007,69,train_Client_120059,11,1
304,16/9/1993,62,train_Client_12006,11,0
101,29/11/2004,60,train_Client_120060,11,0
309,28/11/1986,62,train_Client_120062,11,0
107,26/10/2016,69,train_Client_120063,11,0
101,8/12/2003,60,train_Client_120064,11,0
101,18/11/2010,60,train_Client_120066,11,0
104,22/10/2011,69,train_Client_120067,11,0
306,24/3/2017,63,train_Client_120068,11,0
101,5/9/2013,63,train_Client_120069,11,0
301,20/11/1997,62,train_Client_12007,11,0
303,12/6/1984,62,train_Client_120072,11,0
312,23/1/2016,63,train_Client_120075,11,0
103,22/12/1997,69,train_Client_120076,11,0
310,14/9/2011,62,train_Client_120077,11,0
311,28/2/2007,63,train_Client_120079,11,0
101,23/6/1998,60,train_Client_120080,11,0
101,1/8/2011,60,train_Client_120081,11,0
313,22/3/2010,63,train_Client_120082,11,0
104,8/10/2003,69,train_Client_120083,11,0
104,10/10/2014,69,train_Client_120084,11,0
303,8/11/1982,62,train_Client_120085,11,1
101,19/3/2004,60,train_Client_120086,11,0
101,17/6/1997,60,train_Client_120090,11,0
309,17/8/1992,62,train_Client_120092,11,0
101,20/12/2012,60,train_Client_120093,11,0
313,8/12/2012,63,train_Client_120097,11,0
301,12/10/2009,62,train_Client_120098,11,0
306,11/1/2018,63,train_Client_1201,11,0
104,14/9/2007,69,train_Client_120100,11,0
107,15/12/1999,69,train_Client_120101,11,0
306,31/5/2007,63,train_Client_120103,11,0
305,15/7/1991,62,train_Client_120104,11,0
104,14/12/2016,69,train_Client_120106,11,0
101,7/4/2000,60,train_Client_120107,11,0
104,15/12/2008,69,train_Client_120108,11,0
104,16/1/1985,69,train_Client_120109,11,0
308,3/11/2015,63,train_Client_120111,11,0
311,25/5/2000,63,train_Client_120112,11,1
101,12/2/2007,60,train_Client_120114,11,0
305,4/12/2014,62,train_Client_120115,11,0
101,11/1/2010,60,train_Client_120117,11,0
101,17/3/1979,60,train_Client_120120,11,0
311,8/11/2013,63,train_Client_120126,11,0
104,1/6/2009,69,train_Client_120127,11,0
303,22/6/1983,62,train_Client_120128,11,0
103,8/5/2013,69,train_Client_12013,11,0
309,27/11/1992,62,train_Client_120130,11,0
107,11/12/2014,69,train_Client_120131,11,0
101,8/6/2016,60,train_Client_120132,11,0
101,17/10/2012,60,train_Client_120134,11,0
311,28/9/2015,63,train_Client_120135,11,0
101,30/5/2013,60,train_Client_120139,11,0
313,29/10/1997,63,train_Client_12014,11,0
101,23/6/2014,60,train_Client_120144,11,0
103,8/3/2016,69,train_Client_120149,11,0
101,19/12/2008,60,train_Client_120151,11,0
310,8/5/2007,62,train_Client_120157,11,0
311,30/6/1997,63,train_Client_120158,11,0
101,12/11/1984,60,train_Client_120159,11,0
101,31/3/1997,63,train_Client_120160,11,0
103,25/9/2010,69,train_Client_120163,11,0
312,2/5/2013,63,train_Client_120165,11,0
107,29/6/2009,69,train_Client_120166,11,0
107,18/12/2008,69,train_Client_120168,11,0
307,8/5/1982,62,train_Client_120169,11,0
104,30/8/1994,69,train_Client_12017,11,0
101,28/6/2010,60,train_Client_120171,11,0
309,27/10/2007,62,train_Client_120175,11,0
107,29/10/2013,69,train_Client_120176,11,0
312,13/10/2017,63,train_Client_120177,11,0
101,22/6/1981,60,train_Client_120178,11,0
101,22/9/1998,63,train_Client_120179,11,0
303,4/11/1991,62,train_Client_12018,11,0
310,22/4/2015,62,train_Client_120180,11,0
309,10/12/1985,62,train_Client_120181,11,0
305,28/2/2007,62,train_Client_120182,11,0
103,23/10/1985,69,train_Client_120183,11,0
301,13/6/1990,62,train_Client_120185,12,0
304,16/8/2011,62,train_Client_120187,11,0
301,14/8/2007,62,train_Client_120188,11,0
313,23/5/1994,63,train_Client_12019,11,0
302,21/11/1990,62,train_Client_120190,11,0
302,12/11/1979,62,train_Client_120191,11,0
309,18/11/2011,62,train_Client_120192,11,0
306,26/5/2009,63,train_Client_120194,11,0
311,11/5/1999,63,train_Client_120195,11,1
302,24/11/1994,62,train_Client_120196,11,0
310,4/9/1987,62,train_Client_120197,11,0
101,20/12/2012,60,train_Client_120199,11,0
101,13/3/1982,60,train_Client_12020,11,0
302,30/9/1981,62,train_Client_120200,11,0
101,15/11/2006,60,train_Client_120203,11,0
103,29/4/1981,69,train_Client_120205,11,0
305,17/1/2002,62,train_Client_120207,11,0
103,25/1/2019,69,train_Client_120208,11,0
301,25/6/2012,62,train_Client_120209,11,1
103,6/10/2004,69,train_Client_12021,11,0
104,22/11/2013,69,train_Client_120211,12,0
302,10/12/2013,62,train_Client_120212,11,0
301,9/9/2010,62,train_Client_120213,11,0
107,22/1/2016,69,train_Client_120214,11,0
311,15/1/2016,63,train_Client_120215,11,0
103,3/11/2014,69,train_Client_120217,11,0
302,16/12/1986,62,train_Client_120218,11,0
309,2/5/1983,62,train_Client_120219,11,1
107,8/6/2016,69,train_Client_12022,11,0
101,24/11/2011,60,train_Client_120220,11,0
101,8/5/2012,60,train_Client_120221,11,0
310,28/4/2003,62,train_Client_120223,11,0
101,27/9/2010,60,train_Client_120226,11,0
306,15/12/2011,63,train_Client_120228,11,0
306,7/5/2002,63,train_Client_120229,11,0
101,29/11/2005,60,train_Client_120230,11,0
309,25/12/2000,62,train_Client_120231,11,0
104,22/10/2011,69,train_Client_120233,11,0
107,17/5/1999,69,train_Client_120234,11,0
101,1/6/2007,60,train_Client_120235,11,0
379,25/5/2010,63,train_Client_120237,11,0
101,6/6/2000,60,train_Client_120238,11,0
101,3/4/1992,60,train_Client_120239,11,0
101,21/2/1978,60,train_Client_12024,11,0
107,11/3/2014,69,train_Client_120240,11,0
306,13/8/2011,63,train_Client_120243,11,0
103,5/8/2016,69,train_Client_120246,11,0
305,11/6/2018,62,train_Client_120247,11,0
311,29/11/2010,63,train_Client_120248,11,0
104,16/5/2013,69,train_Client_120249,11,0
101,20/12/1982,60,train_Client_12025,11,0
311,21/4/2016,63,train_Client_120250,11,0
101,17/2/1988,60,train_Client_120251,11,0
101,1/10/2015,60,train_Client_120252,11,0
101,29/11/1991,60,train_Client_120253,11,0
307,25/12/2015,62,train_Client_120254,11,0
302,24/4/2000,62,train_Client_120255,11,0
104,15/4/1985,69,train_Client_120256,11,0
104,5/4/1982,69,train_Client_120259,11,0
301,22/12/2016,62,train_Client_12026,11,0
301,16/3/2001,62,train_Client_120261,11,1
101,18/5/2007,60,train_Client_120263,11,0
104,9/5/2005,69,train_Client_120264,11,0
103,1/8/2017,69,train_Client_120265,11,0
101,13/6/1977,60,train_Client_120266,11,0
303,18/12/1990,62,train_Client_120267,11,0
103,29/11/2011,69,train_Client_120268,11,0
304,26/12/1986,62,train_Client_120269,11,0
312,14/6/2001,63,train_Client_120270,12,0
303,24/2/2010,62,train_Client_120272,11,0
103,16/12/2015,69,train_Client_120273,11,0
313,23/11/2010,63,train_Client_120274,11,0
107,25/6/2016,69,train_Client_120277,11,0
103,31/7/2002,69,train_Client_120278,11,0
310,12/5/1979,62,train_Client_120279,11,0
306,26/12/2014,63,train_Client_12028,11,0
101,22/7/2005,60,train_Client_120282,11,0
311,14/12/2000,63,train_Client_120283,11,0
107,17/9/2011,69,train_Client_120286,11,0
304,11/11/2006,62,train_Client_120287,11,0
101,11/10/2007,60,train_Client_120288,11,0
313,20/9/2017,63,train_Client_12029,11,0
105,19/12/2008,69,train_Client_120291,11,0
301,27/5/2010,62,train_Client_120292,11,0
104,13/12/1984,69,train_Client_120293,11,0
372,29/12/2000,63,train_Client_120294,11,1
303,31/8/2016,62,train_Client_120296,11,0
304,26/1/1982,62,train_Client_120297,11,0
304,9/12/1996,62,train_Client_120298,11,0
306,20/4/2018,63,train_Client_120299,11,0
305,12/4/2014,62,train_Client_1203,11,0
101,19/10/2010,60,train_Client_12030,11,0
309,3/10/1991,62,train_Client_120300,11,0
101,22/11/2006,60,train_Client_120301,11,0
312,25/9/2010,63,train_Client_120302,11,0
308,26/5/2011,63,train_Client_120303,11,0
301,31/10/1984,62,train_Client_120304,11,1
104,23/3/2013,69,train_Client_120305,11,0
313,17/5/2014,63,train_Client_120306,11,0
107,8/12/2015,69,train_Client_120307,11,0
312,24/3/1989,63,train_Client_120308,11,0
104,18/6/1992,69,train_Client_120309,11,0
310,6/6/2018,62,train_Client_12031,11,0
305,14/12/1998,62,train_Client_120312,11,1
307,17/4/2012,62,train_Client_120313,11,0
105,26/5/1999,69,train_Client_120314,11,0
101,31/12/2008,60,train_Client_120316,11,0
101,6/2/1998,60,train_Client_120318,11,0
101,10/6/2013,60,train_Client_120319,11,0
103,17/5/2010,69,train_Client_12032,11,0
101,8/4/2008,60,train_Client_120320,11,0
107,21/10/2002,69,train_Client_120321,11,1
103,30/12/2011,69,train_Client_120322,11,0
101,11/7/2011,60,train_Client_120323,11,0
307,29/5/1998,62,train_Client_120325,11,0
371,22/6/1987,62,train_Client_120326,11,0
307,16/6/2014,62,train_Client_120327,11,0
104,22/11/2013,69,train_Client_120331,11,0
310,17/2/2018,62,train_Client_120332,11,0
105,22/12/1993,69,train_Client_120333,11,0
313,21/1/2010,63,train_Client_120334,11,0
306,19/2/2008,63,train_Client_120336,11,0
311,10/1/2013,63,train_Client_120338,11,0
105,11/2/2013,69,train_Client_120339,11,1
101,22/6/2000,60,train_Client_12034,11,0
310,17/4/2008,62,train_Client_120341,11,0
303,29/12/2003,62,train_Client_120342,11,0
399,31/10/2000,63,train_Client_120343,11,0
107,9/6/2007,69,train_Client_120346,12,0
101,11/6/1993,60,train_Client_120347,11,0
301,29/5/2003,62,train_Client_120348,11,0
105,2/8/2011,69,train_Client_120349,11,0
371,23/11/1988,62,train_Client_120350,11,0
101,10/12/2009,60,train_Client_120351,11,0
306,30/3/2000,63,train_Client_120352,11,0
101,24/2/2011,60,train_Client_120353,11,1
312,19/12/2012,63,train_Client_120354,11,0
305,16/10/2010,62,train_Client_120355,11,0
101,21/2/2003,60,train_Client_120356,11,0
101,29/7/1978,60,train_Client_120357,11,0
101,4/3/1982,60,train_Client_120358,11,0
310,30/11/1999,62,train_Client_120361,11,0
101,30/9/2002,60,train_Client_120362,11,0
107,6/9/2016,69,train_Client_120363,11,0
101,30/6/1994,60,train_Client_120364,11,0
101,19/10/2005,60,train_Client_120365,11,0
107,28/8/1985,69,train_Client_120366,11,0
107,12/6/1996,69,train_Client_120368,11,0
311,28/3/2016,63,train_Client_120369,11,0
107,21/4/2014,69,train_Client_12037,11,0
308,13/10/2010,63,train_Client_120371,11,0
103,13/12/2018,69,train_Client_120372,11,0
101,5/9/2007,60,train_Client_120373,51,0
104,19/11/2009,69,train_Client_120374,11,0
302,27/9/2008,62,train_Client_120375,11,0
301,29/6/2017,62,train_Client_120376,11,0
303,31/12/1994,62,train_Client_120377,11,0
306,4/5/2018,63,train_Client_120378,11,0
107,4/3/2008,69,train_Client_120379,11,0
311,10/12/2010,63,train_Client_12038,11,0
101,21/6/2004,60,train_Client_120380,11,0
301,16/5/1984,62,train_Client_120384,11,0
303,1/11/2013,62,train_Client_120385,11,0
107,11/7/2011,69,train_Client_120386,11,1
103,12/1/2015,69,train_Client_120387,11,1
101,4/6/2015,60,train_Client_120389,11,0
104,2/10/2012,69,train_Client_12039,11,0
303,31/5/2012,62,train_Client_120390,11,0
104,26/3/2013,69,train_Client_120392,11,0
309,18/9/1997,62,train_Client_120396,11,0
306,22/5/2000,63,train_Client_120398,11,0
311,3/3/2011,63,train_Client_120399,11,0
107,26/2/1991,69,train_Client_1204,11,1
306,9/1/2016,63,train_Client_12040,11,0
101,11/12/1992,60,train_Client_120401,11,0
306,5/4/2014,63,train_Client_120402,11,0
309,24/11/2017,62,train_Client_120405,11,0
107,19/7/2013,69,train_Client_120406,11,0
101,22/9/1998,60,train_Client_120407,11,0
303,10/6/2002,62,train_Client_120408,11,0
304,24/9/2016,62,train_Client_120409,11,0
103,16/12/2015,69,train_Client_120410,11,0
106,12/9/2009,69,train_Client_120411,11,0
101,4/10/1999,60,train_Client_120415,11,0
301,8/11/1977,62,train_Client_120417,11,0
309,27/11/2014,62,train_Client_120418,11,0
304,29/7/1997,62,train_Client_120419,11,1
101,16/7/1990,60,train_Client_120422,11,1
303,12/1/2007,62,train_Client_120424,11,0
101,5/6/2015,60,train_Client_120425,11,0
307,21/5/2010,62,train_Client_120426,11,0
311,22/2/2012,63,train_Client_120427,11,0
306,26/1/2015,63,train_Client_120429,11,0
301,10/6/1983,62,train_Client_12043,11,0
101,6/6/2009,60,train_Client_120430,11,0
303,27/2/2001,62,train_Client_120431,11,0
101,23/5/2007,60,train_Client_120432,11,0
101,16/12/2016,60,train_Client_120433,11,0
306,21/10/2013,63,train_Client_120435,11,0
103,13/2/2012,69,train_Client_120436,11,0
107,29/7/2017,69,train_Client_120437,11,0
101,17/6/2011,60,train_Client_120438,11,0
304,6/12/1977,62,train_Client_120439,12,0
101,23/1/2002,60,train_Client_120441,11,0
104,7/2/1986,69,train_Client_120443,11,0
101,4/11/2008,60,train_Client_120444,11,0
101,21/9/1984,60,train_Client_120446,11,0
311,10/12/2013,63,train_Client_120447,11,0
101,19/9/1979,60,train_Client_120448,11,0
101,23/10/1989,60,train_Client_120449,11,0
311,18/11/1998,63,train_Client_12045,11,0
307,2/8/2014,62,train_Client_120450,11,0
101,10/3/2011,60,train_Client_120451,11,1
313,19/3/2012,63,train_Client_120452,11,0
302,7/2/2002,62,train_Client_120456,11,0
104,2/10/2001,69,train_Client_120457,11,0
311,30/9/2013,63,train_Client_120458,11,0
312,13/10/1980,63,train_Client_120459,11,0
101,22/3/1980,60,train_Client_12046,11,0
311,4/2/2016,63,train_Client_120460,11,0
312,18/10/1983,63,train_Client_120461,11,0
101,6/9/2016,60,train_Client_120463,11,0
303,6/7/2017,62,train_Client_120464,11,0
301,30/11/2000,62,train_Client_120465,11,0
105,28/12/1994,69,train_Client_120466,11,0
304,10/6/2015,62,train_Client_120469,11,0
313,12/2/2018,63,train_Client_12047,11,0
305,26/12/1983,62,train_Client_120471,11,0
301,6/4/2015,62,train_Client_120475,11,0
103,25/8/2012,69,train_Client_120476,11,0
101,14/11/2000,60,train_Client_120477,11,0
306,12/6/2008,63,train_Client_120478,11,0
101,14/3/2013,60,train_Client_120479,11,0
310,11/2/2010,62,train_Client_120480,11,0
301,21/10/1978,62,train_Client_120481,11,0
104,4/7/1978,69,train_Client_120482,11,0
309,30/9/1983,62,train_Client_120484,11,0
309,13/3/2001,62,train_Client_120486,11,0
371,5/5/2012,62,train_Client_120487,11,0
101,17/11/1994,60,train_Client_120488,11,0
103,6/2/2007,69,train_Client_12049,11,0
107,15/2/2008,69,train_Client_120490,11,0
309,29/4/2013,62,train_Client_120492,11,0
306,22/6/2007,63,train_Client_120493,11,0
104,24/11/2011,69,train_Client_120495,11,0
302,31/12/2014,62,train_Client_120496,11,0
307,15/11/1999,62,train_Client_120497,11,0
311,10/11/2014,63,train_Client_120498,11,0
107,3/11/2013,69,train_Client_120499,11,0
101,9/10/2008,60,train_Client_120500,11,0
103,19/10/1982,69,train_Client_120501,11,0
107,13/9/1996,69,train_Client_120504,11,0
103,9/11/2017,69,train_Client_120505,11,0
301,29/9/2008,62,train_Client_120506,11,0
107,16/7/2013,69,train_Client_120507,11,0
301,13/6/1994,62,train_Client_120508,11,0
104,30/9/2008,69,train_Client_120509,11,0
101,7/5/2009,60,train_Client_12051,11,0
371,28/5/2002,62,train_Client_120510,11,0
306,30/11/2005,63,train_Client_120511,11,0
106,7/11/1984,69,train_Client_120512,11,0
104,27/10/2008,69,train_Client_120514,11,0
310,20/2/2017,62,train_Client_120515,11,0
107,26/11/2009,69,train_Client_120517,11,0
101,9/1/2007,60,train_Client_120519,11,0
101,30/5/1990,63,train_Client_120521,11,0
104,1/10/2013,69,train_Client_120522,11,0
311,28/9/2011,63,train_Client_120523,11,0
101,14/11/2013,60,train_Client_120524,11,0
309,28/5/2014,62,train_Client_120525,11,0
101,25/9/2009,60,train_Client_120526,11,0
372,29/12/2000,63,train_Client_120527,11,0
309,3/10/1989,62,train_Client_120528,11,0
307,1/4/1986,62,train_Client_120529,11,0
301,18/2/2013,62,train_Client_12053,11,0
371,27/12/1991,62,train_Client_120530,11,0
101,29/3/2005,60,train_Client_120531,11,0
301,27/4/2000,62,train_Client_120533,11,0
311,21/8/1989,63,train_Client_120537,11,0
101,23/1/1979,60,train_Client_120538,11,0
104,13/8/2013,69,train_Client_120539,11,0
312,12/12/1995,63,train_Client_12054,11,0
104,3/11/2014,69,train_Client_120540,11,0
107,27/8/2009,69,train_Client_120541,11,0
105,19/9/2011,69,train_Client_120542,11,0
101,22/4/2011,60,train_Client_120546,11,0
101,19/4/2017,60,train_Client_120547,11,0
371,24/11/1994,62,train_Client_120548,11,0
311,22/9/2015,63,train_Client_120549,11,0
101,20/4/1999,60,train_Client_120550,11,0
302,20/10/2003,62,train_Client_120551,11,0
309,24/5/2017,62,train_Client_120552,11,0
303,28/6/2007,62,train_Client_120553,11,0
104,4/11/2003,69,train_Client_120554,11,0
306,20/11/1996,63,train_Client_120555,11,0
104,28/12/2004,69,train_Client_120556,11,0
107,18/3/2016,69,train_Client_120557,11,0
103,17/10/2015,69,train_Client_120558,11,0
311,9/12/1993,63,train_Client_120559,11,0
305,7/4/1995,62,train_Client_12056,11,0
301,16/3/2001,62,train_Client_120561,11,0
107,17/2/2015,69,train_Client_120563,11,0
306,20/2/2018,63,train_Client_120564,11,0
301,14/10/1985,62,train_Client_120566,11,0
307,15/9/2012,62,train_Client_120568,11,0
371,3/9/2014,62,train_Client_120569,11,0
101,10/11/1995,60,train_Client_12057,11,0
305,28/5/2002,62,train_Client_120571,11,0
104,8/6/1988,69,train_Client_120572,11,0
104,30/12/1999,69,train_Client_120577,11,0
301,29/3/1983,62,train_Client_120579,11,0
103,16/12/2014,69,train_Client_120580,11,0
105,25/12/2008,69,train_Client_120581,11,0
301,29/2/2016,62,train_Client_120582,11,0
309,19/6/2017,62,train_Client_120583,11,0
312,28/1/2015,63,train_Client_120584,11,0
101,23/10/2017,60,train_Client_120585,11,0
104,28/3/2018,69,train_Client_120586,11,0
101,12/12/1978,60,train_Client_120587,11,0
101,18/11/2010,60,train_Client_120588,11,0
310,3/4/2015,62,train_Client_120589,11,0
311,25/9/2010,63,train_Client_12059,11,0
101,23/12/2011,60,train_Client_120590,11,0
101,29/8/1995,60,train_Client_120592,11,0
304,29/12/1993,62,train_Client_120593,11,0
301,14/10/1985,62,train_Client_120595,11,0
309,13/12/2017,62,train_Client_120596,11,0
101,30/7/2010,60,train_Client_120597,11,0
302,11/10/1994,62,train_Client_120598,11,0
301,12/1/2018,62,train_Client_120599,11,0
379,13/11/2013,63,train_Client_120600,11,0
101,7/12/2008,60,train_Client_120601,11,0
307,11/10/2018,62,train_Client_120603,11,0
101,13/2/2002,60,train_Client_120606,11,0
301,5/5/2008,62,train_Client_120609,11,0
303,18/11/2011,62,train_Client_12061,11,0
107,16/9/2008,69,train_Client_120611,11,0
101,20/9/2014,60,train_Client_120615,11,0
101,26/6/2009,60,train_Client_120617,11,0
101,20/10/2006,60,train_Client_120618,11,1
105,29/11/1990,69,train_Client_120619,11,0
103,5/3/1991,69,train_Client_12062,11,1
301,17/11/2000,62,train_Client_120620,11,0
104,11/5/2018,69,train_Client_120622,11,0
101,20/8/2008,60,train_Client_120625,11,0
372,12/11/1992,63,train_Client_120626,11,0
301,31/5/1996,62,train_Client_120627,11,0
307,9/12/1987,62,train_Client_120628,11,0
301,5/3/2007,62,train_Client_120629,11,0
101,7/12/2017,63,train_Client_12063,11,0
303,6/2/1980,62,train_Client_120631,11,0
101,9/1/2018,60,train_Client_120634,11,0
101,2/12/1991,60,train_Client_120638,11,0
303,20/7/2006,62,train_Client_120639,11,0
309,24/2/2015,62,train_Client_12064,11,0
302,29/5/1982,62,train_Client_120640,11,0
107,9/1/2014,69,train_Client_120641,11,0
305,16/4/1977,62,train_Client_120642,11,0
104,20/9/2012,69,train_Client_120643,11,0
302,4/8/1978,62,train_Client_120644,11,0
301,6/4/1982,62,train_Client_120646,11,0
312,6/12/2007,63,train_Client_120647,11,0
107,25/6/2016,69,train_Client_120648,11,0
305,6/3/2012,62,train_Client_120649,11,0
301,15/1/1986,62,train_Client_12065,11,0
306,25/6/2014,63,train_Client_120650,11,0
302,9/5/1981,62,train_Client_120651,11,0
104,22/2/2013,69,train_Client_120653,11,0
104,9/2/2008,69,train_Client_120654,11,0
104,20/5/1997,69,train_Client_120655,11,0
306,27/5/2005,63,train_Client_120657,11,0
106,19/12/1981,69,train_Client_120658,11,0
103,4/3/2010,69,train_Client_120659,11,0
103,25/12/2010,69,train_Client_12066,11,1
307,24/9/1999,62,train_Client_120660,11,0
101,21/7/1978,60,train_Client_120661,11,0
312,15/11/1988,63,train_Client_120662,11,0
101,25/3/2008,60,train_Client_120663,11,0
301,21/8/1989,62,train_Client_120664,11,0
310,9/7/2012,62,train_Client_120665,11,0
311,30/5/2012,63,train_Client_120666,11,0
313,4/7/2018,63,train_Client_120667,11,0
104,26/1/1980,69,train_Client_120668,11,0
103,8/12/2017,69,train_Client_120669,11,0
302,16/10/1997,62,train_Client_120670,11,0
107,25/8/2008,69,train_Client_120671,11,0
103,23/10/1989,69,train_Client_120672,11,0
103,26/11/2007,69,train_Client_120673,11,0
104,3/12/2002,69,train_Client_120674,11,0
307,30/12/1997,62,train_Client_120676,11,0
103,17/11/2015,69,train_Client_120677,11,0
301,28/4/1995,62,train_Client_120678,11,0
311,23/4/2014,63,train_Client_120679,11,0
104,29/12/1979,69,train_Client_12068,11,0
101,25/11/1994,60,train_Client_120680,11,0
302,19/6/1987,62,train_Client_120681,11,0
104,3/9/2010,69,train_Client_120683,11,0
104,28/9/2016,69,train_Client_120684,11,0
301,16/5/2013,62,train_Client_120685,11,1
310,18/2/2002,62,train_Client_120686,11,0
101,10/11/1998,60,train_Client_120687,11,0
301,31/5/2017,62,train_Client_120688,11,0
101,4/10/2016,60,train_Client_120689,11,0
309,26/8/1994,62,train_Client_12069,11,0
301,24/4/2009,62,train_Client_120690,11,0
101,13/5/2010,60,train_Client_120694,11,0
303,4/11/2008,62,train_Client_120695,11,0
104,22/12/2008,69,train_Client_120697,11,0
104,5/12/2016,69,train_Client_120699,11,0
103,21/2/2013,69,train_Client_1207,11,0
101,4/10/1999,60,train_Client_12070,11,0
107,25/3/1980,69,train_Client_120702,11,0
101,27/7/2015,60,train_Client_120703,11,0
104,27/11/2012,69,train_Client_120704,11,1
101,28/4/2003,60,train_Client_120705,11,0
101,28/5/1979,60,train_Client_120706,11,0
104,22/12/2006,69,train_Client_120707,11,0
104,11/3/2014,69,train_Client_120708,11,0
107,17/5/1999,69,train_Client_120709,11,0
304,10/5/2012,62,train_Client_12071,11,0
306,4/9/2015,63,train_Client_120710,11,0
101,23/2/2007,60,train_Client_120712,11,0
101,7/4/1995,60,train_Client_120713,11,0
101,9/3/2016,60,train_Client_120715,11,0
101,20/9/1980,60,train_Client_120716,11,0
101,26/12/2016,60,train_Client_120717,11,0
305,17/5/1995,62,train_Client_120718,11,0
305,9/10/1986,62,train_Client_120719,11,0
101,14/2/2003,60,train_Client_120721,11,0
101,1/9/2016,60,train_Client_120723,11,0
311,26/7/2017,63,train_Client_120726,11,0
303,26/11/1981,62,train_Client_120727,11,0
101,31/12/1986,60,train_Client_120728,11,0
101,10/2/2014,60,train_Client_120729,11,0
306,31/12/1990,63,train_Client_12073,11,0
306,31/8/2010,63,train_Client_120730,11,0
104,16/5/2013,69,train_Client_120732,11,0
101,4/7/1989,60,train_Client_120733,11,0
103,25/4/2011,69,train_Client_120735,11,0
303,10/4/2001,62,train_Client_120736,11,0
104,19/12/2006,69,train_Client_120737,11,0
101,18/10/2016,60,train_Client_120739,11,0
104,31/5/2001,69,train_Client_12074,11,0
101,14/2/2003,60,train_Client_120740,11,0
104,14/5/2007,69,train_Client_120742,11,0
303,7/12/1988,62,train_Client_120743,11,0
103,31/3/2016,69,train_Client_120745,51,0
301,24/11/1992,62,train_Client_120746,11,0
302,31/12/2003,62,train_Client_120748,11,0
301,29/11/1977,62,train_Client_120749,11,0
371,28/12/1987,62,train_Client_12075,11,0
103,3/3/2008,69,train_Client_120751,11,0
307,1/7/2015,62,train_Client_120752,11,0
107,13/11/2003,69,train_Client_120755,11,0
101,20/1/2017,60,train_Client_120756,11,0
311,31/1/2002,63,train_Client_120759,11,0
305,18/6/2016,62,train_Client_120760,11,0
106,3/11/2008,69,train_Client_120761,11,0
101,7/9/2011,60,train_Client_120763,11,0
310,30/5/2014,62,train_Client_120764,11,0
301,17/5/2002,62,train_Client_120765,11,0
103,22/12/2007,69,train_Client_120766,11,0
101,4/12/2013,60,train_Client_120768,11,0
311,28/2/2002,63,train_Client_120769,11,1
104,10/5/1996,69,train_Client_12077,11,0
104,23/8/2005,69,train_Client_120770,11,0
101,18/6/2015,60,train_Client_120771,11,0
302,30/5/2014,62,train_Client_120772,11,0
311,5/2/1987,63,train_Client_120773,11,0
107,14/8/2007,69,train_Client_120775,11,0
107,21/6/2004,69,train_Client_120777,11,0
101,25/4/2011,60,train_Client_120778,11,0
107,13/6/2006,69,train_Client_120779,11,0
104,15/8/2010,69,train_Client_12078,11,0
311,30/5/2017,63,train_Client_120780,11,0
101,19/4/2007,60,train_Client_120781,12,0
302,6/12/2011,62,train_Client_120783,11,0
302,13/10/1980,62,train_Client_120784,11,0
371,30/12/1995,62,train_Client_120785,11,0
101,31/8/1990,60,train_Client_120787,12,0
101,7/6/1991,60,train_Client_120788,11,0
101,30/12/2010,60,train_Client_120789,11,0
312,11/12/2009,63,train_Client_12079,11,0
104,11/6/2018,69,train_Client_120790,11,0
101,9/12/1982,60,train_Client_120791,11,0
101,7/3/1983,60,train_Client_120793,11,0
101,30/5/1990,60,train_Client_120797,11,0
310,28/4/2008,62,train_Client_12080,11,0
107,6/3/2008,69,train_Client_120800,11,0
371,2/12/2011,62,train_Client_120804,11,0
101,13/3/1980,60,train_Client_120805,11,0
101,3/12/2007,60,train_Client_120808,11,0
302,25/5/2012,62,train_Client_120809,11,0
101,17/6/2005,60,train_Client_12081,11,0
101,18/12/1991,60,train_Client_120812,11,0
303,8/12/1997,62,train_Client_120813,11,0
302,8/12/1986,62,train_Client_120814,11,0
306,11/9/2015,63,train_Client_120815,11,0
104,7/9/2006,69,train_Client_120816,11,0
309,14/3/1995,62,train_Client_12082,11,0
311,21/11/1995,63,train_Client_120820,11,0
101,25/8/2016,60,train_Client_120821,11,0
301,19/5/1993,62,train_Client_120822,11,0
301,25/10/1982,62,train_Client_120823,12,0
101,5/6/2003,60,train_Client_120824,11,0
101,22/5/2013,60,train_Client_120825,11,0
310,19/12/2017,62,train_Client_120826,11,0
101,29/5/2012,60,train_Client_120827,11,0
105,11/6/1979,69,train_Client_120828,11,0
301,22/8/1989,62,train_Client_120831,11,0
309,15/10/2009,62,train_Client_120832,11,0
309,8/3/2004,62,train_Client_120835,11,0
302,18/12/1990,62,train_Client_120836,11,0
306,3/10/2011,63,train_Client_120837,11,0
103,1/8/2017,69,train_Client_120839,11,0
104,28/8/2010,69,train_Client_120840,11,0
107,6/5/2010,69,train_Client_120841,11,0
101,24/12/2007,60,train_Client_120842,51,0
301,6/5/2009,62,train_Client_120843,11,0
311,22/12/1995,63,train_Client_120844,11,0
101,19/7/1996,60,train_Client_120845,11,0
301,21/11/2014,62,train_Client_120846,11,0
101,27/4/1990,60,train_Client_120847,11,0
311,30/6/1995,63,train_Client_120849,11,0
101,31/5/2013,60,train_Client_12085,12,0
101,28/2/1977,60,train_Client_120850,11,0
307,9/10/1987,62,train_Client_120851,11,0
301,25/6/2018,62,train_Client_120852,51,0
301,27/1/1982,62,train_Client_120855,11,0
309,20/6/2017,62,train_Client_120858,11,0
312,31/8/2012,63,train_Client_120859,11,0
101,15/12/1986,60,train_Client_12086,11,0
101,5/1/2012,60,train_Client_120860,11,0
107,14/4/2010,69,train_Client_120861,11,0
308,31/12/2000,63,train_Client_120862,11,1
311,17/2/2000,63,train_Client_120863,11,0
101,2/6/2010,60,train_Client_120864,11,0
101,31/12/2005,60,train_Client_120865,11,0
312,7/12/1989,63,train_Client_120866,11,0
371,18/10/2006,62,train_Client_120867,11,0
101,6/11/1992,63,train_Client_120868,11,0
101,14/8/2007,60,train_Client_12087,11,0
371,14/2/2015,62,train_Client_120871,11,0
103,24/7/2006,69,train_Client_120873,12,0
303,23/12/1994,62,train_Client_120874,11,0
103,20/2/2007,69,train_Client_120877,11,0
306,22/8/2009,63,train_Client_12088,11,0
313,17/6/2017,63,train_Client_120880,11,0
301,29/6/2017,62,train_Client_120881,11,0
101,26/11/1980,60,train_Client_120882,11,0
301,26/12/2007,62,train_Client_120883,11,0
303,16/6/2005,62,train_Client_120884,11,0
302,10/12/2015,62,train_Client_120885,11,0
310,26/4/2017,62,train_Client_120887,11,0
107,24/12/2012,69,train_Client_120888,11,0
101,27/9/2016,63,train_Client_120889,11,0
371,14/12/2015,62,train_Client_12089,11,0
101,18/12/2002,60,train_Client_120890,11,0
101,24/8/2010,60,train_Client_120891,11,0
104,7/7/2014,69,train_Client_120892,11,0
101,17/5/2012,60,train_Client_120893,11,0
312,12/12/2017,63,train_Client_120894,11,0
107,26/3/2007,69,train_Client_120895,11,0
104,19/7/2010,69,train_Client_120896,11,0
101,30/4/1980,60,train_Client_120897,11,0
371,4/12/2009,62,train_Client_120898,11,0
107,18/11/2010,69,train_Client_120899,11,0
301,18/11/1986,62,train_Client_1209,11,0
104,26/5/2003,69,train_Client_12090,11,0
101,18/12/1984,60,train_Client_120900,11,1
101,8/10/2004,60,train_Client_120901,11,0
312,25/11/2017,63,train_Client_120902,11,0
311,30/6/2006,63,train_Client_120904,11,0
101,11/4/2001,60,train_Client_120909,11,0
101,10/12/1984,60,train_Client_120911,11,0
105,17/3/2007,69,train_Client_120912,11,0
101,6/12/2017,60,train_Client_120913,11,0
309,21/9/2012,62,train_Client_120914,11,0
103,25/5/2012,69,train_Client_120915,51,0
101,19/12/2009,60,train_Client_120916,11,1
101,26/9/1979,60,train_Client_120918,11,0
101,3/4/2007,60,train_Client_120919,12,0
305,8/3/2012,62,train_Client_12092,11,0
301,16/10/1998,62,train_Client_120920,11,0
303,8/8/1981,62,train_Client_120921,11,0
107,26/9/2009,69,train_Client_120922,11,0
104,22/6/1988,69,train_Client_120923,11,0
306,14/12/2010,63,train_Client_120925,11,0
101,16/11/2006,60,train_Client_120927,11,0
101,25/12/2002,60,train_Client_120928,11,0
311,29/4/2009,63,train_Client_120929,11,0
104,12/11/1979,69,train_Client_120931,11,0
101,30/10/2007,60,train_Client_120932,11,0
101,29/5/2011,60,train_Client_120933,11,0
305,29/4/2015,62,train_Client_120934,11,0
107,28/7/2016,69,train_Client_120935,11,0
313,26/3/2011,63,train_Client_120937,11,0
372,24/7/2015,63,train_Client_12094,11,0
306,30/3/2004,63,train_Client_120942,11,0
304,16/4/1977,62,train_Client_120943,11,0
101,18/9/1992,60,train_Client_120944,11,0
301,25/10/1982,62,train_Client_120945,12,0
103,23/7/2008,69,train_Client_120946,11,0
310,6/11/2015,62,train_Client_120947,11,0
106,13/6/2017,69,train_Client_120948,11,0
107,23/5/2001,69,train_Client_120949,11,0
101,26/5/2016,60,train_Client_12095,11,0
103,11/5/1978,69,train_Client_120951,11,0
101,10/11/1995,60,train_Client_120952,11,0
107,6/7/1999,69,train_Client_120953,11,0
309,20/5/1983,62,train_Client_120954,11,0
101,7/3/2016,60,train_Client_120956,11,0
103,16/12/2015,69,train_Client_120957,11,0
104,12/7/2017,69,train_Client_120959,11,0
104,11/3/1997,69,train_Client_12096,11,0
103,26/11/2008,69,train_Client_120960,11,0
303,25/1/2017,62,train_Client_120961,11,0
307,18/5/1984,62,train_Client_120962,11,0
307,16/11/1987,62,train_Client_120963,11,0
103,25/8/2008,69,train_Client_120965,11,0
101,18/9/2000,60,train_Client_120966,11,0
101,15/6/1989,60,train_Client_120968,11,0
107,20/10/1998,69,train_Client_120970,11,1
106,29/6/2009,69,train_Client_120972,11,0
306,9/5/2008,63,train_Client_120973,11,0
101,4/11/1997,60,train_Client_120974,11,0
101,3/7/2017,60,train_Client_120975,11,0
103,30/4/2014,69,train_Client_120977,11,0
301,14/3/1991,62,train_Client_120978,11,0
103,31/12/1982,69,train_Client_120979,11,0
107,13/12/2011,69,train_Client_12098,11,0
103,13/9/2000,69,train_Client_120980,11,0
309,9/1/2015,62,train_Client_120981,11,0
103,16/12/2015,69,train_Client_120982,11,0
311,12/5/2011,63,train_Client_120983,11,0
303,24/5/1980,62,train_Client_120985,11,0
309,16/2/2013,62,train_Client_120986,11,1
101,28/6/2006,60,train_Client_120987,11,0
302,7/8/2014,62,train_Client_120988,12,0
104,22/12/2006,69,train_Client_12099,11,0
303,5/6/2017,62,train_Client_120991,11,0
302,19/4/1996,62,train_Client_120994,11,0
309,21/9/2011,62,train_Client_120996,11,0
104,4/7/2013,69,train_Client_120997,11,0
305,16/10/2003,62,train_Client_120998,11,0
101,10/11/2008,60,train_Client_120999,11,0
306,9/1/2009,63,train_Client_121000,11,0
101,30/6/1994,60,train_Client_121001,11,0
304,25/11/1991,62,train_Client_121003,11,0
101,3/6/1982,60,train_Client_121004,11,0
301,19/12/1997,62,train_Client_121005,11,1
301,3/12/2012,62,train_Client_121007,11,0
101,11/3/1999,60,train_Client_121009,11,0
303,2/12/2011,62,train_Client_121010,11,0
304,21/10/2013,62,train_Client_121011,11,0
312,13/6/2015,63,train_Client_121013,11,0
101,7/6/2006,60,train_Client_121014,11,0
305,6/2/1980,62,train_Client_121015,11,0
101,3/7/2006,60,train_Client_121016,11,0
101,3/10/2006,60,train_Client_121017,11,0
101,22/3/1988,60,train_Client_12102,11,0
101,8/11/2010,60,train_Client_121022,11,0
107,1/12/2008,69,train_Client_121023,11,0
101,17/9/2015,60,train_Client_121025,11,0
310,4/7/2006,62,train_Client_121026,11,0
104,20/12/2017,69,train_Client_121028,11,0
310,29/6/1988,62,train_Client_121029,11,0
311,26/1/2000,63,train_Client_121030,11,0
101,20/2/2011,60,train_Client_121031,11,0
372,11/10/2000,63,train_Client_121032,12,0
301,4/8/2015,62,train_Client_121033,11,0
101,24/1/1984,60,train_Client_121034,11,0
101,28/7/2010,60,train_Client_121035,11,0
302,21/11/2016,62,train_Client_121036,11,0
107,6/6/2012,69,train_Client_121037,11,1
101,16/11/1981,60,train_Client_121038,11,0
101,26/12/1981,60,train_Client_12104,11,0
101,27/9/1977,60,train_Client_121040,11,0
104,14/4/2000,69,train_Client_121041,11,0
101,21/2/1991,60,train_Client_121043,11,0
301,22/4/2017,62,train_Client_121046,11,0
107,1/4/1994,69,train_Client_121047,11,0
101,10/12/2002,63,train_Client_121048,11,0
101,6/4/2016,60,train_Client_121049,11,0
101,9/6/1983,60,train_Client_121050,11,0
312,17/9/2018,63,train_Client_121051,11,0
101,4/10/1999,60,train_Client_121052,11,0
303,7/12/2015,62,train_Client_121054,11,0
101,24/5/2002,60,train_Client_121055,12,0
304,26/4/2005,62,train_Client_121059,11,0
104,15/5/2009,69,train_Client_12106,11,0
306,19/11/2012,63,train_Client_121062,11,0
311,31/12/2005,63,train_Client_121063,11,1
310,31/12/2010,62,train_Client_121064,11,1
101,10/8/2009,60,train_Client_121065,11,0
101,27/4/2015,60,train_Client_121066,11,0
304,31/10/2012,62,train_Client_121067,11,0
371,9/11/2011,62,train_Client_121069,11,0
301,18/6/1998,62,train_Client_12107,11,0
101,23/9/2014,60,train_Client_121071,11,0
107,21/5/2009,69,train_Client_121072,11,0
306,12/11/2012,63,train_Client_121073,11,0
301,30/3/1984,62,train_Client_121074,11,0
101,23/4/2014,60,train_Client_121077,11,1
313,15/5/2017,63,train_Client_121078,11,0
303,14/6/2002,62,train_Client_12108,11,0
306,21/8/2003,63,train_Client_121080,11,0
306,15/1/2008,63,train_Client_121081,11,0
101,20/7/2011,60,train_Client_121082,11,0
101,26/3/1979,60,train_Client_121083,11,0
101,30/11/2016,60,train_Client_121085,11,0
103,7/3/2000,69,train_Client_121086,11,1
101,3/3/2015,60,train_Client_121087,11,0
301,6/5/1994,62,train_Client_121088,11,0
379,9/8/2014,63,train_Client_121089,11,0
103,9/1/2014,69,train_Client_12109,11,0
104,18/11/2010,69,train_Client_121091,11,0
104,19/10/1999,69,train_Client_121093,11,0
101,27/12/2002,60,train_Client_121094,11,0
101,6/1/2010,60,train_Client_121095,11,0
101,12/4/1982,60,train_Client_121096,11,0
304,4/12/1987,62,train_Client_121097,11,0
310,25/10/1999,62,train_Client_121098,11,0
104,11/6/2007,69,train_Client_121099,11,0
305,25/10/2010,62,train_Client_12110,11,0
307,7/6/2011,62,train_Client_121101,11,0
309,13/10/1989,62,train_Client_121102,11,0
303,13/2/2010,62,train_Client_121103,11,0
304,20/8/2009,62,train_Client_121104,11,0
107,6/2/2015,69,train_Client_121105,11,0
304,3/4/2015,62,train_Client_121106,11,0
101,23/5/2011,60,train_Client_121108,11,0
309,21/6/2008,62,train_Client_121109,11,0
311,28/8/2017,63,train_Client_121110,11,0
103,3/5/2017,69,train_Client_121112,11,0
310,7/9/1998,62,train_Client_121113,11,0
107,7/9/2011,69,train_Client_121114,11,0
101,5/7/1988,60,train_Client_121115,11,0
301,30/1/2007,62,train_Client_121116,11,0
104,7/11/2017,69,train_Client_121117,11,0
379,9/12/1987,63,train_Client_121120,11,1
310,11/10/1999,62,train_Client_121123,11,0
101,9/7/1999,60,train_Client_121126,11,0
303,12/5/1979,62,train_Client_121127,11,0
312,14/11/2015,63,train_Client_121129,11,0
104,14/12/2016,69,train_Client_121131,11,0
302,2/1/2008,62,train_Client_121133,11,0
101,4/3/1999,60,train_Client_121134,11,0
311,7/4/2012,63,train_Client_121135,11,0
101,21/4/2000,60,train_Client_121136,11,0
306,19/3/1991,63,train_Client_121138,11,0
305,31/12/2000,62,train_Client_12114,11,1
101,9/2/2016,60,train_Client_121140,11,0
101,4/12/1989,60,train_Client_121141,11,0
104,6/1/2014,69,train_Client_121142,11,0
104,8/8/2009,69,train_Client_121145,11,0
101,12/11/2016,60,train_Client_121148,11,0
101,10/4/1989,60,train_Client_121149,11,0
101,6/6/2011,60,train_Client_12115,11,0
103,23/4/2012,69,train_Client_121150,11,0
312,18/8/2016,63,train_Client_121151,11,0
301,21/7/1980,62,train_Client_121152,11,0
309,30/12/1998,62,train_Client_121153,11,0
101,24/4/2012,60,train_Client_121154,11,0
101,20/12/1982,60,train_Client_121155,11,0
101,20/11/1998,60,train_Client_121156,11,0
371,13/7/2011,62,train_Client_121157,11,0
312,26/12/2014,63,train_Client_121158,11,0
302,18/12/1992,62,train_Client_121159,11,0
312,27/12/2012,63,train_Client_12116,11,0
305,19/7/2008,62,train_Client_121160,11,1
305,14/4/2004,62,train_Client_121161,11,0
101,3/10/2000,60,train_Client_121162,11,0
303,13/12/2016,62,train_Client_121163,11,0
104,19/9/1995,69,train_Client_121164,11,0
101,11/4/1997,60,train_Client_121166,11,0
103,5/8/2016,69,train_Client_121167,51,0
101,31/12/1996,60,train_Client_121168,11,0
305,11/12/2017,62,train_Client_121169,11,0
301,17/4/1985,62,train_Client_121170,11,0
304,23/11/1998,62,train_Client_121174,11,0
101,21/10/1991,60,train_Client_121175,11,0
303,14/10/2002,62,train_Client_121176,11,0
101,7/4/1995,60,train_Client_121177,11,0
101,9/9/2008,60,train_Client_121178,11,0
101,27/9/2004,60,train_Client_121179,11,0
302,30/12/1994,62,train_Client_12118,11,0
107,3/12/2014,69,train_Client_121181,11,0
310,24/2/2014,62,train_Client_121185,11,0
101,30/9/2003,60,train_Client_121186,11,0
372,12/11/1992,63,train_Client_121188,11,0
311,21/4/2007,63,train_Client_121189,11,0
107,22/11/2012,69,train_Client_121190,11,0
101,22/8/2013,60,train_Client_121191,11,0
301,26/3/2004,62,train_Client_121192,11,0
307,13/12/2006,62,train_Client_121194,12,0
101,8/6/2015,60,train_Client_121195,11,0
302,19/4/2011,62,train_Client_121197,11,0
101,8/5/1984,60,train_Client_121198,11,0
101,15/8/1989,60,train_Client_121199,11,0
303,5/12/2015,62,train_Client_12120,11,0
101,17/7/2008,60,train_Client_121200,11,0
379,21/12/1986,63,train_Client_121203,11,0
304,27/8/1996,62,train_Client_121204,11,0
101,20/4/1995,60,train_Client_121205,11,0
303,9/10/2006,62,train_Client_121206,11,0
101,6/10/1998,60,train_Client_121207,11,0
372,14/5/1990,63,train_Client_121208,11,0
302,8/6/2011,62,train_Client_121210,11,0
312,9/12/2011,63,train_Client_121217,11,0
101,10/4/2010,60,train_Client_121218,11,1
306,26/1/2000,63,train_Client_121219,11,0
311,30/4/2018,63,train_Client_12122,11,0
309,23/6/1987,62,train_Client_121220,11,0
304,23/1/2018,62,train_Client_121221,11,0
309,19/7/2016,62,train_Client_121222,11,0
311,8/9/1992,63,train_Client_121224,11,0
101,9/6/1998,63,train_Client_121226,11,1
312,30/9/2013,63,train_Client_121227,11,0
101,28/2/1977,60,train_Client_121228,11,0
103,23/11/2012,69,train_Client_121229,11,0
304,24/9/1999,62,train_Client_12123,11,0
311,31/12/1998,63,train_Client_121230,11,0
107,24/12/2012,69,train_Client_121233,11,0
103,28/7/1995,69,train_Client_121234,11,0
104,13/8/2013,69,train_Client_121235,11,0
306,20/5/2014,63,train_Client_121237,11,0
107,31/5/2017,69,train_Client_121238,11,0
371,22/6/1983,62,train_Client_121239,11,0
306,26/5/2005,63,train_Client_121240,11,0
105,25/4/1984,69,train_Client_121241,11,0
306,17/3/1981,63,train_Client_121242,11,0
101,25/4/2006,60,train_Client_121243,11,0
301,31/12/1998,62,train_Client_121244,11,0
101,27/12/2010,60,train_Client_121245,11,0
101,30/8/2010,60,train_Client_121247,11,0
309,18/12/2002,62,train_Client_121248,11,0
104,17/2/2005,69,train_Client_121249,11,0
302,13/9/1988,62,train_Client_12125,11,0
101,31/1/1984,60,train_Client_121250,11,0
107,8/1/2010,69,train_Client_121251,11,1
104,9/9/2015,69,train_Client_121252,51,0
309,8/1/2013,62,train_Client_121254,11,0
307,4/3/2017,62,train_Client_121255,11,0
311,29/11/2013,63,train_Client_121257,11,0
104,18/4/1984,69,train_Client_121258,11,0
107,21/1/2017,69,train_Client_121259,11,0
306,29/3/2011,63,train_Client_121262,11,0
312,1/4/2009,63,train_Client_121263,11,1
307,12/9/2014,62,train_Client_121264,11,0
101,24/5/1985,60,train_Client_121266,11,0
313,23/10/2012,63,train_Client_121267,11,1
301,28/3/1988,62,train_Client_121268,11,0
312,23/3/2018,63,train_Client_12127,11,0
101,26/6/2015,60,train_Client_121270,11,0
101,8/2/2007,63,train_Client_121271,11,0
101,22/11/1991,60,train_Client_121272,11,0
311,9/2/2015,63,train_Client_121273,11,1
101,24/2/2003,60,train_Client_121274,11,0
311,25/9/1996,63,train_Client_121275,11,0
311,21/2/2001,63,train_Client_121276,11,0
302,7/3/2008,62,train_Client_121277,11,0
371,12/10/1983,62,train_Client_121280,11,0
311,12/1/1994,63,train_Client_121282,11,0
104,26/6/1995,69,train_Client_121283,11,0
101,4/5/2016,60,train_Client_121284,11,0
101,6/3/2000,60,train_Client_121285,11,0
312,26/1/2000,63,train_Client_121286,11,0
101,19/3/1991,63,train_Client_121288,11,0
312,19/10/1983,63,train_Client_121289,11,0
302,12/6/1982,62,train_Client_121290,11,0
310,23/5/2000,62,train_Client_121292,11,0
101,9/6/2014,60,train_Client_121293,11,0
312,5/9/2018,63,train_Client_121294,11,0
309,10/12/1985,62,train_Client_121295,11,0
103,28/12/1994,69,train_Client_121296,11,0
309,25/10/2006,62,train_Client_121297,11,0
302,10/4/2018,62,train_Client_121298,11,0
304,19/4/1999,62,train_Client_121299,11,0
301,14/10/2014,62,train_Client_1213,11,0
103,15/5/2013,69,train_Client_121300,11,0
101,24/3/2010,60,train_Client_121301,11,0
311,7/9/2016,63,train_Client_121303,11,0
101,5/6/2009,60,train_Client_121304,11,0
104,22/10/2011,69,train_Client_121305,11,0
101,21/10/1991,60,train_Client_121307,11,0
301,16/1/1984,62,train_Client_121308,11,0
103,26/4/2011,69,train_Client_12131,11,0
307,20/10/2011,62,train_Client_121311,11,0
107,31/3/1999,69,train_Client_121312,11,0
301,21/5/2004,62,train_Client_121313,11,0
371,9/8/2017,62,train_Client_121314,11,0
304,27/12/2011,62,train_Client_121315,11,0
301,10/12/1999,62,train_Client_121316,11,0
101,29/9/1977,60,train_Client_121317,11,0
101,22/8/1989,60,train_Client_121318,11,0
304,11/6/2001,62,train_Client_121319,11,0
311,15/4/2013,63,train_Client_12132,11,0
306,11/6/2010,63,train_Client_121320,11,0
303,10/1/2011,62,train_Client_121321,11,0
301,22/3/2006,62,train_Client_121322,12,0
310,22/1/2014,62,train_Client_121323,11,0
304,27/12/1999,62,train_Client_121324,11,0
104,8/8/2018,69,train_Client_121327,11,0
301,4/12/1987,62,train_Client_12133,11,0
107,11/12/2015,69,train_Client_121331,12,0
101,25/2/1988,60,train_Client_121332,11,0
101,12/3/2015,60,train_Client_121333,11,0
101,31/12/1994,60,train_Client_121334,11,1
101,6/12/1977,60,train_Client_121335,11,0
301,14/2/1983,62,train_Client_121337,11,0
101,20/4/1984,60,train_Client_121338,11,0
104,22/9/2012,69,train_Client_12134,11,0
371,6/12/1990,62,train_Client_121340,11,0
307,8/6/1994,62,train_Client_121341,11,0
305,21/7/2000,62,train_Client_121342,11,0
101,26/11/2001,60,train_Client_121343,11,0
301,28/12/2011,62,train_Client_121344,11,0
101,1/9/1994,60,train_Client_121345,11,0
309,7/8/2008,62,train_Client_121346,11,0
101,26/7/2007,60,train_Client_121347,11,0
311,28/4/2010,63,train_Client_121348,11,0
104,25/12/2008,69,train_Client_121349,11,0
301,18/2/2013,62,train_Client_121350,11,0
101,7/10/1986,60,train_Client_121352,11,0
101,22/2/2010,60,train_Client_121353,11,0
101,1/10/2002,60,train_Client_121355,11,0
101,13/5/2008,60,train_Client_121357,11,0
307,26/4/2014,62,train_Client_121358,11,0
104,20/8/2010,69,train_Client_121359,11,0
101,22/8/2000,60,train_Client_121361,11,0
101,29/4/2015,60,train_Client_121362,11,0
103,15/12/2016,69,train_Client_121363,11,0
101,19/5/1998,60,train_Client_121365,11,0
101,19/9/2003,60,train_Client_121366,11,0
107,26/4/2017,69,train_Client_121367,11,0
107,22/11/2012,69,train_Client_121369,11,0
303,5/8/1992,62,train_Client_12137,11,0
101,19/5/2008,60,train_Client_121370,11,0
101,11/12/2012,60,train_Client_121371,11,0
101,31/12/1979,60,train_Client_121372,11,0
311,18/5/2007,63,train_Client_121374,11,0
302,12/11/2014,62,train_Client_121375,11,0
301,24/3/2008,62,train_Client_121377,11,0
306,10/12/2011,63,train_Client_121378,11,0
101,4/7/2015,60,train_Client_121379,11,0
101,4/6/2007,60,train_Client_12138,11,0
309,6/2/2007,62,train_Client_121380,11,0
104,5/12/2006,69,train_Client_121381,11,0
107,19/3/2003,69,train_Client_121382,11,0
305,21/4/1997,62,train_Client_121383,11,0
311,16/8/1990,63,train_Client_121385,11,0
302,29/12/1993,62,train_Client_121387,11,0
101,26/10/1978,60,train_Client_121388,11,0
306,31/12/2004,63,train_Client_121389,11,0
303,18/5/2017,62,train_Client_12139,11,0
101,19/8/1996,60,train_Client_121391,11,0
101,2/12/1993,60,train_Client_121392,11,0
104,17/8/2009,69,train_Client_121393,11,0
311,13/4/2013,63,train_Client_121394,11,0
101,30/1/2012,60,train_Client_121396,11,0
301,18/4/1985,62,train_Client_121397,11,0
104,13/3/2007,69,train_Client_12140,11,0
311,15/12/2012,63,train_Client_121401,11,0
301,5/4/2010,62,train_Client_121402,11,0
303,5/10/2012,62,train_Client_121404,11,0
107,14/5/1990,69,train_Client_121405,11,0
301,15/5/2013,62,train_Client_121406,11,0
311,6/12/2014,63,train_Client_121407,11,0
311,26/1/2000,63,train_Client_121408,11,0
101,16/8/2007,60,train_Client_121409,11,0
305,27/2/2006,62,train_Client_121410,11,0
101,18/4/2015,60,train_Client_121411,11,0
305,27/12/1993,62,train_Client_121412,11,0
307,30/6/2009,62,train_Client_121413,11,1
311,22/12/1999,63,train_Client_121414,11,0
101,29/3/2000,60,train_Client_121416,11,0
107,29/9/1977,69,train_Client_121418,11,0
307,18/3/1980,62,train_Client_121419,11,0
311,29/4/2003,63,train_Client_121420,11,0
101,28/12/2015,60,train_Client_121422,51,0
301,20/12/1990,62,train_Client_121425,11,0
104,18/6/1993,69,train_Client_121426,11,0
312,31/12/2004,63,train_Client_121427,11,0
311,10/10/2012,63,train_Client_121429,11,0
103,10/10/2018,69,train_Client_121431,11,0
107,11/11/2008,69,train_Client_121432,11,1
313,30/11/2009,63,train_Client_121433,11,0
301,12/3/2012,62,train_Client_121434,11,0
304,31/5/2018,62,train_Client_121435,11,0
101,14/12/2005,60,train_Client_121436,11,0
103,20/11/2015,69,train_Client_121437,11,1
101,31/8/2018,63,train_Client_121438,11,0
106,10/4/2009,69,train_Client_121439,11,0
306,5/5/2011,63,train_Client_12144,11,0
101,3/7/2014,60,train_Client_121440,11,0
107,17/5/2012,69,train_Client_121441,11,0
103,16/8/2016,69,train_Client_121443,11,0
306,13/12/2011,63,train_Client_121444,11,0
107,15/7/2017,69,train_Client_121445,11,0
313,22/6/2004,63,train_Client_121446,11,0
301,16/10/2018,62,train_Client_121448,11,0
101,27/3/2014,60,train_Client_121449,11,0
104,13/12/1984,69,train_Client_121450,11,0
101,14/11/2006,60,train_Client_121452,11,0
307,24/4/2000,62,train_Client_121453,11,0
104,24/10/2011,69,train_Client_121454,11,0
301,17/10/2011,62,train_Client_121455,11,0
107,27/4/1994,69,train_Client_121456,11,0
371,28/11/1988,62,train_Client_121459,11,0
305,12/11/2003,62,train_Client_12146,11,0
310,22/11/1989,62,train_Client_121461,11,0
103,6/6/2012,69,train_Client_121462,11,0
105,26/5/1999,69,train_Client_121464,12,0
104,13/3/1991,69,train_Client_121465,11,0
306,23/1/2016,63,train_Client_121466,11,0
301,22/10/2013,62,train_Client_121467,11,0
307,21/2/2008,62,train_Client_121468,11,0
301,9/1/1985,62,train_Client_12147,11,0
311,28/11/1988,63,train_Client_121471,11,0
304,23/4/2011,62,train_Client_121472,11,0
306,25/5/2017,63,train_Client_121473,11,0
105,27/12/1985,69,train_Client_121474,11,0
101,9/3/1990,60,train_Client_121475,11,0
301,25/12/2017,62,train_Client_121476,11,0
101,1/12/2003,60,train_Client_121477,11,0
103,19/8/2008,69,train_Client_121478,11,0
311,12/1/1994,63,train_Client_121479,11,0
101,7/10/2014,60,train_Client_12148,11,0
309,7/12/1988,62,train_Client_121480,11,0
101,5/2/1990,60,train_Client_121484,11,0
302,9/1/2010,62,train_Client_121485,11,0
304,30/6/2010,62,train_Client_121486,11,0
301,21/2/2009,62,train_Client_121488,11,0
312,15/1/2016,63,train_Client_121489,11,0
304,5/12/2014,62,train_Client_12149,11,0
101,4/2/2013,60,train_Client_121490,11,1
309,8/2/2010,62,train_Client_121491,11,0
302,23/2/2010,62,train_Client_121492,11,0
304,8/12/2014,62,train_Client_121494,11,0
101,31/10/1985,60,train_Client_121497,11,0
101,26/5/1979,60,train_Client_121498,11,0
301,19/2/2018,62,train_Client_1215,11,0
311,8/4/2015,63,train_Client_12150,11,0
104,19/4/1999,69,train_Client_121501,11,0
107,5/12/2015,69,train_Client_121502,11,0
303,24/11/1994,62,train_Client_121503,11,0
311,16/8/1990,63,train_Client_121504,11,0
107,23/10/2013,69,train_Client_121505,11,0
101,8/8/2007,60,train_Client_121506,11,0
107,16/3/2009,69,train_Client_121507,11,0
310,16/1/2013,62,train_Client_121509,11,0
312,8/12/2014,63,train_Client_12151,11,0
101,18/12/2002,60,train_Client_121510,11,0
305,26/11/2008,62,train_Client_121511,11,0
101,10/1/2017,60,train_Client_121515,11,0
101,12/1/2012,60,train_Client_121516,11,0
371,29/12/2011,62,train_Client_121517,11,0
301,11/5/2001,62,train_Client_121518,11,0
101,31/12/1994,63,train_Client_121519,11,0
301,16/7/1999,62,train_Client_121520,11,0
101,7/12/2008,60,train_Client_121521,11,0
301,27/11/2002,62,train_Client_121522,11,0
101,9/7/2007,60,train_Client_121523,11,0
101,9/11/1988,60,train_Client_121524,11,0
105,8/12/2015,69,train_Client_121525,11,0
101,28/7/2010,60,train_Client_121526,11,0
104,25/12/1978,69,train_Client_121527,11,0
310,31/10/2012,62,train_Client_121528,11,0
309,30/5/2007,62,train_Client_121529,11,0
103,16/3/2013,69,train_Client_12153,11,0
103,8/11/2013,69,train_Client_121530,11,0
305,19/1/2010,62,train_Client_121532,11,0
103,26/5/2008,69,train_Client_121533,11,0
101,29/1/1980,60,train_Client_121534,11,0
101,16/7/2015,60,train_Client_121535,11,0
304,22/6/1978,62,train_Client_121536,11,1
103,29/10/2016,69,train_Client_121537,11,0
302,20/6/2009,62,train_Client_121539,11,0
104,16/5/2013,69,train_Client_12154,11,0
303,26/12/1995,62,train_Client_121540,11,0
101,4/5/2000,60,train_Client_121541,11,0
107,23/4/2015,69,train_Client_121542,51,0
101,14/5/1981,60,train_Client_121546,11,0
303,3/10/2009,62,train_Client_121549,11,0
311,13/11/2010,63,train_Client_121551,11,0
101,25/11/2013,60,train_Client_121552,11,0
101,16/7/2001,60,train_Client_121555,11,0
106,30/4/2015,69,train_Client_121556,11,0
101,10/11/1998,60,train_Client_121557,11,0
103,23/8/2011,69,train_Client_121559,11,0
103,22/4/2005,69,train_Client_12156,11,0
311,25/3/1997,63,train_Client_121560,11,0
309,23/4/2010,62,train_Client_121561,11,0
302,30/6/2016,62,train_Client_121562,51,0
101,29/11/1977,60,train_Client_121564,11,0
104,3/3/2010,69,train_Client_121565,11,0
311,4/5/2018,63,train_Client_121567,11,0
302,19/2/1987,62,train_Client_121568,11,1
101,6/3/2002,60,train_Client_121569,11,0
101,18/7/1979,60,train_Client_12157,11,0
101,1/6/1992,60,train_Client_121570,11,1
101,13/6/1983,60,train_Client_121571,11,0
104,10/5/1984,69,train_Client_121572,11,0
101,15/4/1983,60,train_Client_121573,11,0
311,16/8/1990,63,train_Client_121574,11,0
106,7/4/1987,69,train_Client_121576,11,0
101,1/12/2004,60,train_Client_121577,11,0
302,18/2/1982,62,train_Client_121578,11,0
311,18/5/2016,63,train_Client_12158,11,0
103,12/12/2015,69,train_Client_121581,11,0
309,26/2/2003,62,train_Client_121582,11,0
311,1/9/2016,63,train_Client_121583,11,0
107,13/11/2010,69,train_Client_121584,11,0
101,21/2/1978,60,train_Client_121586,11,0
101,23/11/1993,60,train_Client_121587,11,0
103,9/1/2014,69,train_Client_121588,11,0
101,30/9/2003,60,train_Client_121589,11,0
104,31/12/2014,69,train_Client_121590,11,0
101,19/10/1999,60,train_Client_121593,11,0
371,22/8/2003,62,train_Client_121594,11,0
104,26/11/2016,69,train_Client_121597,11,0
105,12/2/2016,69,train_Client_1216,11,0
104,13/8/2013,69,train_Client_12160,11,0
310,6/3/2008,62,train_Client_121600,11,0
107,3/7/2012,69,train_Client_121602,11,0
101,19/11/2008,60,train_Client_121603,11,0
379,29/12/2000,63,train_Client_121606,11,0
372,28/5/2002,63,train_Client_121607,11,0
101,9/9/2015,60,train_Client_121608,11,0
101,26/9/1994,60,train_Client_121609,11,0
301,16/4/2018,62,train_Client_12161,11,0
305,18/10/2018,62,train_Client_121617,11,0
306,13/11/2013,63,train_Client_121619,11,0
309,30/9/1983,62,train_Client_12162,11,0
311,4/11/2013,63,train_Client_121620,11,0
107,22/9/1997,69,train_Client_121621,11,0
301,16/12/1997,62,train_Client_121624,11,0
305,23/9/1985,62,train_Client_121629,11,1
107,26/6/2015,69,train_Client_121630,11,0
301,29/11/2017,62,train_Client_121631,11,0
301,27/9/2010,62,train_Client_121632,11,0
101,3/9/2016,60,train_Client_121634,11,0
101,3/4/2009,60,train_Client_121635,11,0
305,26/3/2016,62,train_Client_121636,11,0
103,16/5/2018,69,train_Client_121638,11,0
103,9/5/2000,69,train_Client_121639,11,0
303,28/9/2015,62,train_Client_12164,11,0
101,13/4/2009,60,train_Client_121641,11,0
101,14/12/2012,60,train_Client_121642,11,0
101,29/7/2002,60,train_Client_121644,11,0
307,4/5/2018,62,train_Client_121647,11,0
312,21/12/2012,63,train_Client_121648,11,0
103,12/5/1997,69,train_Client_121649,11,0
310,24/9/1999,62,train_Client_12165,11,0
301,17/10/1983,62,train_Client_121651,11,0
107,6/7/2015,69,train_Client_121652,11,0
301,23/8/2007,62,train_Client_121653,11,0
101,5/4/2010,60,train_Client_121654,11,0
101,28/12/1992,60,train_Client_121655,11,0
107,29/4/1983,69,train_Client_121656,11,0
101,23/9/1999,60,train_Client_121657,11,0
301,29/5/2003,62,train_Client_121658,11,0
104,21/8/2003,69,train_Client_121659,11,0
301,26/7/2012,62,train_Client_12166,11,0
302,18/10/2008,62,train_Client_121660,11,0
301,3/12/1982,62,train_Client_121661,11,1
379,11/10/2017,63,train_Client_121662,11,0
101,18/8/2000,60,train_Client_121663,11,0
107,2/4/2013,69,train_Client_121664,12,0
101,26/12/2001,60,train_Client_121665,11,0
308,11/12/2013,63,train_Client_121666,11,0
307,24/6/1998,62,train_Client_121667,11,0
372,30/9/2010,63,train_Client_121669,11,0
101,7/2/1992,60,train_Client_12167,11,0
101,10/2/1993,60,train_Client_121670,11,0
101,27/3/2013,60,train_Client_121671,11,0
379,17/6/2010,63,train_Client_121672,11,0
303,15/11/2011,62,train_Client_121673,11,0
101,14/8/2007,63,train_Client_121674,12,0
379,17/4/2012,63,train_Client_121675,11,0
313,5/6/2015,63,train_Client_121677,11,0
309,20/10/2016,62,train_Client_121678,11,0
101,7/12/2007,60,train_Client_121679,11,0
101,28/2/2014,60,train_Client_12168,11,0
101,19/3/2009,60,train_Client_121680,11,0
103,29/11/2011,69,train_Client_121682,11,0
107,18/10/1999,69,train_Client_121683,11,0
107,2/12/2009,69,train_Client_121684,11,0
303,6/6/2007,62,train_Client_121685,11,0
311,30/12/1995,63,train_Client_121686,11,0
104,22/2/2001,69,train_Client_121687,11,0
101,23/3/2015,60,train_Client_121688,11,0
311,30/10/2013,63,train_Client_121690,11,0
371,28/12/1988,62,train_Client_121691,11,0
301,11/9/2008,62,train_Client_121692,11,0
310,28/5/1984,62,train_Client_121693,11,0
311,15/9/2009,63,train_Client_121694,11,0
303,24/5/1999,62,train_Client_121696,11,0
309,30/11/2015,62,train_Client_121698,11,0
101,17/10/2007,60,train_Client_121699,11,0
310,8/1/2010,62,train_Client_1217,11,0
371,15/10/2011,62,train_Client_12170,11,0
312,16/2/2016,63,train_Client_121700,11,0
303,20/2/2006,62,train_Client_121701,11,0
101,11/2/1982,60,train_Client_121703,11,0
305,5/11/2015,62,train_Client_121707,11,0
302,7/9/2001,62,train_Client_121708,11,0
312,15/12/2005,63,train_Client_121710,11,0
104,20/12/2016,69,train_Client_121711,11,0
306,30/5/2002,63,train_Client_121712,11,0
104,11/7/2011,69,train_Client_121714,11,0
104,12/3/2009,69,train_Client_121716,11,0
307,26/12/2000,62,train_Client_121717,11,0
101,6/11/2013,60,train_Client_121718,11,0
306,12/10/2009,63,train_Client_121719,11,1
307,1/4/2010,62,train_Client_12172,11,0
304,19/8/1978,62,train_Client_121720,12,0
303,5/1/2012,62,train_Client_121724,11,0
309,18/4/1985,62,train_Client_121725,11,1
104,22/10/2008,69,train_Client_121728,11,0
301,30/3/1984,62,train_Client_121729,12,0
371,13/9/2004,62,train_Client_12173,11,1
312,19/3/2016,63,train_Client_121731,11,0
107,6/8/2016,69,train_Client_121732,11,0
101,28/12/2011,60,train_Client_121733,11,0
311,29/12/1986,63,train_Client_121734,11,0
103,5/12/2006,69,train_Client_121735,11,0
101,12/8/2013,60,train_Client_121736,11,0
310,30/9/1998,62,train_Client_121737,11,0
301,2/6/2008,62,train_Client_121738,11,0
105,2/1/2012,69,train_Client_121739,11,0
305,1/2/1982,62,train_Client_121741,11,0
101,9/12/1982,60,train_Client_121742,11,0
301,23/7/2002,62,train_Client_121743,11,0
103,11/5/2009,69,train_Client_121744,11,0
107,10/6/2009,69,train_Client_121748,12,0
104,10/9/1981,69,train_Client_121749,11,0
103,16/3/2013,69,train_Client_12175,11,0
101,5/6/2009,60,train_Client_121750,11,0
107,8/9/2011,69,train_Client_121751,11,0
103,25/12/2012,69,train_Client_121752,11,0
309,27/7/2007,62,train_Client_121755,11,0
301,26/12/2011,62,train_Client_121757,11,0
103,18/12/2008,69,train_Client_121758,11,0
104,28/8/2001,69,train_Client_121759,11,0
107,14/6/2016,69,train_Client_121760,11,0
103,13/1/2012,69,train_Client_121762,11,0
301,25/9/2017,62,train_Client_121763,11,0
107,29/11/2016,69,train_Client_121765,11,0
311,11/4/1990,63,train_Client_121766,11,0
311,4/2/2008,63,train_Client_121767,11,0
303,15/8/2015,62,train_Client_121769,11,0
101,7/12/2005,60,train_Client_12177,11,0
311,27/9/2001,63,train_Client_121772,11,0
302,18/9/1992,62,train_Client_121774,11,1
107,30/4/2010,69,train_Client_121776,11,0
101,17/3/2014,60,train_Client_121778,11,0
101,3/10/1979,60,train_Client_121779,11,0
307,5/3/2016,62,train_Client_12178,11,0
101,20/12/1982,60,train_Client_121781,11,0
311,5/9/2007,63,train_Client_121782,11,0
309,11/12/2007,62,train_Client_121783,11,0
104,15/12/2006,69,train_Client_121785,11,0
303,13/5/2002,62,train_Client_121786,11,0
302,2/5/2017,62,train_Client_121787,11,0
310,10/4/2002,62,train_Client_121788,11,0
303,18/1/2014,62,train_Client_121789,11,0
104,25/8/2011,69,train_Client_12179,11,0
307,19/6/1987,62,train_Client_121790,11,0
301,10/12/1985,62,train_Client_121791,11,0
101,31/12/1995,60,train_Client_121793,11,0
303,30/8/2017,62,train_Client_121794,11,0
303,30/9/1983,62,train_Client_121796,11,0
101,26/12/2006,60,train_Client_121797,11,0
107,14/11/2017,69,train_Client_121798,11,0
107,30/7/1980,69,train_Client_1218,11,0
306,23/5/2002,63,train_Client_121800,11,0
372,24/11/2017,63,train_Client_121801,11,0
107,7/2/2007,69,train_Client_121802,11,0
310,20/9/2010,62,train_Client_121804,11,0
302,5/9/2005,62,train_Client_121806,11,0
303,16/10/2017,62,train_Client_121807,11,0
103,16/3/1994,69,train_Client_121809,11,0
101,23/8/2000,60,train_Client_121810,11,0
312,10/3/2010,63,train_Client_121814,11,0
101,23/10/1980,60,train_Client_121815,11,0
311,7/4/2008,63,train_Client_121816,11,0
101,18/10/2004,60,train_Client_121817,11,0
311,25/9/1996,63,train_Client_121818,11,0
301,14/3/1977,62,train_Client_121819,11,0
308,29/12/1986,63,train_Client_12182,11,0
103,12/3/2015,69,train_Client_121821,11,0
307,20/11/2017,62,train_Client_121824,11,0
101,9/11/1989,60,train_Client_121828,11,0
312,9/12/2017,63,train_Client_121829,11,0
106,24/9/1981,69,train_Client_12183,11,0
304,9/3/1978,62,train_Client_121830,11,0
103,13/12/2006,69,train_Client_121831,51,0
303,4/7/2001,62,train_Client_121832,11,1
311,26/9/1995,63,train_Client_121833,11,0
301,28/1/2016,62,train_Client_121834,11,0
103,6/8/2009,69,train_Client_121838,11,0
302,21/11/1983,62,train_Client_121839,11,0
303,14/5/2010,62,train_Client_12184,11,0
107,29/6/1999,69,train_Client_121841,11,0
310,25/2/1983,62,train_Client_121845,11,0
101,19/11/2009,60,train_Client_121846,11,0
104,30/1/2009,69,train_Client_121847,11,0
311,26/1/2000,63,train_Client_121848,11,0
306,31/7/1985,63,train_Client_121849,11,0
303,24/7/2017,62,train_Client_12185,11,0
311,20/12/2000,63,train_Client_121851,11,0
101,5/3/1977,60,train_Client_121852,11,0
303,3/6/2014,62,train_Client_121853,11,0
101,4/10/1996,60,train_Client_121854,11,0
105,22/4/2005,69,train_Client_121855,11,0
104,4/4/2014,69,train_Client_121856,11,0
303,10/9/2013,62,train_Client_121857,11,1
101,11/4/1981,60,train_Client_121858,11,0
307,18/10/2010,62,train_Client_12186,11,0
307,5/7/2012,62,train_Client_121861,11,1
101,9/2/2017,60,train_Client_121862,11,0
306,12/10/2015,63,train_Client_121866,11,0
101,8/3/2013,60,train_Client_121867,11,0
301,24/7/2010,62,train_Client_121868,11,0
379,22/10/2009,63,train_Client_121870,11,0
101,31/12/1994,60,train_Client_121873,11,0
304,1/11/2010,62,train_Client_121875,11,0
101,18/6/2004,60,train_Client_121877,11,0
104,27/9/2010,69,train_Client_121879,11,0
101,13/3/2001,60,train_Client_12188,11,0
303,24/12/2014,62,train_Client_121880,11,0
101,13/4/2011,60,train_Client_121881,11,0
105,30/10/1995,69,train_Client_121884,11,0
306,5/11/1991,63,train_Client_121885,11,0
101,9/9/1981,60,train_Client_121886,11,0
306,5/1/2011,63,train_Client_121888,11,0
301,16/2/2015,62,train_Client_121890,11,0
101,9/5/2008,60,train_Client_121893,11,0
311,25/8/2008,63,train_Client_121894,11,0
312,29/9/2007,63,train_Client_121896,12,0
103,5/8/2009,69,train_Client_121897,11,0
303,29/4/2013,62,train_Client_121898,11,0
311,23/3/2017,63,train_Client_1219,11,0
101,13/4/2016,60,train_Client_121900,11,0
301,24/4/2007,62,train_Client_121901,11,0
104,19/9/2005,69,train_Client_121902,12,0
104,9/7/2016,69,train_Client_121903,11,0
103,8/1/2015,69,train_Client_121904,51,0
306,20/11/2015,63,train_Client_121905,11,0
103,15/1/2014,69,train_Client_121906,11,0
101,14/4/2010,60,train_Client_121908,11,0
311,26/9/1995,63,train_Client_121909,12,0
107,9/5/2000,69,train_Client_121910,11,0
104,16/5/2013,69,train_Client_121911,11,0
301,29/6/2015,62,train_Client_121912,11,1
305,24/8/2009,62,train_Client_121913,11,0
301,21/1/2013,62,train_Client_121914,11,0
101,16/10/2009,60,train_Client_121915,11,0
301,30/5/1986,62,train_Client_121916,11,1
301,15/12/2000,62,train_Client_121917,11,0
303,12/6/2008,62,train_Client_121918,11,0
306,29/7/1992,63,train_Client_121921,11,0
301,30/6/2006,62,train_Client_121922,11,0
101,11/2/2011,60,train_Client_121923,11,0
104,17/2/2018,69,train_Client_121924,11,0
301,20/6/1983,62,train_Client_121926,11,0
107,12/7/2012,69,train_Client_121927,11,1
307,17/1/1992,62,train_Client_121929,11,0
104,11/5/1987,69,train_Client_12193,11,0
104,3/8/2013,69,train_Client_121930,11,0
308,9/3/2017,63,train_Client_121931,11,0
304,22/6/2007,62,train_Client_121932,11,0
311,16/5/2018,63,train_Client_121933,11,0
101,10/8/1981,60,train_Client_121934,11,0
399,31/12/1998,63,train_Client_121937,11,1
101,12/10/2009,60,train_Client_121938,11,0
371,30/12/1994,62,train_Client_121939,11,0
303,3/2/2015,62,train_Client_12194,11,0
302,26/12/2000,62,train_Client_121940,11,0
305,27/4/2017,62,train_Client_121942,11,0
103,24/4/2008,69,train_Client_121945,11,0
104,29/4/1981,69,train_Client_121946,11,0
101,24/11/1982,60,train_Client_121947,11,0
107,27/1/2012,69,train_Client_121948,11,0
304,12/12/1978,62,train_Client_121949,11,0
101,13/12/1982,60,train_Client_12195,11,0
307,18/12/2000,62,train_Client_121950,11,0
307,24/5/1984,62,train_Client_121951,11,0
306,5/6/1989,63,train_Client_121952,11,0
305,6/6/2011,62,train_Client_121953,11,0
101,22/12/2015,63,train_Client_121955,11,0
106,13/12/2010,69,train_Client_121956,11,0
310,12/1/2010,62,train_Client_121959,11,0
309,15/2/2008,62,train_Client_12196,11,0
107,23/12/1988,69,train_Client_121960,11,0
101,1/9/2015,60,train_Client_121961,11,0
309,20/9/1989,62,train_Client_121962,11,0
304,29/3/2014,62,train_Client_121964,11,0
309,26/6/1987,62,train_Client_121965,11,0
306,19/11/2013,63,train_Client_121967,11,0
101,17/10/2008,60,train_Client_121969,11,0
107,30/11/1982,69,train_Client_12197,11,0
104,23/10/1989,69,train_Client_121970,11,0
301,21/10/2015,62,train_Client_121971,11,0
101,27/9/1995,60,train_Client_121972,11,0
101,20/9/2016,60,train_Client_121973,11,0
101,25/11/1992,60,train_Client_121975,11,0
302,5/11/1977,62,train_Client_121976,11,0
101,2/11/2006,60,train_Client_121977,11,0
101,14/8/1984,60,train_Client_12198,11,0
371,12/5/2008,62,train_Client_121984,12,0
303,21/12/2009,62,train_Client_121985,11,0
107,23/10/2013,69,train_Client_121986,11,0
379,17/11/2012,63,train_Client_121989,11,0
303,18/1/2014,62,train_Client_121991,11,0
306,29/4/2009,63,train_Client_121994,11,0
372,11/7/1986,63,train_Client_121995,11,0
303,8/12/2016,62,train_Client_121996,11,0
101,30/11/2007,60,train_Client_122,11,0
101,9/11/1988,60,train_Client_12200,11,0
105,22/5/2009,69,train_Client_122002,11,0
107,25/9/1991,69,train_Client_122003,11,0
308,1/8/2009,62,train_Client_122005,11,0
101,17/11/2014,60,train_Client_122006,11,1
311,20/11/1996,63,train_Client_122008,11,0
104,3/11/1982,69,train_Client_122009,11,0
104,13/4/2015,69,train_Client_122010,11,0
107,12/7/2011,69,train_Client_122011,11,0
309,30/9/1983,62,train_Client_122012,11,0
311,14/2/2018,63,train_Client_122013,11,0
303,8/12/2011,62,train_Client_122014,11,0
101,21/7/2009,60,train_Client_122016,11,0
372,27/10/1989,63,train_Client_122017,11,0
301,30/8/2017,62,train_Client_122018,11,0
304,7/2/2009,62,train_Client_122024,11,0
103,21/6/1989,69,train_Client_122025,11,1
306,12/12/2017,63,train_Client_122026,11,0
301,17/2/1977,62,train_Client_122027,11,0
311,13/9/2017,63,train_Client_122028,11,0
371,29/9/2008,62,train_Client_122030,11,0
101,17/5/1977,60,train_Client_122032,11,0
311,12/9/1994,63,train_Client_122034,11,0
101,29/8/2005,60,train_Client_122035,11,0
101,20/2/2007,60,train_Client_122036,11,0
101,7/6/2013,60,train_Client_122037,12,0
101,11/2/2010,60,train_Client_122038,11,0
301,12/12/1991,62,train_Client_12204,11,0
101,25/12/2002,60,train_Client_122041,11,0
371,6/3/2017,62,train_Client_122042,11,0
301,29/1/2010,62,train_Client_122043,11,0
310,30/12/1995,62,train_Client_122044,11,0
104,10/7/2012,69,train_Client_122045,11,0
101,10/1/2013,60,train_Client_122046,11,0
306,17/4/2008,63,train_Client_122047,11,0
302,21/10/2015,62,train_Client_122048,11,0
306,30/11/1999,63,train_Client_122049,11,0
309,8/11/2008,62,train_Client_12205,11,0
101,17/4/2017,60,train_Client_122051,11,1
301,13/2/2018,62,train_Client_122053,11,0
103,18/11/2002,69,train_Client_122056,11,0
101,8/3/2012,60,train_Client_122058,11,0
301,10/1/1983,62,train_Client_12206,11,0
101,21/4/1979,60,train_Client_122060,11,0
104,9/9/2004,69,train_Client_122061,11,0
101,4/4/1978,60,train_Client_122062,11,0
311,23/8/1995,63,train_Client_122063,11,0
301,12/3/2012,62,train_Client_122065,11,0
313,5/12/1991,63,train_Client_122067,11,0
104,23/8/2005,69,train_Client_122068,11,0
305,11/5/2009,62,train_Client_122069,11,0
101,30/12/1988,60,train_Client_12207,11,0
101,22/3/1979,60,train_Client_122070,11,0
301,30/11/2004,62,train_Client_122071,11,0
104,6/9/2017,69,train_Client_122072,11,0
304,30/12/1994,62,train_Client_122073,11,0
105,25/2/2002,69,train_Client_122074,11,0
310,28/6/1988,62,train_Client_122075,11,0
311,23/6/2006,63,train_Client_122077,11,0
307,30/6/2003,62,train_Client_122078,11,0
104,3/11/2009,69,train_Client_122079,11,0
101,19/8/1999,60,train_Client_12208,11,0
105,18/7/1985,69,train_Client_122080,11,0
303,22/3/2011,62,train_Client_122082,11,0
301,15/11/1991,62,train_Client_122083,11,0
101,8/12/1998,60,train_Client_122084,11,0
303,20/12/2012,62,train_Client_122085,11,0
301,16/10/2012,62,train_Client_122086,11,0
301,31/10/2003,62,train_Client_122087,11,0
306,18/8/1997,63,train_Client_12209,11,0
311,18/12/2003,63,train_Client_122091,11,0
107,29/4/1981,69,train_Client_122092,11,0
371,27/5/2011,62,train_Client_122093,11,0
101,27/9/2001,60,train_Client_122098,11,0
104,7/1/2016,69,train_Client_122099,12,0
306,26/9/2006,63,train_Client_12210,11,0
301,18/12/2015,62,train_Client_122102,11,0
101,27/5/1992,60,train_Client_122105,11,0
104,3/12/2011,69,train_Client_122106,11,0
311,20/1/2012,63,train_Client_122107,11,0
311,31/5/2000,63,train_Client_122108,11,0
101,6/7/2009,63,train_Client_122110,11,0
301,7/3/2017,62,train_Client_122113,11,0
101,22/11/2007,60,train_Client_122115,11,0
101,27/6/2000,60,train_Client_122116,11,0
301,17/10/1983,62,train_Client_122118,11,0
302,15/7/2008,62,train_Client_122119,11,0
308,29/9/2003,63,train_Client_12212,11,0
311,5/12/1991,63,train_Client_122121,11,0
307,3/5/2011,62,train_Client_122122,11,0
312,5/5/2011,63,train_Client_122124,11,0
101,29/11/1995,60,train_Client_122125,11,0
107,27/10/1980,69,train_Client_122126,11,0
312,13/7/2012,63,train_Client_122127,11,0
371,23/11/1988,62,train_Client_122128,11,0
372,15/6/1988,63,train_Client_122129,11,0
104,4/4/2002,69,train_Client_12213,51,0
101,12/10/2016,60,train_Client_122130,11,0
107,7/11/2007,69,train_Client_122131,11,0
101,28/2/1983,60,train_Client_122132,11,0
104,21/6/2010,69,train_Client_122133,11,0
103,30/9/2017,69,train_Client_122134,11,0
103,27/4/2004,69,train_Client_122135,11,0
309,6/12/2016,62,train_Client_122136,11,0
311,22/5/2010,63,train_Client_122139,11,0
313,11/9/2013,63,train_Client_12214,11,0
371,16/9/1996,62,train_Client_122140,11,0
101,28/11/1991,60,train_Client_122141,11,0
101,12/3/2009,60,train_Client_122142,11,0
306,13/2/2009,63,train_Client_122143,11,0
104,13/7/2017,69,train_Client_122145,11,0
103,29/1/2014,69,train_Client_122146,11,0
101,30/6/1990,60,train_Client_122148,11,0
311,13/12/1991,63,train_Client_122149,11,0
303,30/4/1981,62,train_Client_12215,11,0
103,22/12/2015,69,train_Client_122150,11,0
107,7/3/2000,69,train_Client_122151,11,0
107,10/10/2000,69,train_Client_122152,11,0
104,28/11/2015,69,train_Client_122153,11,0
302,1/3/2007,62,train_Client_122156,11,0
107,13/10/2015,69,train_Client_122157,11,0
309,30/9/1983,62,train_Client_122159,11,0
303,29/3/1985,62,train_Client_12216,11,0
311,3/11/2015,63,train_Client_122160,11,0
104,10/4/2002,69,train_Client_122161,11,0
309,25/3/2014,62,train_Client_122162,11,0
303,22/9/2008,62,train_Client_122165,11,0
101,31/3/2014,60,train_Client_122166,11,0
306,13/2/2012,63,train_Client_12217,11,0
103,13/12/2011,69,train_Client_122170,11,0
101,10/3/2008,60,train_Client_122171,11,0
107,3/9/2014,69,train_Client_122172,11,0
107,28/5/2012,69,train_Client_122173,11,1
103,26/11/2012,69,train_Client_122174,12,0
101,17/10/2007,60,train_Client_122175,11,0
101,22/6/2000,63,train_Client_122178,11,0
303,17/7/2013,62,train_Client_122179,11,0
101,30/7/2009,60,train_Client_12218,11,0
104,11/3/1997,69,train_Client_122180,11,0
103,29/8/2006,69,train_Client_122183,11,0
101,5/2/2009,60,train_Client_122184,11,0
104,25/9/1991,69,train_Client_122185,11,0
104,26/7/2013,69,train_Client_122186,11,0
101,30/6/2000,60,train_Client_122187,11,0
105,7/11/1984,69,train_Client_122188,11,1
103,17/5/2012,69,train_Client_122189,11,0
306,4/2/2016,63,train_Client_12219,11,0
301,19/5/1993,62,train_Client_122190,11,0
310,6/11/2015,62,train_Client_122191,11,0
107,24/12/2016,69,train_Client_122192,11,0
307,19/3/2015,62,train_Client_122195,11,0
304,15/11/1991,62,train_Client_122196,11,0
107,31/12/1999,69,train_Client_122197,11,0
103,11/11/1991,69,train_Client_122198,11,0
301,10/10/2011,62,train_Client_122199,11,0
104,20/2/2007,69,train_Client_1222,11,0
311,29/10/1997,63,train_Client_122201,11,0
311,21/1/2015,63,train_Client_122202,11,0
107,25/3/2002,69,train_Client_122203,11,0
107,30/5/1997,69,train_Client_122205,11,0
301,13/9/2011,62,train_Client_122206,11,0
101,29/2/2008,60,train_Client_122208,11,0
101,7/7/1999,60,train_Client_122209,11,0
307,13/9/2004,62,train_Client_12221,11,0
306,22/4/2014,63,train_Client_122212,51,0
103,27/2/2019,69,train_Client_122213,11,0
101,17/7/1986,60,train_Client_122215,11,0
107,13/9/1996,69,train_Client_122216,11,0
103,21/12/2006,69,train_Client_122217,11,0
301,14/9/1990,62,train_Client_122218,11,0
301,9/1/1985,62,train_Client_122219,11,0
104,9/3/2011,69,train_Client_12222,11,0
306,26/8/2017,63,train_Client_122220,11,0
101,26/12/2007,60,train_Client_122221,11,0
305,29/3/2004,62,train_Client_122222,11,0
104,3/9/2014,69,train_Client_122226,11,0
101,8/10/2009,63,train_Client_122227,11,0
301,22/2/2006,62,train_Client_122228,12,0
104,23/12/2014,69,train_Client_122229,11,0
305,19/9/2012,62,train_Client_12223,11,0
309,8/5/1984,62,train_Client_122230,11,0
311,12/2/2009,63,train_Client_122232,11,0
309,15/1/2016,62,train_Client_122233,11,0
107,4/4/1991,69,train_Client_122234,11,0
107,19/4/2014,69,train_Client_122235,11,0
101,25/11/2009,60,train_Client_12224,11,0
101,14/12/2009,60,train_Client_122240,11,0
101,21/8/1995,60,train_Client_122242,11,0
302,26/9/2016,62,train_Client_122243,11,0
302,15/3/1993,62,train_Client_122244,11,0
103,23/8/2018,69,train_Client_122245,11,0
313,22/7/2014,63,train_Client_122246,11,0
311,4/10/1995,63,train_Client_122247,11,0
103,7/7/2004,69,train_Client_12225,11,0
311,2/7/2012,63,train_Client_122252,11,0
103,19/10/2012,69,train_Client_122253,11,0
372,23/5/2018,63,train_Client_122254,11,0
311,28/10/1996,63,train_Client_122256,11,0
103,15/5/2013,69,train_Client_122258,11,0
104,3/12/2011,69,train_Client_122259,11,0
106,31/8/1990,69,train_Client_12226,11,0
104,10/11/2011,69,train_Client_122261,11,0
311,14/10/1996,63,train_Client_122262,11,0
307,12/4/2005,62,train_Client_122263,11,0
306,10/12/2007,63,train_Client_122265,11,0
104,22/1/2008,69,train_Client_122266,11,0
107,14/10/2005,69,train_Client_122268,11,0
310,12/11/1979,62,train_Client_12227,11,0
101,7/6/2010,60,train_Client_122270,11,0
103,10/12/2016,69,train_Client_122271,11,0
103,2/12/2010,69,train_Client_122274,11,0
101,8/7/2015,63,train_Client_122277,11,0
101,17/1/2008,60,train_Client_122278,11,0
301,14/9/2015,62,train_Client_122279,11,0
107,10/10/2000,69,train_Client_12228,11,0
101,21/6/1982,60,train_Client_122281,11,0
101,2/11/2006,60,train_Client_122282,11,0
107,18/2/2010,69,train_Client_122283,11,0
303,27/2/2013,62,train_Client_122285,11,0
104,9/9/1999,69,train_Client_122288,11,0
101,6/3/2014,60,train_Client_122289,11,0
301,5/9/2008,62,train_Client_12229,11,0
107,20/11/1992,69,train_Client_122290,11,0
103,26/12/2012,69,train_Client_122291,11,0
101,10/3/2009,60,train_Client_122293,11,0
301,31/5/2004,62,train_Client_122294,11,0
104,30/9/1998,69,train_Client_122295,11,0
304,31/8/2001,62,train_Client_122296,11,0
101,22/12/2009,60,train_Client_122297,11,0
101,1/6/2006,60,train_Client_122299,11,0
310,24/1/2008,62,train_Client_12230,11,0
313,30/11/2005,63,train_Client_122300,11,0
301,21/6/1994,62,train_Client_122301,11,1
101,2/5/1988,60,train_Client_122302,11,0
306,26/12/2014,63,train_Client_122304,11,0
101,8/11/2010,60,train_Client_122305,11,0
101,28/4/2003,60,train_Client_122306,11,0
303,9/6/2016,62,train_Client_122307,11,0
101,26/10/2010,60,train_Client_122308,11,1
101,7/1/2013,60,train_Client_122309,11,0
101,13/12/1994,60,train_Client_12231,11,0
101,31/12/1990,60,train_Client_122310,11,0
301,17/9/2004,62,train_Client_122311,11,0
101,4/7/1978,60,train_Client_122313,11,0
101,13/3/2000,60,train_Client_122314,11,0
303,29/12/2015,62,train_Client_122315,11,0
301,30/6/2017,62,train_Client_122318,11,0
312,2/3/2007,63,train_Client_122319,11,0
101,22/11/2017,60,train_Client_122320,11,0
103,28/11/2018,69,train_Client_122321,11,0
303,20/6/2005,62,train_Client_122322,11,0
310,15/1/1986,62,train_Client_122323,11,0
312,4/6/1985,63,train_Client_122325,11,0
311,16/12/1997,63,train_Client_122326,11,0
101,13/5/2008,60,train_Client_122327,11,0
303,12/2/2018,62,train_Client_122328,11,0
301,10/9/2018,62,train_Client_122329,11,0
103,20/11/2015,69,train_Client_12233,11,0
101,17/4/2008,60,train_Client_122333,11,0
101,12/12/2011,60,train_Client_122335,11,0
310,14/12/2016,62,train_Client_122336,11,0
311,27/9/2016,63,train_Client_122337,11,0
101,10/4/2002,60,train_Client_122338,11,0
371,19/4/2005,62,train_Client_122341,11,0
310,22/8/2006,62,train_Client_122344,11,0
103,29/9/2010,69,train_Client_122345,11,0
301,25/1/2002,62,train_Client_122346,11,0
313,5/4/1982,63,train_Client_122347,11,0
302,21/9/2011,62,train_Client_122348,11,0
372,21/4/2000,63,train_Client_122350,11,0
311,28/12/1986,63,train_Client_122351,11,0
104,29/12/2010,69,train_Client_122352,11,0
312,16/11/2013,63,train_Client_122353,11,0
306,10/12/2016,63,train_Client_122354,11,0
310,26/8/2017,62,train_Client_122355,11,0
303,13/11/2007,62,train_Client_122356,11,0
107,29/8/2006,69,train_Client_122357,12,0
307,30/6/2003,62,train_Client_122358,11,0
103,23/9/2010,69,train_Client_122360,11,0
306,23/10/2014,63,train_Client_122362,11,0
104,21/7/2006,69,train_Client_122364,11,0
103,14/8/2010,69,train_Client_122365,11,1
308,14/5/1990,63,train_Client_122366,11,0
302,7/10/2009,62,train_Client_122367,11,0
104,27/5/2005,69,train_Client_122368,11,0
101,20/9/2013,60,train_Client_122369,11,0
104,2/7/2015,69,train_Client_12237,11,0
104,8/8/2009,69,train_Client_122371,11,1
303,24/6/1998,62,train_Client_122373,11,0
305,25/1/2018,62,train_Client_122374,11,0
309,19/11/2012,62,train_Client_122376,11,0
305,8/7/2013,62,train_Client_122377,11,0
301,23/8/2012,62,train_Client_122379,11,0
101,10/11/2014,60,train_Client_12238,11,0
311,19/11/2013,63,train_Client_122381,11,0
104,8/7/2014,69,train_Client_122382,11,0
307,22/1/2014,62,train_Client_122384,11,0
101,11/7/1979,60,train_Client_122385,11,0
101,7/6/2010,60,train_Client_122386,11,0
104,18/4/2001,69,train_Client_122387,11,0
313,26/6/2003,63,train_Client_122389,11,0
101,15/12/1977,60,train_Client_12239,11,0
101,21/6/2002,60,train_Client_122390,11,0
101,5/11/1977,60,train_Client_122391,11,0
107,16/12/2015,69,train_Client_122392,11,0
107,1/11/2013,69,train_Client_122394,11,0
101,23/3/2004,60,train_Client_122395,11,0
309,18/11/2003,62,train_Client_122397,11,0
301,11/5/2001,62,train_Client_122398,11,0
104,20/11/2015,69,train_Client_1224,11,0
101,7/12/2008,60,train_Client_12240,11,0
307,18/5/1984,62,train_Client_122401,11,1
101,30/11/2006,60,train_Client_122405,11,0
306,6/1/2018,63,train_Client_122406,11,0
307,9/10/1987,62,train_Client_122408,11,0
101,17/8/2012,60,train_Client_122409,11,0
301,16/4/2015,62,train_Client_12241,11,0
307,9/10/2018,62,train_Client_122410,11,0
104,3/8/2013,69,train_Client_122412,11,0
311,1/6/2000,63,train_Client_122413,11,0
306,20/8/2008,63,train_Client_122414,12,0
101,29/11/1977,60,train_Client_122415,11,0
101,26/6/1997,60,train_Client_122416,11,0
312,25/2/2016,63,train_Client_122417,11,0
303,26/7/2016,62,train_Client_122418,11,0
101,11/2/2008,60,train_Client_12242,11,0
104,11/5/1987,69,train_Client_122420,11,0
303,2/7/2007,62,train_Client_122421,11,0
307,10/4/2014,62,train_Client_122423,11,0
101,13/3/1980,60,train_Client_122424,11,0
301,29/7/2009,62,train_Client_122425,11,0
307,10/12/1985,62,train_Client_122426,11,0
311,6/9/2014,63,train_Client_122429,11,0
372,22/1/1980,63,train_Client_12243,11,1
104,19/9/1988,69,train_Client_122430,11,0
107,24/6/2005,69,train_Client_122431,11,0
104,16/4/2014,69,train_Client_122433,11,0
311,22/7/2004,63,train_Client_122435,11,0
301,30/7/2008,62,train_Client_122436,11,0
307,24/7/2008,62,train_Client_122437,11,0
101,19/7/2000,60,train_Client_122439,11,1
303,10/1/2008,62,train_Client_12244,11,0
101,14/5/1980,60,train_Client_122440,11,0
307,27/4/2012,62,train_Client_122441,11,0
101,11/10/1996,60,train_Client_122442,11,0
306,5/12/2016,63,train_Client_122444,11,0
104,22/10/1977,69,train_Client_122446,11,0
306,31/12/1993,63,train_Client_122449,11,0
103,13/7/2011,69,train_Client_122450,11,1
303,17/11/2004,62,train_Client_122452,11,0
311,10/2/2004,63,train_Client_122454,11,1
104,25/12/2007,69,train_Client_122455,11,0
101,11/6/2010,60,train_Client_122457,11,0
101,1/7/2015,60,train_Client_12246,11,0
304,19/8/2009,62,train_Client_122461,51,0
101,2/8/2013,60,train_Client_122463,11,0
107,31/1/2002,69,train_Client_122464,11,0
301,8/11/2002,62,train_Client_122465,11,0
309,26/9/2016,62,train_Client_122466,11,0
372,15/11/1991,63,train_Client_122467,11,0
101,24/2/2004,60,train_Client_122468,11,0
101,11/1/2008,60,train_Client_12247,11,0
101,21/3/2017,60,train_Client_122470,11,0
104,14/12/2016,69,train_Client_122471,11,0
304,30/5/1986,62,train_Client_122472,11,0
104,24/7/1992,69,train_Client_122474,11,0
311,25/6/2018,63,train_Client_122475,11,0
101,2/11/2016,60,train_Client_122478,11,0
311,15/2/2016,63,train_Client_122479,11,0
309,25/6/2008,62,train_Client_12248,11,0
107,29/1/2013,69,train_Client_122480,11,0
301,21/10/2015,62,train_Client_122481,11,0
101,11/6/2013,60,train_Client_122482,11,0
312,26/9/2006,63,train_Client_122483,11,0
311,21/11/1990,63,train_Client_122484,11,0
307,23/11/2018,62,train_Client_122485,11,0
103,15/9/2009,69,train_Client_122486,11,0
101,1/10/2013,60,train_Client_122488,11,0
307,6/11/2008,62,train_Client_122490,11,0
103,4/12/2007,69,train_Client_122491,11,0
312,3/1/1978,63,train_Client_122493,11,0
306,27/12/2011,63,train_Client_122497,11,0
309,23/11/2016,62,train_Client_122499,11,0
104,23/2/2013,69,train_Client_12250,11,0
311,29/8/2016,63,train_Client_122500,11,0
104,17/3/2008,69,train_Client_122501,11,0
302,31/3/2014,62,train_Client_122502,11,0
301,30/9/1999,62,train_Client_122508,11,1
371,31/12/2007,62,train_Client_122509,11,0
306,19/4/2014,63,train_Client_122510,11,0
101,19/8/1980,60,train_Client_122511,11,0
313,24/12/2009,63,train_Client_122512,11,0
101,1/12/2004,60,train_Client_122516,11,0
301,13/6/1994,62,train_Client_122517,11,0
310,6/1/2011,62,train_Client_122518,11,0
306,30/9/2015,63,train_Client_122519,11,0
107,21/12/2017,69,train_Client_12252,11,0
107,30/8/2001,69,train_Client_122520,11,0
307,27/1/2012,62,train_Client_122521,11,0
105,3/11/2017,69,train_Client_122522,11,0
101,11/11/1987,63,train_Client_122523,11,0
304,28/3/1988,62,train_Client_122525,11,0
301,31/10/2016,62,train_Client_122526,11,0
310,22/4/2013,62,train_Client_122527,11,0
307,17/8/1993,62,train_Client_122528,11,0
103,25/4/2011,69,train_Client_122529,11,0
312,20/11/2017,63,train_Client_122530,11,0
101,16/6/2008,60,train_Client_122531,11,0
306,5/3/2015,63,train_Client_122533,11,0
302,17/11/2004,62,train_Client_122534,11,0
311,10/8/2017,63,train_Client_122535,11,0
301,15/9/1983,62,train_Client_122536,11,0
304,18/11/2016,62,train_Client_122537,12,0
101,20/2/2007,60,train_Client_122538,11,0
305,8/8/2015,62,train_Client_122539,11,0
301,7/2/2007,62,train_Client_12254,11,0
101,25/11/2013,60,train_Client_122540,11,0
103,29/9/1999,69,train_Client_122541,11,0
101,25/6/1987,63,train_Client_122543,11,0
107,27/8/2008,69,train_Client_122544,11,1
310,4/5/2011,62,train_Client_122546,11,0
107,14/5/1990,69,train_Client_122548,11,0
101,30/4/2009,60,train_Client_12255,11,0
302,11/5/2015,62,train_Client_122552,11,0
107,30/12/1988,69,train_Client_122553,11,1
311,15/3/2001,63,train_Client_122554,11,0
312,7/12/2013,63,train_Client_122556,11,0
104,31/10/2000,69,train_Client_122557,11,0
101,15/2/1991,60,train_Client_122559,11,0
101,7/5/2014,60,train_Client_12256,11,0
101,5/2/2014,60,train_Client_122561,11,0
103,24/9/2016,69,train_Client_122566,11,0
103,1/6/2010,69,train_Client_122568,11,0
312,24/1/2008,63,train_Client_12257,11,0
107,19/12/2008,69,train_Client_122574,11,0
304,16/11/1989,62,train_Client_122575,11,0
303,28/1/1983,62,train_Client_122576,11,0
302,5/12/2015,62,train_Client_122577,11,0
302,16/12/1986,62,train_Client_122578,11,0
304,6/7/2017,62,train_Client_122579,11,0
101,29/2/2000,60,train_Client_12258,11,0
302,10/8/1998,62,train_Client_122581,11,0
105,5/5/2011,69,train_Client_122582,11,0
311,22/7/2017,63,train_Client_122583,11,0
301,30/11/1984,62,train_Client_122584,11,0
104,24/4/2017,69,train_Client_122585,11,0
309,10/4/2008,62,train_Client_122586,11,0
107,6/7/1999,69,train_Client_122589,11,0
306,15/7/1992,63,train_Client_12259,11,0
311,24/5/2007,63,train_Client_122590,11,0
311,31/3/1989,63,train_Client_122593,11,0
303,14/12/1998,62,train_Client_122596,11,0
101,8/9/1988,63,train_Client_122598,11,0
306,25/2/2003,63,train_Client_122599,11,0
311,25/10/2012,63,train_Client_12260,11,0
101,30/12/1978,60,train_Client_122600,11,0
101,16/8/2011,60,train_Client_122601,11,0
107,18/3/2016,69,train_Client_122603,11,0
304,7/1/1992,62,train_Client_122604,11,0
104,24/2/2010,69,train_Client_122605,11,0
104,24/12/2014,69,train_Client_122607,11,0
311,9/8/2011,63,train_Client_122609,12,0
311,9/11/2010,63,train_Client_12261,11,0
310,17/10/1995,62,train_Client_122610,11,0
303,26/12/1993,62,train_Client_122612,11,0
308,28/1/1993,63,train_Client_122613,11,0
301,17/1/2014,62,train_Client_122614,11,1
311,26/12/1994,63,train_Client_122615,11,1
101,7/12/2008,60,train_Client_122616,11,0
311,25/8/2016,63,train_Client_122617,11,0
103,2/12/2010,69,train_Client_122619,11,0
307,26/9/2011,62,train_Client_122620,11,0
309,24/11/1997,62,train_Client_122621,11,0
101,31/12/2005,60,train_Client_122626,11,0
307,8/10/1979,62,train_Client_122627,11,0
101,10/12/2009,60,train_Client_122629,11,1
101,5/4/2012,60,train_Client_12263,11,0
311,20/1/1993,63,train_Client_122633,11,0
302,16/1/2008,62,train_Client_122634,11,0
310,1/2/1983,62,train_Client_122635,11,0
303,22/10/2013,62,train_Client_122638,11,0
104,20/7/2012,69,train_Client_122639,11,0
101,8/12/2003,60,train_Client_12264,11,0
103,9/12/1981,69,train_Client_122640,11,0
304,23/7/2007,62,train_Client_122642,12,0
304,22/5/2007,62,train_Client_122643,11,0
303,25/9/1996,62,train_Client_122644,11,0
371,22/5/2010,62,train_Client_122647,11,0
101,9/8/2010,60,train_Client_122648,11,1
308,11/11/2010,63,train_Client_12265,11,0
101,7/11/1983,60,train_Client_122650,11,0
306,30/3/1990,63,train_Client_122651,11,0
101,11/3/1978,60,train_Client_122652,11,0
101,9/11/2006,60,train_Client_122656,11,0
399,17/11/2017,63,train_Client_122657,11,0
304,29/6/1981,62,train_Client_122660,11,0
307,24/10/2011,62,train_Client_122662,11,0
101,27/6/2005,60,train_Client_122664,11,0
301,31/12/1996,62,train_Client_122668,11,0
107,17/12/2012,69,train_Client_122669,11,0
306,18/2/2016,63,train_Client_12267,11,0
301,7/6/1983,62,train_Client_122670,11,0
309,18/11/2003,62,train_Client_122671,11,0
103,15/9/2017,69,train_Client_122673,11,0
304,22/8/2003,62,train_Client_122674,11,0
301,14/10/1985,62,train_Client_122675,11,0
306,29/6/2018,63,train_Client_122676,11,0
103,23/5/1995,69,train_Client_122678,11,0
101,14/9/1987,63,train_Client_12268,11,0
105,8/7/2013,69,train_Client_122680,11,0
101,31/12/1995,60,train_Client_122682,11,0
103,24/4/1982,69,train_Client_122683,11,0
304,4/10/2007,62,train_Client_122684,11,0
301,19/3/2009,62,train_Client_122686,11,0
313,23/8/2013,63,train_Client_122687,11,0
101,18/7/2014,60,train_Client_122688,11,0
101,19/5/1987,60,train_Client_122689,11,0
101,20/11/2013,60,train_Client_12269,11,0
371,17/2/1977,62,train_Client_122690,11,0
302,29/3/1978,62,train_Client_122691,11,0
301,17/4/1985,62,train_Client_122692,11,0
309,21/10/2016,62,train_Client_122693,11,0
103,15/5/2013,69,train_Client_122695,11,1
311,23/11/2011,63,train_Client_122696,11,0
101,30/10/1985,60,train_Client_122697,11,0
303,20/9/2012,62,train_Client_122698,11,0
104,5/5/2014,69,train_Client_122699,11,0
301,1/4/2008,62,train_Client_122700,11,0
302,18/8/1997,62,train_Client_122702,11,0
101,20/10/2017,60,train_Client_122704,11,0
101,9/7/1999,60,train_Client_122705,11,0
310,29/11/2007,62,train_Client_122706,11,0
311,30/9/2016,63,train_Client_122708,11,0
103,3/1/2012,69,train_Client_12271,11,0
104,22/11/2013,69,train_Client_122712,11,0
103,14/5/2009,69,train_Client_122713,11,0
107,21/4/1979,69,train_Client_122714,11,0
303,5/10/1989,62,train_Client_122715,11,0
305,21/12/1998,62,train_Client_122716,11,0
312,23/3/2011,63,train_Client_122717,11,0
311,6/6/1995,63,train_Client_122718,11,0
310,30/6/1999,62,train_Client_122719,11,0
301,8/5/1985,62,train_Client_12272,11,0
301,18/6/2004,62,train_Client_122721,11,0
304,22/11/1980,62,train_Client_122722,11,0
313,7/10/2011,63,train_Client_122723,11,0
306,30/6/2012,63,train_Client_122724,11,0
371,13/3/1996,62,train_Client_122727,11,1
307,30/3/2012,62,train_Client_122728,11,0
311,25/12/2017,63,train_Client_122729,11,0
101,12/2/2002,60,train_Client_12273,11,0
101,27/3/2013,60,train_Client_122730,11,0
101,19/11/2008,60,train_Client_122731,11,0
101,31/8/1987,60,train_Client_122732,11,0
312,26/1/2017,63,train_Client_122734,11,0
312,29/1/2009,63,train_Client_122735,11,0
107,8/4/1999,69,train_Client_122737,11,0
101,1/10/2009,60,train_Client_122739,11,0
371,12/10/1983,62,train_Client_12274,11,0
303,27/10/1982,62,train_Client_122740,11,0
104,3/12/2016,69,train_Client_122743,11,0
105,31/3/1999,69,train_Client_122744,11,0
305,13/3/1982,62,train_Client_122745,11,0
101,21/9/2011,60,train_Client_122746,11,0
103,15/1/2014,69,train_Client_122748,11,0
305,17/7/2007,62,train_Client_122749,11,0
302,6/4/1988,62,train_Client_12275,11,0
303,14/3/1977,62,train_Client_122750,11,0
303,7/11/2017,62,train_Client_122753,11,0
107,7/11/1989,69,train_Client_122757,11,0
104,4/3/2013,69,train_Client_122758,11,0
101,9/2/2010,60,train_Client_122759,11,0
302,29/3/1983,62,train_Client_12276,11,0
311,19/8/2003,63,train_Client_122760,11,0
105,11/1/2008,69,train_Client_122762,11,0
101,19/10/2005,60,train_Client_122763,11,0
104,24/11/2014,69,train_Client_122764,11,0
101,19/6/2017,60,train_Client_122766,11,0
310,17/2/2015,62,train_Client_122767,11,0
103,23/4/2008,69,train_Client_122768,11,0
310,28/3/2016,62,train_Client_122769,11,0
371,16/5/1994,62,train_Client_12277,11,0
107,11/7/2011,69,train_Client_122770,11,0
301,29/5/2006,62,train_Client_122771,11,0
306,13/9/1988,63,train_Client_122773,11,0
101,11/12/2015,60,train_Client_122774,11,0
301,5/4/2010,62,train_Client_122775,11,0
101,13/5/2010,60,train_Client_122778,11,0
104,27/1/2014,69,train_Client_122779,11,0
107,16/12/1996,69,train_Client_122780,11,0
101,3/2/2009,60,train_Client_122781,11,0
104,24/11/2015,69,train_Client_122782,11,0
307,28/11/2006,62,train_Client_122784,11,0
101,3/3/2017,63,train_Client_122785,11,0
303,23/6/1993,62,train_Client_122786,11,0
310,27/7/2005,62,train_Client_122787,11,0
101,27/4/2007,60,train_Client_122788,11,0
104,15/12/1998,69,train_Client_122789,11,0
104,6/9/2011,69,train_Client_12279,11,1
311,20/10/2012,63,train_Client_122793,11,0
104,17/7/2006,69,train_Client_122794,11,0
311,11/11/1991,63,train_Client_122795,11,1
101,16/12/1994,60,train_Client_122798,11,0
306,29/4/2010,63,train_Client_122799,11,0
310,9/10/2000,62,train_Client_1228,11,0
311,21/5/2002,63,train_Client_12280,11,0
101,27/4/1983,60,train_Client_122800,11,0
104,28/5/2014,69,train_Client_122801,11,0
105,4/3/2008,69,train_Client_122802,11,0
311,21/8/2007,63,train_Client_122803,11,0
301,5/10/1982,62,train_Client_122805,11,0
307,23/8/2011,62,train_Client_122807,11,0
310,23/8/2014,62,train_Client_122808,11,0
371,20/5/1988,62,train_Client_122809,11,0
101,17/10/1988,60,train_Client_12281,11,0
101,5/6/2001,60,train_Client_122810,11,0
101,19/3/2010,60,train_Client_122812,11,0
311,7/4/2014,63,train_Client_122813,11,0
107,2/7/1986,69,train_Client_122814,11,0
104,25/3/2011,69,train_Client_122815,11,0
101,3/11/1999,60,train_Client_122816,11,0
301,29/10/2007,62,train_Client_122817,11,0
107,13/3/2003,69,train_Client_122818,11,0
104,19/9/2016,69,train_Client_122819,11,0
312,19/10/1990,63,train_Client_12282,11,0
306,29/12/1989,63,train_Client_122820,11,0
306,15/7/1985,63,train_Client_122822,11,0
101,16/4/2008,60,train_Client_122825,11,0
309,28/12/2016,62,train_Client_122830,11,0
311,25/1/2016,63,train_Client_122831,11,0
302,13/9/2010,62,train_Client_122832,11,0
304,13/10/1998,62,train_Client_122833,11,0
304,13/10/1980,62,train_Client_122834,11,0
107,9/10/2010,69,train_Client_122835,11,0
107,10/10/2012,69,train_Client_122836,11,0
107,5/9/2011,69,train_Client_122837,11,0
101,15/4/1983,60,train_Client_12284,11,0
101,28/3/1979,60,train_Client_122844,11,0
107,18/10/1995,69,train_Client_122845,11,0
307,28/6/2005,62,train_Client_122846,11,1
308,21/12/1977,63,train_Client_12285,11,0
305,5/5/2016,62,train_Client_122853,11,0
107,9/6/2009,69,train_Client_122854,11,0
101,4/3/1982,60,train_Client_122856,11,0
310,5/2/2010,62,train_Client_122857,11,0
307,11/5/2016,62,train_Client_122858,11,0
310,15/12/1992,62,train_Client_122859,11,0
311,19/5/2017,63,train_Client_122860,11,0
104,7/10/1992,69,train_Client_122861,11,0
302,31/3/1979,62,train_Client_122862,11,0
105,8/12/2014,69,train_Client_122863,11,0
305,5/2/2015,62,train_Client_122864,11,0
302,5/10/2004,62,train_Client_122866,11,0
107,22/4/2014,69,train_Client_122867,11,0
301,21/4/1981,62,train_Client_122868,11,0
305,31/5/1984,62,train_Client_122870,11,0
306,27/11/1996,63,train_Client_122872,11,0
103,3/12/2014,69,train_Client_122873,11,0
312,9/9/2016,63,train_Client_122874,11,0
101,12/5/2010,60,train_Client_122875,11,0
311,9/10/2012,63,train_Client_122876,11,1
101,3/4/1992,60,train_Client_122877,11,0
302,9/11/1984,62,train_Client_122878,11,0
101,4/7/1978,60,train_Client_12288,11,0
101,30/5/1978,60,train_Client_122880,11,0
307,24/9/1999,62,train_Client_122881,11,0
313,11/6/1984,63,train_Client_122882,11,1
107,8/3/2013,69,train_Client_122883,11,0
103,27/5/1998,69,train_Client_122884,11,0
106,30/12/1988,69,train_Client_122886,11,0
107,12/8/2003,69,train_Client_122889,11,0
104,23/12/1988,69,train_Client_122890,11,0
104,19/3/2016,69,train_Client_122892,11,0
399,12/8/1988,63,train_Client_122893,11,0
301,1/6/2010,62,train_Client_122898,11,0
301,14/9/2015,62,train_Client_122899,11,0
104,20/2/2007,69,train_Client_12290,11,0
307,18/7/2014,62,train_Client_122900,11,0
104,9/9/2015,69,train_Client_122902,11,0
301,26/11/1987,62,train_Client_122903,11,0
107,2/11/1987,69,train_Client_122905,11,0
106,10/11/1993,69,train_Client_122908,11,0
304,29/3/1978,62,train_Client_12291,11,0
101,17/11/2016,60,train_Client_122910,51,0
107,2/1/2015,69,train_Client_122913,11,0
303,31/1/1984,62,train_Client_122915,11,0
101,30/12/1978,60,train_Client_122916,11,0
301,8/10/2013,62,train_Client_122917,11,0
307,21/9/2011,62,train_Client_122918,11,0
303,30/3/2010,62,train_Client_122919,11,0
107,10/2/1998,69,train_Client_12292,11,0
104,28/6/2013,69,train_Client_122920,11,0
301,14/10/1985,62,train_Client_122921,11,0
104,13/7/2017,69,train_Client_122923,11,0
107,30/8/1979,69,train_Client_122926,12,0
104,23/1/2004,69,train_Client_122927,11,0
301,20/8/2004,62,train_Client_122928,11,0
101,17/11/1979,60,train_Client_122929,11,0
307,15/9/1983,62,train_Client_122930,11,0
101,5/8/2011,60,train_Client_122931,11,0
104,14/9/1988,69,train_Client_122932,11,0
306,8/2/2006,63,train_Client_122933,11,0
304,4/6/2015,62,train_Client_122934,11,0
301,6/6/2007,62,train_Client_122939,11,0
104,20/11/2015,69,train_Client_12294,11,0
104,3/7/2014,69,train_Client_122940,11,0
306,26/1/2000,63,train_Client_122943,11,0
101,30/5/2018,63,train_Client_122944,11,0
103,31/12/1999,69,train_Client_122945,11,0
311,26/6/2010,63,train_Client_122947,11,0
305,26/6/1987,62,train_Client_122948,11,0
307,25/11/1987,62,train_Client_122949,11,0
101,30/12/2002,60,train_Client_122952,11,0
101,22/5/1978,60,train_Client_122954,11,0
371,14/5/2001,62,train_Client_122955,11,0
107,13/7/2011,69,train_Client_122956,11,0
301,17/5/1985,62,train_Client_122959,11,0
107,25/3/2013,69,train_Client_12296,11,0
101,1/10/2013,60,train_Client_122961,11,0
101,30/11/1983,60,train_Client_122964,11,0
104,18/2/2017,69,train_Client_122965,11,0
371,28/10/1991,62,train_Client_122966,12,0
310,11/11/1991,62,train_Client_122968,11,0
101,22/11/2004,60,train_Client_12297,11,0
304,20/9/1988,62,train_Client_122970,11,0
107,29/8/2003,69,train_Client_122972,11,0
101,15/2/2008,60,train_Client_122974,11,0
306,8/11/2012,63,train_Client_122975,11,0
104,18/6/1993,69,train_Client_122977,11,0
312,21/4/2000,63,train_Client_122978,11,0
311,4/5/2011,63,train_Client_12298,11,1
301,29/9/2006,62,train_Client_122980,11,0
309,9/12/1996,62,train_Client_122981,11,0
104,8/6/1988,69,train_Client_122982,11,1
311,28/10/1999,63,train_Client_122984,11,0
101,28/5/1984,60,train_Client_122989,11,0
101,29/3/1979,60,train_Client_12299,11,0
311,8/12/1997,63,train_Client_122991,11,1
311,30/8/2002,63,train_Client_122992,11,0
312,17/3/2014,63,train_Client_122994,11,0
101,19/2/2013,60,train_Client_122995,11,0
307,4/3/2016,62,train_Client_122996,11,0
107,27/6/2006,69,train_Client_123003,11,0
101,20/12/2001,60,train_Client_123004,11,0
101,6/12/1988,60,train_Client_123007,11,0
302,8/12/1977,62,train_Client_123008,11,0
307,24/9/1999,62,train_Client_123009,11,0
372,4/9/2014,63,train_Client_12301,11,0
101,29/12/2000,60,train_Client_123013,11,0
101,9/12/1982,60,train_Client_123014,11,0
101,14/5/1981,60,train_Client_123015,11,0
103,19/9/2011,69,train_Client_123016,11,0
306,27/7/2004,63,train_Client_123017,11,0
312,11/5/2017,63,train_Client_123018,11,0
101,19/12/1997,60,train_Client_123019,11,0
306,7/5/1990,63,train_Client_12302,11,0
312,31/1/2008,63,train_Client_123021,11,0
302,12/5/2011,62,train_Client_123022,11,0
310,30/12/1995,62,train_Client_123026,11,0
104,3/3/2015,69,train_Client_123027,11,1
371,17/11/2004,62,train_Client_123028,11,0
311,26/11/1987,63,train_Client_123029,11,0
104,11/2/2011,69,train_Client_12303,11,0
304,26/9/2003,62,train_Client_123031,11,0
101,1/2/2010,60,train_Client_123032,11,0
307,24/4/2017,62,train_Client_123034,11,0
311,28/12/1995,63,train_Client_123035,11,0
311,20/10/2011,63,train_Client_123038,11,0
101,26/1/2013,63,train_Client_123039,11,0
312,31/7/2007,63,train_Client_123040,11,0
311,11/4/2011,63,train_Client_123041,11,0
103,15/7/2011,69,train_Client_123042,11,0
101,24/12/2012,60,train_Client_123044,11,0
104,8/10/2016,69,train_Client_123045,11,0
303,9/6/1987,62,train_Client_123046,11,0
307,21/4/2016,62,train_Client_123047,11,0
101,16/8/2013,60,train_Client_123048,11,0
104,23/10/2001,69,train_Client_123049,11,0
103,14/8/2010,69,train_Client_123051,11,0
307,9/12/2011,62,train_Client_123052,11,0
104,19/9/1988,69,train_Client_123053,11,0
104,29/6/2015,69,train_Client_123054,11,0
101,31/8/2016,60,train_Client_123055,11,0
310,10/10/2012,62,train_Client_123057,11,0
307,14/2/2015,62,train_Client_123058,11,0
103,3/5/2010,69,train_Client_123059,11,0
104,23/4/1981,69,train_Client_12306,51,0
301,24/11/2016,62,train_Client_123060,11,0
303,30/11/2006,62,train_Client_123061,11,0
312,15/9/2012,63,train_Client_123064,11,0
101,14/8/2010,60,train_Client_123066,11,0
308,1/1/1998,63,train_Client_123067,11,0
302,5/10/2004,62,train_Client_123068,11,0
101,28/11/2006,60,train_Client_123069,11,0
104,2/8/1993,69,train_Client_123070,11,0
307,13/6/1988,62,train_Client_123071,11,0
301,21/6/2010,62,train_Client_123072,11,0
107,22/4/1999,69,train_Client_123073,11,0
310,19/9/2006,62,train_Client_123074,11,0
312,13/11/2013,63,train_Client_123076,11,0
307,20/6/2005,62,train_Client_123077,11,0
104,17/3/2012,69,train_Client_123078,11,0
302,15/3/1993,62,train_Client_12308,11,0
307,8/5/1982,62,train_Client_123080,11,0
310,7/1/2017,62,train_Client_123081,11,0
309,21/11/2008,62,train_Client_123082,11,1
107,29/3/1977,69,train_Client_123083,11,0
311,3/5/2011,63,train_Client_123084,11,0
304,12/7/2018,62,train_Client_123085,11,0
107,25/8/2010,69,train_Client_123086,11,0
101,11/1/2010,60,train_Client_123087,11,0
302,5/3/2011,62,train_Client_123089,11,0
101,27/9/2010,60,train_Client_123090,11,0
312,20/1/2015,63,train_Client_123091,11,0
107,13/4/2018,69,train_Client_123092,11,0
101,5/9/2016,60,train_Client_123093,11,0
312,28/4/2017,63,train_Client_123095,11,0
103,2/4/2010,69,train_Client_123096,11,0
310,19/11/2002,62,train_Client_123098,11,0
104,29/8/2000,69,train_Client_123099,11,0
305,20/10/2015,62,train_Client_1231,11,0
103,31/7/2002,69,train_Client_12310,11,0
101,1/11/1982,60,train_Client_123100,11,1
106,16/11/2015,69,train_Client_123102,11,0
301,28/5/2004,62,train_Client_123105,11,0
371,31/12/1999,62,train_Client_123108,11,1
104,23/12/2011,69,train_Client_123109,11,0
101,26/3/1980,60,train_Client_123110,11,0
303,7/6/2017,62,train_Client_123112,11,0
101,22/12/2016,60,train_Client_123113,11,0
101,11/2/1998,60,train_Client_123114,11,0
104,26/8/1996,69,train_Client_123117,11,0
107,20/12/2011,69,train_Client_123119,11,0
301,20/6/2015,62,train_Client_12312,11,0
311,6/6/1995,63,train_Client_123120,11,0
101,5/1/1980,60,train_Client_123124,11,0
301,18/1/2018,62,train_Client_123125,11,0
101,19/6/2018,60,train_Client_123126,11,0
107,24/3/2012,69,train_Client_123128,11,0
310,28/11/1986,62,train_Client_12313,11,0
312,30/11/1999,63,train_Client_123130,11,0
101,26/7/2006,60,train_Client_123131,11,0
311,9/12/2010,63,train_Client_123132,12,0
107,31/3/1992,69,train_Client_123133,11,0
104,20/8/2014,69,train_Client_123135,11,0
101,28/4/2010,60,train_Client_123136,11,0
311,28/3/2002,63,train_Client_123137,11,0
307,28/12/1993,62,train_Client_123138,11,0
302,24/11/1982,62,train_Client_12314,11,0
309,17/8/1992,62,train_Client_123142,11,0
104,6/1/2011,69,train_Client_123143,11,0
301,18/4/1983,62,train_Client_123144,11,0
105,16/9/2003,69,train_Client_123145,11,0
306,27/3/1990,63,train_Client_123146,11,0
104,3/3/2010,69,train_Client_123147,11,0
101,25/6/2007,60,train_Client_123148,11,0
306,8/12/2010,63,train_Client_123149,11,0
301,26/8/2005,62,train_Client_12315,11,0
311,26/1/2000,63,train_Client_123150,11,0
307,23/7/2007,62,train_Client_123151,11,0
101,15/12/2009,60,train_Client_123152,11,0
101,15/4/1997,60,train_Client_123153,11,0
306,31/12/2005,63,train_Client_123154,11,0
101,5/1/1980,60,train_Client_123156,11,0
104,31/7/2001,69,train_Client_123157,11,0
101,1/9/1980,60,train_Client_123158,11,0
101,20/11/1996,60,train_Client_123159,11,0
101,26/9/2008,60,train_Client_12316,11,0
307,27/5/1997,62,train_Client_123160,11,0
101,14/12/1987,60,train_Client_123161,11,1
303,2/3/2013,62,train_Client_123162,11,0
104,25/5/2012,69,train_Client_123163,11,1
101,14/3/2017,60,train_Client_123165,11,0
313,29/11/2001,63,train_Client_123167,11,1
101,5/6/1998,60,train_Client_123169,11,0
107,19/11/2015,69,train_Client_123170,11,0
101,17/6/1998,60,train_Client_123171,11,0
310,30/10/2000,62,train_Client_123172,12,0
101,8/2/1980,60,train_Client_123176,11,0
101,11/3/2010,60,train_Client_123177,11,0
303,26/4/2005,62,train_Client_123178,11,0
101,13/3/2001,60,train_Client_123179,11,0
104,12/9/2003,69,train_Client_12318,11,0
301,9/1/1985,62,train_Client_123180,11,0
101,12/7/1999,60,train_Client_123182,11,0
104,24/11/2017,69,train_Client_123185,11,0
309,21/11/2017,62,train_Client_123186,11,0
105,22/12/2016,69,train_Client_123187,11,0
107,18/11/2015,69,train_Client_123189,11,0
311,4/4/2012,63,train_Client_12319,11,0
302,1/10/2016,62,train_Client_123190,11,0
105,11/1/2008,69,train_Client_123192,11,0
306,13/4/1983,63,train_Client_123195,11,0
311,30/9/2016,63,train_Client_123196,11,0
302,13/10/2010,62,train_Client_123197,11,0
307,9/4/2009,62,train_Client_123198,11,0
103,8/11/2013,69,train_Client_12320,11,0
303,16/11/2013,62,train_Client_123200,11,0
303,5/6/1989,62,train_Client_123202,11,0
103,15/9/2009,69,train_Client_123203,11,0
101,30/12/1978,60,train_Client_123204,11,0
103,6/12/2010,69,train_Client_123205,11,1
101,25/10/2001,60,train_Client_123206,11,0
372,2/10/1995,63,train_Client_123207,11,0
104,30/12/2002,69,train_Client_123208,11,0
107,9/12/1983,69,train_Client_123209,11,0
307,23/1/2014,62,train_Client_12321,11,0
309,18/11/2009,62,train_Client_123210,11,0
101,26/9/2000,60,train_Client_123212,11,0
103,17/6/2016,69,train_Client_123216,11,0
301,17/11/1995,62,train_Client_123217,11,0
104,31/1/1997,69,train_Client_123218,11,0
101,25/12/2005,60,train_Client_123219,11,0
306,20/1/2018,63,train_Client_123220,11,0
301,23/11/2011,62,train_Client_123221,11,0
307,18/12/1985,62,train_Client_123222,11,0
308,31/12/2004,63,train_Client_123223,11,0
101,6/3/2014,60,train_Client_123224,51,0
301,16/10/2012,62,train_Client_123228,11,0
101,26/2/2002,60,train_Client_123229,11,0
107,4/12/1989,69,train_Client_12323,11,0
371,29/12/2003,62,train_Client_123231,11,0
103,26/2/2015,69,train_Client_123232,11,0
379,16/12/2013,63,train_Client_123234,11,0
313,3/5/1991,63,train_Client_123236,11,0
313,27/10/1989,63,train_Client_123238,11,0
301,18/8/2000,62,train_Client_123241,11,0
303,16/11/1994,62,train_Client_123242,11,0
104,22/10/2011,69,train_Client_123243,11,0
302,15/4/2009,62,train_Client_123244,11,0
310,21/12/2007,62,train_Client_123245,11,0
312,2/6/2009,63,train_Client_123247,11,0
310,30/9/1983,62,train_Client_123248,11,0
311,17/9/1999,63,train_Client_123250,11,0
101,3/6/1982,60,train_Client_123251,11,0
307,16/9/1987,62,train_Client_123252,11,0
107,19/4/2010,69,train_Client_123254,11,0
312,29/1/2004,63,train_Client_12326,11,0
303,25/11/1991,62,train_Client_123260,11,0
307,16/9/1986,62,train_Client_123261,11,0
101,22/12/1997,60,train_Client_123263,11,0
103,4/12/2015,69,train_Client_123264,11,0
103,29/6/1994,69,train_Client_123265,11,0
312,5/1/2012,63,train_Client_123266,11,0
301,11/3/2011,62,train_Client_123268,11,0
104,4/7/2013,69,train_Client_123269,11,0
301,7/7/2007,62,train_Client_12327,11,0
311,17/11/2017,63,train_Client_123270,11,0
310,23/4/2011,62,train_Client_123272,11,0
313,2/12/1983,63,train_Client_123277,11,0
303,17/5/1995,62,train_Client_123278,11,0
311,16/7/2015,63,train_Client_123279,11,0
312,13/10/2011,63,train_Client_12328,11,0
104,7/9/2006,69,train_Client_123280,11,0
101,16/8/2006,60,train_Client_123281,11,0
104,7/5/1993,69,train_Client_123282,11,0
101,6/3/1985,60,train_Client_123283,11,0
101,21/12/1998,60,train_Client_123285,11,0
306,19/4/2014,63,train_Client_123286,11,0
107,10/10/2009,69,train_Client_123287,11,0
311,15/4/2013,63,train_Client_123289,11,0
103,16/7/2014,69,train_Client_12329,12,0
105,9/11/2007,69,train_Client_123290,11,0
107,26/2/1987,69,train_Client_123292,11,0
101,22/12/2016,60,train_Client_123294,11,0
312,30/8/2014,63,train_Client_123296,11,0
101,18/6/1991,63,train_Client_123297,11,0
399,26/10/1982,63,train_Client_123298,11,0
311,27/4/2010,63,train_Client_1233,11,0
311,19/10/2017,63,train_Client_12330,11,0
309,28/8/2007,62,train_Client_123300,11,1
305,29/3/2014,62,train_Client_123301,11,0
307,4/3/2008,62,train_Client_123302,11,0
101,6/4/1977,60,train_Client_123304,11,0
101,27/7/2015,60,train_Client_123308,11,0
106,23/8/2012,69,train_Client_12331,11,0
101,31/12/1996,60,train_Client_123310,11,0
101,3/12/1986,60,train_Client_123311,11,0
104,17/4/2015,69,train_Client_123312,11,0
301,16/7/1999,62,train_Client_123314,12,0
104,13/9/1994,69,train_Client_123316,11,0
104,29/1/2002,69,train_Client_123319,11,0
307,8/10/2011,62,train_Client_123321,11,0
104,27/11/1991,69,train_Client_123322,11,0
301,22/5/1982,62,train_Client_123323,11,0
305,6/3/2017,62,train_Client_123327,11,0
311,28/10/1999,63,train_Client_123328,11,0
101,20/5/1992,60,train_Client_123329,11,0
305,17/1/1992,62,train_Client_12333,11,0
107,22/5/2012,69,train_Client_123331,11,1
303,14/3/2018,62,train_Client_123332,51,0
101,24/2/2012,60,train_Client_123333,11,0
104,15/5/2013,69,train_Client_123334,11,0
103,21/2/2013,69,train_Client_123335,11,0
301,9/1/1985,62,train_Client_123337,11,0
301,31/12/1983,62,train_Client_123338,11,0
303,6/10/2010,62,train_Client_123339,11,0
307,12/10/2004,62,train_Client_12334,11,0
107,28/10/2013,69,train_Client_123340,11,0
107,17/12/2009,69,train_Client_123341,11,0
310,24/4/1984,62,train_Client_123342,11,0
302,22/3/2006,62,train_Client_123343,11,0
302,31/8/2005,62,train_Client_123344,11,0
101,29/10/2001,60,train_Client_123345,11,0
107,13/7/2011,69,train_Client_123346,11,0
107,9/5/2000,69,train_Client_123347,11,0
304,19/6/2012,62,train_Client_123348,11,0
107,13/1/1979,69,train_Client_123350,11,0
305,30/9/1985,62,train_Client_123351,11,0
304,16/9/1993,62,train_Client_123353,11,0
104,25/1/1999,69,train_Client_123356,11,0
310,18/11/2013,62,train_Client_123357,11,0
301,4/12/1992,62,train_Client_123359,11,0
371,22/11/2010,62,train_Client_12336,11,0
107,11/7/2013,69,train_Client_123361,11,1
101,3/6/1982,60,train_Client_123364,11,0
307,10/3/2007,62,train_Client_123366,11,0
303,27/12/2010,62,train_Client_123367,11,0
312,24/10/2016,63,train_Client_123368,11,0
303,6/10/2012,62,train_Client_123371,11,0
309,6/12/1993,62,train_Client_123374,11,0
101,11/2/2010,60,train_Client_123375,11,0
312,12/5/2012,63,train_Client_123376,11,0
107,15/11/2011,69,train_Client_123377,11,0
301,24/4/2008,62,train_Client_123379,11,0
101,1/4/1982,60,train_Client_123382,11,0
311,8/5/1991,63,train_Client_123386,11,0
309,10/5/2013,62,train_Client_123387,11,0
311,30/3/2018,63,train_Client_123388,11,0
312,27/5/2005,63,train_Client_123389,11,0
101,13/2/2002,60,train_Client_123390,11,0
312,6/11/2014,63,train_Client_123391,11,0
303,27/1/2014,62,train_Client_123392,11,0
304,23/5/1989,62,train_Client_123393,11,0
312,15/2/2016,63,train_Client_123394,11,0
101,7/9/2001,60,train_Client_123395,11,0
304,13/12/2016,62,train_Client_123396,11,0
311,16/11/2013,63,train_Client_123397,11,0
101,20/12/2012,60,train_Client_123398,11,0
104,17/2/2018,69,train_Client_123399,11,0
101,4/12/1992,60,train_Client_1234,11,0
302,30/12/1988,62,train_Client_12340,11,0
304,17/3/2010,62,train_Client_123402,11,0
101,19/3/1984,60,train_Client_123403,11,0
101,21/2/1991,60,train_Client_123405,11,0
103,19/6/2012,69,train_Client_123406,11,0
101,22/3/2011,60,train_Client_123407,11,0
304,27/10/2015,62,train_Client_123408,11,0
379,11/10/2017,63,train_Client_12341,11,0
101,13/11/1986,60,train_Client_123411,11,0
306,17/10/2014,63,train_Client_123412,11,0
302,11/5/2005,62,train_Client_123413,11,0
107,21/5/2012,69,train_Client_123414,11,0
302,28/5/2014,62,train_Client_123415,11,0
312,1/2/2007,63,train_Client_123417,11,0
101,5/7/2013,60,train_Client_123419,11,0
312,10/12/2011,63,train_Client_12342,11,0
101,31/8/1977,60,train_Client_123420,11,0
101,13/5/2017,60,train_Client_123422,11,0
312,31/12/1990,63,train_Client_123423,11,0
310,28/12/1986,62,train_Client_123424,11,0
313,22/10/2009,63,train_Client_123426,11,0
101,1/3/2005,60,train_Client_123427,12,0
104,29/7/2013,69,train_Client_123428,11,0
304,22/5/2006,62,train_Client_123429,11,0
104,21/11/1983,69,train_Client_12343,11,0
379,11/12/1995,63,train_Client_123435,11,1
303,24/5/1999,62,train_Client_123436,11,0
101,19/3/2008,60,train_Client_12344,12,0
103,24/12/2004,69,train_Client_123440,11,0
103,13/12/2016,69,train_Client_123441,11,0
301,7/11/2012,62,train_Client_123443,11,0
101,27/9/1977,60,train_Client_123444,11,1
311,28/8/1989,63,train_Client_123446,11,0
103,27/6/2001,69,train_Client_123447,11,1
101,25/12/2006,60,train_Client_123449,11,0
301,23/9/2016,62,train_Client_123450,11,0
301,13/6/1990,62,train_Client_123451,11,0
103,12/10/2015,69,train_Client_123453,11,0
313,30/11/2009,63,train_Client_123454,11,0
105,27/11/1997,69,train_Client_123455,11,0
101,4/8/1993,63,train_Client_123456,11,0
101,3/1/2011,60,train_Client_123457,11,0
303,27/2/1985,62,train_Client_123458,11,0
107,10/11/1989,69,train_Client_123459,11,0
310,28/4/2008,62,train_Client_12346,11,0
301,8/6/2015,62,train_Client_123460,11,0
304,3/5/2011,62,train_Client_123461,11,1
301,26/7/1979,62,train_Client_123462,11,0
311,30/11/2013,63,train_Client_123463,11,0
101,8/4/2014,60,train_Client_123464,11,0
101,18/4/2013,60,train_Client_123465,11,0
107,31/12/1999,69,train_Client_123468,11,0
311,7/4/1995,63,train_Client_12347,11,0
312,26/8/2009,63,train_Client_123471,11,0
304,15/4/1988,62,train_Client_123472,11,0
107,19/11/2010,69,train_Client_123473,11,0
101,7/7/1995,60,train_Client_123474,11,0
101,16/2/2010,60,train_Client_123475,11,0
311,23/5/2005,63,train_Client_123476,11,0
101,26/3/1997,60,train_Client_123477,11,0
101,25/6/1997,60,train_Client_123479,11,0
101,3/3/2016,60,train_Client_123480,11,0
303,10/11/2016,62,train_Client_123482,11,0
104,18/2/2015,69,train_Client_123483,11,0
104,18/7/2013,69,train_Client_123485,11,1
101,10/7/1996,60,train_Client_123486,11,0
107,25/4/2011,69,train_Client_123489,11,0
101,29/8/2006,60,train_Client_12349,11,0
103,11/12/2014,69,train_Client_123490,11,0
101,28/12/1984,60,train_Client_123491,11,0
312,6/9/2000,63,train_Client_123492,11,0
101,31/12/2004,60,train_Client_123493,11,0
301,10/6/1983,62,train_Client_123495,12,0
311,6/9/2000,63,train_Client_123496,11,0
107,14/11/2000,69,train_Client_123497,11,0
307,17/2/2017,62,train_Client_123498,11,0
302,14/11/2013,62,train_Client_123499,11,0
306,11/6/1979,63,train_Client_1235,11,0
107,22/12/2016,69,train_Client_12350,11,0
311,25/6/1993,63,train_Client_123500,11,0
104,24/11/2015,69,train_Client_123503,11,0
101,14/5/2012,60,train_Client_123505,11,1
103,28/4/1986,69,train_Client_123508,11,0
302,18/11/2008,62,train_Client_123509,11,0
107,1/8/2013,69,train_Client_12351,11,1
101,4/5/2017,60,train_Client_123512,11,0
101,7/4/1981,60,train_Client_123515,11,0
104,15/12/1989,69,train_Client_123516,11,0
308,31/12/1995,63,train_Client_123517,11,0
103,19/7/2013,69,train_Client_123519,11,1
302,21/12/2007,62,train_Client_12352,11,0
301,5/11/1984,62,train_Client_123521,11,0
103,31/10/1995,69,train_Client_123522,11,0
107,3/11/2016,69,train_Client_123524,11,0
311,26/4/2012,63,train_Client_123525,11,0
303,12/5/1987,62,train_Client_123526,11,0
101,13/5/2014,60,train_Client_123528,11,0
306,15/11/2013,63,train_Client_123530,11,0
303,9/11/2007,62,train_Client_123531,11,0
104,14/12/2016,69,train_Client_123532,11,0
101,25/1/2010,60,train_Client_123533,11,0
372,23/3/1993,63,train_Client_123535,11,1
104,28/10/2005,69,train_Client_123536,11,0
301,1/9/2015,62,train_Client_123537,11,0
311,31/3/2015,63,train_Client_123539,11,0
302,1/9/2012,62,train_Client_123540,11,0
101,1/11/2013,60,train_Client_123543,11,0
101,21/10/1986,60,train_Client_123545,11,0
301,11/3/2011,62,train_Client_123546,11,0
311,13/12/2017,63,train_Client_123547,11,0
101,7/2/2010,60,train_Client_123548,11,0
107,21/10/1994,69,train_Client_123549,11,0
103,5/9/2011,69,train_Client_123550,11,0
107,3/11/2017,69,train_Client_123551,11,0
310,28/6/1988,62,train_Client_123553,11,0
101,26/3/1980,60,train_Client_123555,11,0
371,21/7/2003,62,train_Client_123556,11,0
101,12/12/1978,60,train_Client_123558,11,0
103,27/11/1990,69,train_Client_123559,11,0
303,7/9/2001,62,train_Client_123561,11,0
101,4/2/2009,60,train_Client_123562,11,0
101,28/12/2015,60,train_Client_123563,51,0
101,9/8/1990,60,train_Client_123564,11,0
301,10/3/2000,62,train_Client_123565,11,0
101,19/8/1980,60,train_Client_123566,11,0
302,12/5/1979,62,train_Client_123567,11,0
101,30/8/2016,60,train_Client_123568,11,0
101,30/11/2007,60,train_Client_123569,11,0
304,15/2/1985,62,train_Client_123570,11,0
101,7/12/1995,60,train_Client_123571,11,0
303,23/8/2002,62,train_Client_123572,11,0
312,19/4/2017,63,train_Client_123573,11,0
101,27/11/1981,60,train_Client_123574,11,0
312,18/1/2018,63,train_Client_123576,11,0
101,25/3/2014,60,train_Client_123577,11,0
105,6/7/2007,69,train_Client_123578,11,0
301,26/2/2007,62,train_Client_123581,11,0
301,30/4/1985,62,train_Client_123582,11,0
103,7/3/2017,69,train_Client_123583,11,0
101,30/6/2000,60,train_Client_123584,11,0
311,26/1/2000,63,train_Client_123585,11,0
301,30/10/2010,62,train_Client_123586,11,0
104,6/8/2018,69,train_Client_123587,11,0
306,23/5/2018,63,train_Client_123588,11,0
101,6/3/1985,60,train_Client_12359,11,0
307,22/12/1989,62,train_Client_123591,11,0
101,25/10/2011,60,train_Client_123593,11,0
310,12/4/2017,62,train_Client_123596,11,0
303,19/10/2009,62,train_Client_123597,11,0
104,17/3/2012,69,train_Client_123599,11,0
302,10/8/1978,62,train_Client_12360,11,0
101,24/7/2017,60,train_Client_123600,11,0
303,10/6/2013,62,train_Client_123603,11,0
306,28/9/2007,63,train_Client_123604,11,0
101,16/10/2017,60,train_Client_123605,11,0
107,28/7/1995,69,train_Client_123606,11,0
101,29/12/1993,60,train_Client_123607,11,0
307,9/12/1987,62,train_Client_123608,11,0
311,16/2/2013,63,train_Client_123609,11,0
301,10/10/2012,62,train_Client_12361,11,0
311,27/8/2008,63,train_Client_123613,11,0
312,2/11/1981,63,train_Client_123614,11,0
310,16/10/1997,62,train_Client_123616,11,0
104,5/7/1999,69,train_Client_123619,11,0
304,26/12/2014,62,train_Client_12362,11,0
107,27/11/2014,69,train_Client_123621,11,0
379,6/5/1994,63,train_Client_123624,11,0
305,15/7/1991,62,train_Client_123629,11,0
306,7/4/2010,63,train_Client_12363,11,0
101,17/8/1995,60,train_Client_123630,11,0
301,17/12/2012,62,train_Client_123632,11,0
101,30/9/2003,60,train_Client_123634,11,0
302,15/2/2017,62,train_Client_123635,11,0
311,18/8/2015,63,train_Client_123636,11,0
103,15/6/2016,69,train_Client_123637,11,0
101,25/2/1988,60,train_Client_123638,11,0
104,25/5/1982,69,train_Client_123639,11,0
306,26/3/2009,63,train_Client_123640,11,0
101,21/11/1988,60,train_Client_123641,11,0
311,8/11/1995,63,train_Client_123642,11,0
301,17/1/2018,62,train_Client_123643,11,0
103,19/6/2017,69,train_Client_123644,11,1
311,7/9/2016,63,train_Client_123645,11,0
303,5/2/2009,62,train_Client_123646,11,0
310,9/3/2015,62,train_Client_123647,11,0
105,24/11/2009,69,train_Client_123648,11,0
101,14/2/2002,60,train_Client_123649,11,0
301,12/11/1987,62,train_Client_12365,11,0
101,12/10/2008,60,train_Client_123651,11,0
313,21/2/2014,63,train_Client_123653,11,0
309,1/7/2008,62,train_Client_123654,11,0
101,27/12/2016,60,train_Client_123656,11,0
301,23/6/2009,62,train_Client_123657,11,0
307,25/10/2014,62,train_Client_123658,11,0
101,22/12/2008,60,train_Client_123659,11,0
101,14/5/1979,60,train_Client_12366,11,0
101,14/10/2010,60,train_Client_123660,11,0
107,10/10/2009,69,train_Client_123661,11,0
101,23/5/2001,60,train_Client_123663,11,0
101,27/6/1989,60,train_Client_123665,11,0
104,8/9/2017,69,train_Client_123666,11,0
309,23/9/2009,62,train_Client_123667,11,0
309,25/4/2009,62,train_Client_123668,11,0
303,24/1/2006,62,train_Client_123669,11,0
104,26/4/2007,69,train_Client_12367,11,0
310,23/7/1987,62,train_Client_123670,11,0
301,11/12/1986,62,train_Client_123671,11,0
103,25/2/2014,69,train_Client_123672,11,0
101,12/8/2003,60,train_Client_123673,11,0
104,6/1/2011,69,train_Client_123674,11,0
101,23/6/2009,60,train_Client_123675,11,0
101,19/10/2011,60,train_Client_123676,11,0
308,15/1/1986,63,train_Client_123677,11,0
310,12/7/2010,62,train_Client_123678,11,0
103,25/9/2010,69,train_Client_123679,11,0
107,2/9/2015,69,train_Client_12368,11,0
101,11/12/2015,60,train_Client_123684,11,0
104,6/7/2017,69,train_Client_123685,11,0
302,22/4/1997,62,train_Client_123686,11,0
103,11/6/2008,69,train_Client_123687,11,0
305,12/10/1983,62,train_Client_123689,11,0
103,8/6/2013,69,train_Client_12369,51,1
305,16/3/2004,62,train_Client_123691,11,0
107,20/8/2015,69,train_Client_123693,11,0
301,10/1/2014,62,train_Client_123694,11,0
301,28/2/2018,62,train_Client_123695,11,0
313,24/5/2012,63,train_Client_123696,11,1
104,23/2/2012,69,train_Client_123697,11,0
303,28/1/2014,62,train_Client_123698,11,0
301,31/3/1979,62,train_Client_123700,11,0
306,18/4/2011,63,train_Client_123701,11,0
103,11/12/2014,69,train_Client_123702,11,0
105,2/1/2012,69,train_Client_123704,11,0
311,14/10/1996,63,train_Client_123705,11,0
104,28/12/1995,69,train_Client_123706,11,0
311,10/3/2011,63,train_Client_123707,11,0
309,18/10/2010,62,train_Client_123708,11,0
107,8/11/2016,69,train_Client_123709,11,0
301,26/2/2007,62,train_Client_12371,11,0
304,23/1/2008,62,train_Client_123711,11,0
107,4/3/2010,69,train_Client_123712,11,0
309,14/2/2005,62,train_Client_123714,11,0
103,4/12/2012,69,train_Client_123715,11,0
302,9/10/2000,62,train_Client_123716,11,0
103,16/2/2009,69,train_Client_123718,11,1
305,9/6/2010,62,train_Client_123719,11,1
310,1/2/2018,62,train_Client_12372,11,0
101,10/5/2011,60,train_Client_123720,11,0
101,4/3/1992,60,train_Client_123721,11,0
101,29/3/2000,60,train_Client_123723,11,0
310,26/12/2014,62,train_Client_123724,11,0
101,16/12/1981,60,train_Client_123725,11,0
313,4/4/1984,63,train_Client_123726,11,1
104,20/4/2010,69,train_Client_123728,11,0
310,12/6/1982,62,train_Client_123729,11,0
304,31/8/2001,62,train_Client_123733,11,0
101,12/11/1981,60,train_Client_123734,11,0
313,21/9/2010,63,train_Client_123735,11,0
101,20/12/2013,60,train_Client_123736,11,0
101,16/12/1981,60,train_Client_123740,11,0
104,9/2/2012,69,train_Client_123742,11,1
104,17/8/2015,69,train_Client_123743,11,0
309,25/11/2016,62,train_Client_123744,11,0
310,11/1/2011,62,train_Client_123745,11,0
101,19/5/2008,60,train_Client_123746,11,0
103,28/12/2011,69,train_Client_123747,11,0
301,9/2/1994,62,train_Client_123749,12,0
101,24/2/2018,60,train_Client_12375,11,0
311,12/8/1988,63,train_Client_123751,11,0
101,24/1/2011,60,train_Client_123752,11,0
103,17/3/2007,69,train_Client_123753,11,0
304,4/9/2001,62,train_Client_123754,11,0
101,10/9/2009,60,train_Client_123755,11,0
306,29/12/1989,63,train_Client_123757,11,0
107,10/2/2012,69,train_Client_12376,11,0
107,24/5/2012,69,train_Client_123760,11,0
303,29/10/2004,62,train_Client_123761,11,0
311,22/8/2001,63,train_Client_123763,11,0
101,4/2/2015,60,train_Client_123767,11,0
301,30/10/2012,62,train_Client_123768,11,0
309,22/12/1995,62,train_Client_123769,12,0
303,21/12/1998,62,train_Client_123770,11,0
305,10/12/1991,62,train_Client_123772,11,0
107,21/10/2002,69,train_Client_123774,11,0
399,21/4/2007,63,train_Client_123775,11,0
310,20/8/2008,62,train_Client_123776,11,0
107,28/8/2012,69,train_Client_123777,11,0
101,7/12/2005,60,train_Client_123778,11,0
103,3/5/2010,69,train_Client_12378,11,0
311,18/11/1998,63,train_Client_123781,11,0
304,13/3/2017,62,train_Client_123782,11,0
104,20/2/2002,69,train_Client_123783,11,0
311,19/6/2007,63,train_Client_123784,11,0
302,3/12/1996,62,train_Client_123785,11,0
304,8/11/1982,62,train_Client_123786,11,0
101,3/1/2012,60,train_Client_123787,11,0
311,15/6/2011,63,train_Client_123788,11,0
301,15/2/2002,62,train_Client_123789,11,0
302,9/5/2006,62,train_Client_123790,11,0
303,22/2/2016,62,train_Client_123792,11,0
103,11/10/2011,69,train_Client_123793,11,0
104,12/10/1994,69,train_Client_123795,11,0
306,26/4/2007,63,train_Client_123798,11,0
301,8/1/1985,62,train_Client_1238,11,0
304,12/12/1978,62,train_Client_12380,11,0
103,4/12/2012,69,train_Client_123800,11,0
101,23/5/2012,60,train_Client_123801,11,0
101,6/3/1985,60,train_Client_123802,11,0
311,23/6/2006,63,train_Client_123804,11,0
312,30/11/1990,63,train_Client_123806,11,0
303,21/9/2015,62,train_Client_123809,11,0
107,3/11/2016,69,train_Client_12381,11,0
101,9/9/1999,60,train_Client_123810,11,0
107,3/12/2014,69,train_Client_123811,11,0
310,11/3/2017,62,train_Client_123812,11,0
107,19/5/2009,69,train_Client_123813,11,0
103,25/3/1996,69,train_Client_123814,11,0
399,12/1/1994,63,train_Client_123815,11,0
306,7/1/2016,63,train_Client_123816,11,0
311,10/12/2011,63,train_Client_123817,11,0
301,22/5/1998,62,train_Client_123818,11,0
302,23/7/1987,62,train_Client_12382,11,0
303,6/3/2010,62,train_Client_123821,11,1
371,16/5/1996,62,train_Client_123822,11,1
306,23/5/2009,63,train_Client_123823,11,0
104,24/11/2015,69,train_Client_123824,11,0
104,10/11/1997,69,train_Client_123825,11,0
311,13/7/1992,63,train_Client_123826,11,0
101,16/10/2014,60,train_Client_123827,11,0
311,7/10/2008,63,train_Client_123828,11,0
106,11/5/2015,69,train_Client_123829,11,1
107,24/7/2008,69,train_Client_12383,11,0
101,18/4/2017,60,train_Client_123830,11,0
103,2/5/2017,69,train_Client_123831,11,0
103,31/5/2011,69,train_Client_123833,11,0
101,17/5/2010,60,train_Client_123834,11,0
101,20/6/1986,60,train_Client_123836,11,1
312,24/5/2017,63,train_Client_123837,11,0
107,13/8/2009,69,train_Client_123838,11,0
101,17/11/2014,60,train_Client_123839,11,0
104,6/5/2014,69,train_Client_12384,11,0
101,6/7/1988,60,train_Client_123841,11,0
206,1/8/2013,69,train_Client_123842,11,0
311,21/12/1994,63,train_Client_123843,11,0
104,8/7/2013,69,train_Client_123844,11,0
304,8/6/2015,62,train_Client_123845,11,0
105,10/9/1981,69,train_Client_123846,11,0
101,29/6/2017,60,train_Client_123848,11,0
101,22/11/1991,60,train_Client_12385,11,0
101,8/5/2009,60,train_Client_123850,11,1
305,28/4/2015,62,train_Client_123852,11,0
306,27/10/1989,63,train_Client_123854,11,0
107,5/12/2006,69,train_Client_123856,11,0
301,16/1/2013,62,train_Client_123857,11,0
104,28/1/1986,69,train_Client_123859,11,0
311,18/6/2011,63,train_Client_12386,11,0
101,21/7/2008,60,train_Client_123860,11,0
101,27/2/2013,63,train_Client_123861,11,0
105,14/1/2008,69,train_Client_123862,11,0
311,1/9/2016,63,train_Client_123864,11,0
301,18/9/1984,62,train_Client_123865,11,0
101,16/7/2008,60,train_Client_123867,11,0
101,30/7/2013,60,train_Client_123868,11,0
371,30/12/2002,62,train_Client_12387,11,0
301,18/12/2015,62,train_Client_123871,11,0
310,29/10/2007,62,train_Client_123872,11,0
303,21/9/1992,62,train_Client_123873,11,0
101,15/7/1982,60,train_Client_123874,11,0
301,27/10/2000,62,train_Client_123875,11,0
304,9/4/2009,62,train_Client_123876,11,0
372,12/11/1992,63,train_Client_123877,11,0
313,22/12/1999,63,train_Client_123880,11,0
101,25/1/2008,60,train_Client_123881,11,0
107,25/2/2005,69,train_Client_123884,11,0
107,20/5/2011,69,train_Client_123888,11,0
107,19/4/2014,69,train_Client_123889,11,0
101,9/1/2010,60,train_Client_12389,11,0
306,26/12/1983,63,train_Client_123890,11,0
104,27/9/1994,69,train_Client_123892,11,0
311,30/11/2012,63,train_Client_123893,11,0
104,13/7/2012,69,train_Client_123894,11,1
312,23/9/2014,63,train_Client_123897,11,0
101,28/12/2012,60,train_Client_123899,11,0
306,26/9/1989,63,train_Client_12390,11,0
101,16/2/2006,60,train_Client_123902,11,0
304,15/2/2018,62,train_Client_123903,11,0
107,28/3/2011,69,train_Client_123905,11,0
304,12/6/1984,62,train_Client_123906,11,0
303,16/3/2017,62,train_Client_12391,11,0
306,28/4/2015,63,train_Client_123910,11,0
310,17/6/1988,62,train_Client_123911,11,0
311,25/10/2013,63,train_Client_123913,11,0
104,17/3/2015,69,train_Client_123915,11,0
311,30/9/2014,63,train_Client_123916,11,0
302,15/7/1998,62,train_Client_123917,11,0
101,31/12/2003,60,train_Client_123918,11,0
310,28/11/1986,62,train_Client_12392,11,0
301,29/8/2003,62,train_Client_123920,11,0
101,18/5/2007,60,train_Client_123922,11,0
312,12/1/2011,63,train_Client_123923,11,0
303,21/3/1977,62,train_Client_123924,11,0
101,28/2/1978,60,train_Client_123925,11,0
311,2/3/2013,63,train_Client_123926,11,0
101,16/7/2016,60,train_Client_123927,11,0
303,22/12/2009,62,train_Client_123929,11,0
107,13/9/2000,69,train_Client_123930,11,0
304,5/9/2005,62,train_Client_123934,11,0
101,8/2/2016,60,train_Client_123936,11,0
311,29/11/2018,63,train_Client_123937,11,0
103,13/6/2016,69,train_Client_123940,11,0
304,15/11/2010,62,train_Client_123941,11,0
308,2/6/2014,63,train_Client_123942,11,0
101,21/6/2002,60,train_Client_123944,11,0
103,19/7/2017,69,train_Client_123945,11,0
306,22/4/1977,63,train_Client_123947,11,0
305,17/9/2008,62,train_Client_123948,11,0
311,21/6/1995,63,train_Client_123949,11,0
306,4/2/1983,63,train_Client_12395,11,0
313,5/6/2015,63,train_Client_123951,11,0
307,28/10/2013,62,train_Client_123952,11,0
101,25/6/2012,60,train_Client_123954,11,0
305,28/2/1978,62,train_Client_123956,11,1
104,22/5/1996,69,train_Client_123958,11,0
305,28/7/2006,62,train_Client_123959,11,0
101,9/11/1989,60,train_Client_12396,11,1
310,20/12/2013,62,train_Client_123960,11,0
104,13/5/1994,69,train_Client_123962,11,0
312,19/11/2013,63,train_Client_123963,11,0
303,28/12/1987,62,train_Client_123964,11,0
107,11/3/2014,69,train_Client_123966,11,0
311,28/2/2002,63,train_Client_123967,11,1
301,24/3/2008,62,train_Client_123968,11,0
101,8/3/2017,60,train_Client_123969,11,0
104,16/11/2015,69,train_Client_123973,11,0
302,15/1/2008,62,train_Client_123976,11,0
101,4/7/2013,60,train_Client_123978,11,0
101,12/5/2012,63,train_Client_123979,11,0
304,19/5/2003,62,train_Client_12398,11,0
312,22/1/2013,63,train_Client_123980,11,0
301,29/11/2017,62,train_Client_123982,11,0
104,4/7/2013,69,train_Client_123983,11,0
103,11/7/2008,69,train_Client_123984,11,0
303,28/10/2013,62,train_Client_123986,11,0
101,10/11/2006,60,train_Client_123987,11,0
101,30/9/2002,60,train_Client_123988,11,0
101,13/7/2007,60,train_Client_123990,11,0
311,18/5/2011,63,train_Client_123992,11,0
101,30/12/2009,60,train_Client_123993,11,0
101,3/11/2016,60,train_Client_123994,11,0
101,31/8/2010,60,train_Client_123996,11,0
101,12/12/1978,60,train_Client_123998,11,0
301,11/12/1995,62,train_Client_124,11,0
307,4/9/1987,62,train_Client_12400,11,0
104,8/2/2018,69,train_Client_124000,11,0
311,20/11/2006,63,train_Client_124003,11,0
107,15/3/2008,69,train_Client_124004,11,1
301,13/3/1986,62,train_Client_124006,11,0
101,27/4/2009,60,train_Client_124007,11,0
306,28/5/2015,63,train_Client_124008,11,0
104,28/8/2015,69,train_Client_124009,12,0
101,15/7/1982,60,train_Client_12401,11,0
101,15/3/2018,60,train_Client_124010,11,0
101,31/1/1985,60,train_Client_124011,11,0
107,21/12/2010,69,train_Client_124012,11,0
306,23/6/2006,63,train_Client_124013,11,0
310,19/4/2017,62,train_Client_124014,11,0
372,20/11/1997,63,train_Client_124016,11,0
101,18/9/1992,60,train_Client_124017,11,0
101,2/12/2011,60,train_Client_12402,11,0
104,22/8/2015,69,train_Client_124020,11,0
311,5/9/2011,63,train_Client_124021,11,0
307,29/1/1999,62,train_Client_124023,11,0
301,1/2/2017,62,train_Client_124024,11,0
310,20/11/1997,62,train_Client_124025,11,0
309,5/12/2007,62,train_Client_124026,11,0
301,22/4/2017,62,train_Client_124027,11,0
101,20/12/2001,60,train_Client_124029,11,0
101,8/7/2002,60,train_Client_124030,11,0
304,19/8/2009,62,train_Client_124032,11,0
101,5/3/2015,60,train_Client_124033,11,0
312,27/5/2005,63,train_Client_124034,11,0
311,11/5/1999,63,train_Client_124036,11,0
311,30/9/1988,63,train_Client_124037,11,0
101,27/9/1991,60,train_Client_124039,12,0
303,10/6/1981,62,train_Client_12404,11,0
305,24/8/2017,62,train_Client_124040,11,0
308,7/10/2008,63,train_Client_124042,11,0
101,9/5/1986,60,train_Client_124044,11,0
101,20/8/2002,60,train_Client_124046,11,0
105,9/10/1996,69,train_Client_124048,11,0
104,26/8/1996,69,train_Client_124049,11,0
107,16/3/2017,69,train_Client_12405,11,0
301,5/10/1982,62,train_Client_124050,11,0
312,30/10/2015,63,train_Client_124051,11,0
104,4/7/2002,69,train_Client_124052,11,0
104,28/12/1995,69,train_Client_124054,11,0
101,31/12/2005,60,train_Client_124055,11,0
305,27/12/1993,62,train_Client_124057,11,0
379,27/6/2000,63,train_Client_124059,11,0
101,19/11/1993,60,train_Client_12406,11,0
311,30/3/2000,63,train_Client_124060,11,0
103,30/10/1995,69,train_Client_124062,11,0
104,22/2/2001,69,train_Client_124063,11,0
104,24/3/2010,69,train_Client_124066,11,0
301,13/10/1980,62,train_Client_124068,11,0
302,7/9/1977,62,train_Client_124069,11,0
311,8/2/2012,63,train_Client_12407,11,0
371,8/3/2004,62,train_Client_124070,11,0
104,12/5/1998,69,train_Client_124072,11,0
103,17/5/2012,69,train_Client_124073,11,0
306,5/9/2011,63,train_Client_124074,11,1
311,22/2/1991,63,train_Client_124075,11,0
101,16/12/2011,60,train_Client_124076,11,0
371,1/1/1998,62,train_Client_124077,11,0
313,6/2/2010,63,train_Client_124080,11,0
103,29/5/2002,69,train_Client_124081,11,0
103,29/1/2014,69,train_Client_124082,11,0
103,8/1/2018,69,train_Client_124085,11,0
306,24/11/2014,63,train_Client_124086,11,0
104,11/12/2006,69,train_Client_124087,11,0
101,27/3/2002,60,train_Client_124088,12,0
104,6/12/2006,69,train_Client_124089,11,0
104,19/3/1992,69,train_Client_124090,11,0
309,27/1/2009,62,train_Client_124092,11,0
301,20/9/2002,62,train_Client_124093,11,0
310,30/5/1990,62,train_Client_124095,11,0
311,25/9/1996,63,train_Client_124097,11,0
311,23/6/2018,63,train_Client_124098,11,0
379,21/1/2013,63,train_Client_124099,11,0
101,29/11/1977,60,train_Client_1241,11,0
372,30/1/2010,63,train_Client_124100,11,0
311,31/12/1996,63,train_Client_124101,11,1
301,14/10/2014,62,train_Client_124102,11,0
101,11/5/1977,60,train_Client_124104,11,0
305,30/4/2015,62,train_Client_124105,11,0
101,28/10/1991,60,train_Client_124109,11,0
302,30/12/1995,62,train_Client_12411,11,0
101,28/11/2014,60,train_Client_124111,11,0
306,24/4/1982,63,train_Client_124112,11,0
103,3/12/2014,69,train_Client_124114,11,0
104,20/2/2014,69,train_Client_124115,11,0
103,25/5/2012,69,train_Client_124116,11,0
101,7/4/2009,60,train_Client_124117,11,0
101,31/12/1995,60,train_Client_124118,11,0
101,11/3/2013,60,train_Client_124119,11,0
101,31/8/2016,60,train_Client_124120,11,0
101,30/12/2002,60,train_Client_124121,11,0
301,2/3/2019,62,train_Client_124123,11,0
101,19/5/1998,60,train_Client_124124,11,0
311,29/8/2014,63,train_Client_124127,11,0
302,16/10/2008,62,train_Client_124135,11,0
101,6/6/2009,60,train_Client_124136,11,0
301,25/2/2013,62,train_Client_124137,11,0
107,4/12/2013,69,train_Client_124138,11,0
101,27/4/2001,60,train_Client_124139,11,0
301,23/10/1985,62,train_Client_12414,11,0
101,4/6/1993,60,train_Client_124140,11,0
101,30/12/2013,60,train_Client_124141,11,0
104,3/6/2014,69,train_Client_124142,11,0
107,22/2/2010,69,train_Client_124144,11,0
105,24/6/2016,69,train_Client_124148,11,0
101,3/7/2007,60,train_Client_124149,11,0
310,16/10/2003,62,train_Client_12415,11,0
107,5/4/1978,69,train_Client_124150,11,0
313,8/10/2010,63,train_Client_124152,11,0
372,11/7/1986,63,train_Client_124153,11,0
303,25/9/2013,62,train_Client_124154,11,0
101,23/10/1985,60,train_Client_124155,11,0
101,17/12/2010,60,train_Client_124156,11,0
311,28/9/2004,63,train_Client_124157,11,0
101,1/4/1982,60,train_Client_124158,11,0
104,13/11/1995,69,train_Client_124159,11,0
302,17/5/2000,62,train_Client_12416,11,0
104,24/3/2009,69,train_Client_124161,11,0
101,18/5/2004,60,train_Client_124162,11,1
311,18/1/2010,63,train_Client_124163,11,0
106,1/3/2007,69,train_Client_124165,11,1
306,11/1/2010,63,train_Client_124166,11,0
104,17/11/2009,69,train_Client_124168,11,0
303,14/12/2015,62,train_Client_12417,11,0
101,15/4/1996,60,train_Client_124171,11,1
104,29/11/2013,69,train_Client_124172,11,0
305,13/5/2002,62,train_Client_124173,11,0
307,12/3/2008,62,train_Client_124174,11,0
101,10/8/1987,60,train_Client_124175,11,0
101,4/10/2006,60,train_Client_124177,11,0
101,22/10/1999,60,train_Client_124178,11,0
101,30/3/2001,60,train_Client_124179,11,0
101,22/7/2008,60,train_Client_12418,11,0
311,8/12/1994,63,train_Client_124181,11,0
311,6/9/2000,63,train_Client_124182,11,0
371,3/2/2018,62,train_Client_124183,11,0
301,25/12/2008,62,train_Client_124184,11,0
107,12/7/2017,69,train_Client_124189,11,0
101,23/6/1995,60,train_Client_12419,11,0
104,22/11/2013,69,train_Client_124190,11,0
101,15/9/2009,60,train_Client_124191,11,0
303,27/10/1989,62,train_Client_124192,11,0
309,7/6/2010,62,train_Client_124193,11,0
101,30/6/2010,60,train_Client_124194,11,0
101,20/5/2013,60,train_Client_124195,11,0
306,19/5/2017,63,train_Client_124196,11,0
101,22/11/2004,60,train_Client_124197,11,0
307,26/4/1980,62,train_Client_124198,11,1
101,7/4/1981,60,train_Client_124199,11,0
101,26/12/2000,60,train_Client_1242,11,0
301,10/10/2003,62,train_Client_12420,11,0
104,25/6/2008,69,train_Client_124200,11,0
305,11/8/2011,62,train_Client_124201,11,0
301,7/9/1994,62,train_Client_124204,11,0
101,29/9/1998,60,train_Client_124206,11,0
311,21/8/1989,63,train_Client_124210,11,0
304,23/5/1989,62,train_Client_124211,11,0
302,20/2/2006,62,train_Client_124212,11,0
311,6/6/2012,63,train_Client_124213,11,0
305,8/11/2016,62,train_Client_124214,11,0
310,19/11/2009,62,train_Client_124215,11,0
107,4/4/2017,69,train_Client_124216,11,0
311,20/7/2000,63,train_Client_124217,11,0
103,18/5/2017,69,train_Client_124218,11,0
309,17/2/1984,62,train_Client_124220,11,0
101,8/5/1990,60,train_Client_124221,11,0
101,14/7/2011,60,train_Client_124222,11,0
104,12/5/1998,69,train_Client_124224,12,0
312,7/5/2002,63,train_Client_124226,11,0
103,3/7/2017,69,train_Client_124228,11,0
303,23/11/1998,62,train_Client_12423,11,0
310,21/2/2015,62,train_Client_124230,11,0
101,26/3/2008,60,train_Client_124231,11,0
101,18/4/2017,60,train_Client_124233,11,0
104,12/9/2011,69,train_Client_124236,11,0
303,16/9/2010,62,train_Client_124237,11,0
312,2/9/1980,63,train_Client_124238,11,1
309,24/2/2003,62,train_Client_124239,11,0
303,29/9/2014,62,train_Client_12424,11,0
101,5/4/1980,60,train_Client_124241,11,0
101,20/12/2001,60,train_Client_124244,11,0
307,11/5/2015,62,train_Client_124245,11,0
310,5/9/2013,62,train_Client_124246,11,0
311,7/10/2013,63,train_Client_124247,11,0
101,16/7/2002,63,train_Client_124248,11,0
307,23/12/2016,62,train_Client_12425,11,0
301,4/4/2013,62,train_Client_124250,11,0
301,6/12/1991,62,train_Client_124254,11,0
306,18/6/2009,63,train_Client_124255,11,0
101,10/1/2017,60,train_Client_124256,11,1
103,14/8/2006,69,train_Client_124257,11,0
101,6/11/1990,60,train_Client_124258,11,0
101,28/11/2017,60,train_Client_12426,11,0
101,15/12/2010,60,train_Client_124260,51,0
312,28/12/1986,63,train_Client_124263,11,0
101,15/6/2015,60,train_Client_124264,11,0
303,28/9/2015,62,train_Client_124265,11,0
312,9/12/2010,63,train_Client_124266,11,0
303,17/3/1981,62,train_Client_124268,11,0
103,11/3/2009,69,train_Client_124269,11,0
312,14/6/2014,63,train_Client_124270,11,0
310,11/1/2016,62,train_Client_124273,11,0
311,2/11/2006,63,train_Client_124274,11,0
101,15/4/1996,60,train_Client_124276,11,1
311,7/5/1990,63,train_Client_124279,11,0
103,30/9/2016,69,train_Client_12428,11,0
103,5/6/2017,69,train_Client_124281,11,0
301,5/12/2016,62,train_Client_124283,11,0
104,25/3/1998,69,train_Client_124284,12,0
310,5/11/2007,62,train_Client_124285,11,0
104,24/10/1983,69,train_Client_124286,11,0
311,9/8/2016,63,train_Client_124288,11,0
101,21/5/1977,60,train_Client_124289,11,0
101,20/5/1992,60,train_Client_12429,11,1
101,15/10/2008,60,train_Client_124290,11,0
310,26/10/2013,62,train_Client_124291,11,0
310,22/12/2014,62,train_Client_124292,11,0
101,24/12/2009,60,train_Client_124293,11,0
307,16/11/1989,62,train_Client_124295,11,0
101,22/4/2005,60,train_Client_124299,11,0
304,12/3/2010,62,train_Client_1243,11,0
101,17/12/1990,60,train_Client_124300,11,0
101,14/6/2010,60,train_Client_124301,11,0
302,28/3/2016,62,train_Client_124302,11,0
107,15/7/2011,69,train_Client_124303,11,0
313,18/7/2009,63,train_Client_124304,11,0
311,27/12/2010,63,train_Client_124305,11,0
312,26/1/2000,63,train_Client_124309,11,0
303,23/9/2014,62,train_Client_124310,11,0
107,13/12/1985,69,train_Client_124311,11,0
104,30/8/2000,69,train_Client_124312,11,0
306,9/8/1991,63,train_Client_124313,11,0
104,26/8/1996,69,train_Client_124315,11,0
371,30/4/2013,62,train_Client_124316,11,0
312,12/5/2017,63,train_Client_124317,11,0
372,11/11/2017,63,train_Client_124319,11,0
101,26/2/2002,60,train_Client_124321,11,0
302,30/10/1998,62,train_Client_124324,11,0
305,15/7/1991,62,train_Client_124325,11,0
107,8/11/2016,69,train_Client_124327,11,0
107,2/3/1998,69,train_Client_124328,11,0
305,14/12/2015,62,train_Client_124329,11,0
107,21/12/2009,69,train_Client_12433,11,0
310,8/8/2009,62,train_Client_124330,11,0
101,31/3/1999,60,train_Client_124332,11,0
306,29/6/2015,63,train_Client_124333,11,0
306,9/8/1991,63,train_Client_124334,11,0
311,20/9/1990,63,train_Client_124335,11,0
303,31/3/2014,62,train_Client_124336,11,0
304,10/10/2006,62,train_Client_124338,11,0
307,25/12/1996,62,train_Client_124339,11,0
101,7/12/1981,60,train_Client_124340,11,0
311,26/1/2000,63,train_Client_124345,11,0
313,17/1/2015,63,train_Client_124346,11,0
101,28/12/1995,60,train_Client_124347,11,0
104,12/5/1998,69,train_Client_124348,11,0
101,2/12/1999,60,train_Client_124349,11,0
303,11/3/2013,62,train_Client_12435,11,0
304,13/11/2007,62,train_Client_124352,11,0
306,8/10/2011,63,train_Client_124355,11,0
101,1/3/1993,60,train_Client_124358,11,0
302,4/11/1983,62,train_Client_124359,11,0
101,10/8/2010,60,train_Client_12436,11,0
101,11/3/2009,60,train_Client_124360,11,0
101,13/11/2001,63,train_Client_124361,11,0
306,4/9/2014,63,train_Client_124362,11,0
101,20/7/2007,60,train_Client_124363,11,0
104,11/4/2015,69,train_Client_124365,11,0
311,18/9/1987,63,train_Client_124366,11,0
101,28/3/1988,60,train_Client_124367,11,0
312,11/9/2017,63,train_Client_124368,11,0
101,14/11/2006,60,train_Client_12437,11,0
107,2/11/2015,69,train_Client_124370,12,0
307,29/11/1991,62,train_Client_124371,11,0
101,14/2/2009,60,train_Client_124372,11,0
303,6/6/2016,62,train_Client_124373,11,0
308,14/6/2007,63,train_Client_124375,11,0
107,11/8/2010,69,train_Client_124376,11,0
311,29/9/2000,63,train_Client_124377,11,0
101,29/4/1978,60,train_Client_124378,11,0
306,2/5/2014,63,train_Client_124379,11,0
304,19/2/1985,62,train_Client_12438,11,0
307,22/6/2001,62,train_Client_124381,11,0
104,14/7/2014,69,train_Client_124382,11,0
371,16/5/1994,62,train_Client_124384,11,0
301,3/1/2008,62,train_Client_124387,11,0
312,28/8/2017,63,train_Client_124388,11,0
311,13/12/2011,63,train_Client_124389,11,0
104,4/3/2013,69,train_Client_124391,11,0
101,23/5/2014,60,train_Client_124392,11,0
107,6/5/1994,69,train_Client_124394,11,0
310,20/11/1997,62,train_Client_124395,12,0
309,8/7/2010,62,train_Client_124396,11,0
303,5/4/2013,62,train_Client_124397,11,0
306,14/5/2002,63,train_Client_124398,11,0
107,30/8/2001,69,train_Client_1244,11,0
313,13/3/2017,63,train_Client_12440,11,0
101,25/2/1988,60,train_Client_124400,11,0
101,17/5/2012,60,train_Client_124402,11,0
302,22/9/2014,62,train_Client_124406,11,0
101,6/12/2009,60,train_Client_124407,11,0
302,27/3/2017,62,train_Client_124408,11,0
303,15/10/2016,62,train_Client_124409,11,0
311,30/4/2007,63,train_Client_12441,11,0
101,27/4/2012,60,train_Client_124410,11,0
301,8/5/1985,62,train_Client_124411,11,0
301,21/6/1994,62,train_Client_124412,12,0
103,8/3/2016,69,train_Client_124415,11,0
101,20/12/2013,60,train_Client_124417,11,0
303,6/11/2006,62,train_Client_124418,11,0
101,28/5/2002,60,train_Client_124419,11,0
101,1/11/2006,60,train_Client_124420,12,0
311,29/8/2003,63,train_Client_124421,11,0
107,25/9/2010,69,train_Client_124422,11,0
301,29/1/2003,62,train_Client_124423,11,0
101,7/6/1978,60,train_Client_124425,11,0
104,10/12/2015,69,train_Client_124426,11,0
101,5/11/2015,63,train_Client_124427,11,0
101,10/3/2009,60,train_Client_124428,11,0
101,8/5/2014,60,train_Client_124429,11,0
307,24/4/2012,62,train_Client_12443,11,0
311,19/10/2010,63,train_Client_124431,11,0
101,6/2/1980,60,train_Client_124432,11,0
103,14/2/2017,69,train_Client_124433,11,1
104,31/5/1989,69,train_Client_124434,11,0
301,29/7/2017,62,train_Client_124435,11,0
311,30/7/2004,63,train_Client_124438,11,0
101,12/12/2007,60,train_Client_124439,11,0
101,12/11/1993,60,train_Client_124441,11,0
309,11/2/2008,62,train_Client_124442,11,0
308,6/4/1982,63,train_Client_124443,11,0
311,31/1/2000,63,train_Client_124444,11,0
305,14/9/1993,62,train_Client_124446,11,0
310,25/11/1991,62,train_Client_124447,11,0
101,29/11/2005,60,train_Client_124448,11,0
101,12/6/2007,60,train_Client_124449,11,0
104,10/4/2015,69,train_Client_124450,11,0
307,21/7/1987,62,train_Client_124452,11,0
101,25/9/2009,60,train_Client_124453,11,0
101,5/10/2011,60,train_Client_124455,11,0
305,20/4/2011,62,train_Client_124457,11,0
310,8/12/1997,62,train_Client_12446,11,0
307,24/6/1998,62,train_Client_124461,11,0
101,23/1/2015,60,train_Client_124464,11,0
104,14/4/2000,69,train_Client_124465,11,0
101,15/5/2014,60,train_Client_124466,11,0
104,25/9/2013,69,train_Client_124467,11,0
107,29/6/2016,69,train_Client_124468,11,0
371,23/3/1983,62,train_Client_124469,11,0
104,23/10/2001,69,train_Client_124470,11,0
103,9/12/2015,69,train_Client_124471,11,0
101,2/12/1997,60,train_Client_124472,12,0
305,30/5/1988,62,train_Client_124473,11,0
311,6/10/1988,63,train_Client_124474,11,1
104,9/6/1987,69,train_Client_124475,11,0
107,10/12/2015,69,train_Client_124479,11,0
101,29/4/1983,60,train_Client_124481,11,0
301,27/4/2015,62,train_Client_124484,11,0
311,27/8/2016,63,train_Client_124485,11,0
101,28/12/1995,60,train_Client_124486,11,0
303,27/9/1977,62,train_Client_124487,11,0
311,31/10/2000,63,train_Client_124488,11,0
104,10/4/1995,69,train_Client_124489,11,0
304,14/2/2018,62,train_Client_12449,11,0
302,14/6/2006,62,train_Client_124490,11,0
101,6/10/1998,60,train_Client_124491,11,0
101,4/10/1978,60,train_Client_124492,11,0
311,24/10/2016,63,train_Client_124493,11,0
313,1/9/2015,63,train_Client_124496,11,0
104,21/1/2004,69,train_Client_124497,11,0
311,27/2/2017,63,train_Client_1245,11,0
107,30/6/2016,69,train_Client_12450,11,0
104,31/5/2007,69,train_Client_124503,11,0
311,7/5/1991,63,train_Client_124504,11,0
312,31/12/1990,63,train_Client_124505,11,0
101,7/4/1981,60,train_Client_124506,11,0
101,4/12/1992,60,train_Client_124507,12,0
103,14/11/2000,69,train_Client_124508,11,0
301,16/1/1984,62,train_Client_124509,11,0
309,29/10/2013,62,train_Client_124510,11,0
306,27/9/2016,63,train_Client_124511,11,0
303,18/9/1997,62,train_Client_124512,11,0
107,20/11/2015,69,train_Client_124515,11,0
101,20/5/2013,60,train_Client_124516,11,0
306,28/1/2011,63,train_Client_124517,11,0
103,25/12/1998,69,train_Client_124518,11,1
303,10/4/2018,62,train_Client_12452,11,0
312,14/3/2015,63,train_Client_124520,11,0
302,19/8/2015,62,train_Client_124521,11,0
101,30/12/1978,60,train_Client_124522,11,0
103,24/7/1992,69,train_Client_124524,11,0
101,18/10/2004,60,train_Client_124525,11,0
305,9/11/1982,62,train_Client_124526,11,0
107,7/1/2014,69,train_Client_124527,11,0
309,28/12/2016,62,train_Client_124528,11,0
107,15/5/2002,69,train_Client_124529,11,0
101,18/9/1992,63,train_Client_124531,11,0
101,14/7/2015,60,train_Client_124532,11,0
107,16/7/2013,69,train_Client_124533,11,0
104,31/12/1987,69,train_Client_124535,11,0
302,1/1/1998,62,train_Client_124536,11,0
306,19/3/2012,63,train_Client_124537,11,0
103,23/1/2010,69,train_Client_124538,12,0
107,27/5/1992,69,train_Client_124539,11,0
302,29/3/2007,62,train_Client_12454,11,0
312,5/8/2008,63,train_Client_124542,11,0
101,21/12/1993,60,train_Client_124544,11,0
104,12/5/1998,69,train_Client_124547,11,0
310,8/12/1986,62,train_Client_124548,11,0
303,31/3/2000,62,train_Client_124549,11,0
312,20/12/2000,63,train_Client_12455,11,0
311,22/7/2017,63,train_Client_124550,11,0
311,3/10/2011,63,train_Client_124551,12,0
312,31/10/2003,63,train_Client_124552,12,0
301,7/5/1990,62,train_Client_124553,11,0
307,7/6/2013,62,train_Client_124554,11,0
104,29/9/2011,69,train_Client_124555,12,0
103,26/2/2015,69,train_Client_124556,11,0
311,30/4/1992,63,train_Client_124557,11,1
103,28/10/2013,69,train_Client_124558,11,0
311,25/6/1997,63,train_Client_124559,11,0
305,18/11/1981,62,train_Client_12456,11,0
101,25/1/2008,60,train_Client_124560,11,0
104,13/6/1995,69,train_Client_124561,11,0
101,10/11/2017,60,train_Client_124562,11,0
101,25/4/2011,60,train_Client_124565,11,0
101,18/3/2017,60,train_Client_124566,11,0
310,22/11/1999,62,train_Client_124568,11,0
311,31/12/1998,63,train_Client_12457,11,0
307,17/2/1984,62,train_Client_124570,11,0
399,28/6/1982,63,train_Client_124573,11,0
101,13/1/2010,60,train_Client_124574,11,0
305,17/4/2014,62,train_Client_124575,11,0
101,28/8/2013,60,train_Client_124576,11,0
307,14/10/2002,62,train_Client_124578,11,0
104,13/8/2013,69,train_Client_124579,11,0
311,15/7/1985,63,train_Client_12458,51,0
101,30/1/2003,60,train_Client_124581,11,0
104,7/11/2013,69,train_Client_124582,11,0
101,27/10/2017,60,train_Client_124584,11,0
310,26/9/2009,62,train_Client_124586,11,0
101,2/11/2015,60,train_Client_124587,51,0
313,15/12/2015,63,train_Client_124588,11,0
101,21/5/2014,60,train_Client_124589,11,0
301,3/6/1987,62,train_Client_12459,11,0
101,20/10/2008,60,train_Client_124591,11,0
104,20/6/2011,69,train_Client_124593,11,0
305,23/3/1983,62,train_Client_124598,11,0
311,6/4/2015,63,train_Client_124599,11,0
101,20/2/2011,60,train_Client_12460,11,0
101,15/2/1999,60,train_Client_124600,11,0
306,29/12/1986,63,train_Client_124601,11,0
101,4/2/2014,60,train_Client_124602,11,0
371,18/4/2015,62,train_Client_124603,11,0
311,25/6/2002,63,train_Client_124604,11,0
311,14/7/1998,63,train_Client_124605,11,0
101,3/1/1979,60,train_Client_124608,11,0
306,31/8/2012,63,train_Client_124609,11,0
371,19/6/1987,62,train_Client_124613,11,0
101,7/4/1995,60,train_Client_124614,11,0
103,14/6/2006,69,train_Client_124616,11,0
310,29/1/1999,62,train_Client_124617,11,0
309,19/11/2002,62,train_Client_124618,11,0
101,24/7/2007,60,train_Client_124619,11,0
311,8/6/1998,63,train_Client_12462,11,0
313,28/6/1982,63,train_Client_124620,11,0
311,7/5/2002,63,train_Client_124621,11,0
101,29/5/1995,60,train_Client_124623,11,0
101,26/9/2014,60,train_Client_124625,11,0
104,26/8/1998,69,train_Client_124627,11,0
101,28/11/2011,60,train_Client_124628,11,0
306,21/10/2003,63,train_Client_12463,11,0
104,8/10/2003,69,train_Client_124632,11,0
103,23/10/2003,69,train_Client_124637,11,0
306,26/6/2012,63,train_Client_124638,11,0
107,27/6/2007,69,train_Client_124639,11,0
305,18/10/2008,62,train_Client_124640,11,0
312,31/10/2003,63,train_Client_124641,11,0
101,2/7/2012,60,train_Client_124642,11,0
305,15/9/2011,62,train_Client_124644,51,0
107,2/12/2014,69,train_Client_124645,11,0
101,4/6/2015,60,train_Client_124646,11,0
301,26/4/2010,62,train_Client_124647,11,0
101,9/12/1978,60,train_Client_124648,11,0
101,9/6/2009,60,train_Client_124649,11,0
305,11/6/2001,62,train_Client_12465,11,1
101,17/12/1999,60,train_Client_124650,11,0
379,30/1/2009,63,train_Client_124654,11,0
105,27/4/2004,69,train_Client_124655,11,0
312,29/1/2004,63,train_Client_124657,11,1
301,16/2/2016,62,train_Client_124658,11,0
302,17/10/2015,62,train_Client_124659,11,0
311,28/12/2010,63,train_Client_12466,11,0
107,25/12/1998,69,train_Client_124660,11,0
311,18/5/2016,63,train_Client_124662,11,0
103,16/10/2012,69,train_Client_124663,11,0
313,9/1/2010,63,train_Client_124665,11,0
302,21/11/1981,62,train_Client_124666,11,0
303,15/5/2006,62,train_Client_124667,11,0
104,6/1/2014,69,train_Client_124668,11,0
309,28/12/2016,62,train_Client_124669,11,0
303,27/11/1990,62,train_Client_12467,11,0
101,5/5/2000,60,train_Client_124670,11,0
101,11/9/2013,60,train_Client_124672,11,0
101,16/4/2008,60,train_Client_124673,11,0
101,12/1/2009,60,train_Client_124674,11,0
101,31/12/1995,60,train_Client_124675,11,0
101,8/12/1995,60,train_Client_124676,11,0
307,9/10/1987,62,train_Client_124677,11,0
101,21/5/2003,60,train_Client_124678,12,0
371,5/12/2011,62,train_Client_124679,11,0
101,28/5/2002,63,train_Client_124680,11,0
101,3/10/1979,60,train_Client_124682,11,0
371,3/1/2017,62,train_Client_124683,51,0
313,22/4/2015,63,train_Client_124684,11,0
303,21/7/1980,62,train_Client_124685,11,0
302,26/6/2008,62,train_Client_124686,11,1
105,24/3/1989,69,train_Client_124687,11,0
306,30/6/1994,63,train_Client_124688,11,0
305,31/5/1996,62,train_Client_124689,11,1
307,19/4/2005,62,train_Client_124691,11,1
307,4/7/2015,62,train_Client_124692,11,0
107,16/12/2016,69,train_Client_124694,11,0
302,6/12/2011,62,train_Client_124696,11,0
312,22/1/2013,63,train_Client_124697,11,0
305,2/10/2018,62,train_Client_124698,11,0
313,17/10/1988,63,train_Client_124699,11,0
101,1/6/2006,60,train_Client_1247,11,1
302,6/11/2018,62,train_Client_12470,11,0
313,6/11/2015,63,train_Client_124700,11,0
107,9/5/2016,69,train_Client_124701,11,0
101,28/6/2007,60,train_Client_124702,11,0
101,10/10/2013,60,train_Client_124704,11,0
107,9/12/2013,69,train_Client_124706,11,0
307,7/5/2010,62,train_Client_124707,11,0
309,14/12/2006,62,train_Client_124708,11,0
101,30/11/1984,60,train_Client_124709,11,0
107,31/12/1990,69,train_Client_124710,11,0
104,2/10/1996,69,train_Client_124712,11,0
302,29/3/2004,62,train_Client_124713,11,0
104,21/1/2013,69,train_Client_124714,11,0
306,31/12/2003,63,train_Client_124715,11,0
101,18/6/2013,60,train_Client_124716,11,0
104,19/7/2017,69,train_Client_124717,11,0
101,3/11/2010,60,train_Client_12472,11,0
106,14/2/2017,69,train_Client_124722,11,0
312,27/7/2010,63,train_Client_124723,11,0
101,13/3/2007,60,train_Client_124724,11,0
313,29/10/2010,63,train_Client_124725,11,0
101,7/1/2009,63,train_Client_124727,11,0
301,21/8/1989,62,train_Client_12473,11,0
302,24/2/2011,62,train_Client_124730,11,1
311,24/8/2016,63,train_Client_124731,11,0
101,30/11/2006,60,train_Client_124732,11,0
301,30/6/2003,62,train_Client_124734,11,0
308,5/10/2016,63,train_Client_124735,11,0
101,24/11/2000,60,train_Client_124736,11,0
105,10/6/2011,69,train_Client_124737,11,0
107,27/10/1997,69,train_Client_124739,11,1
103,12/7/2002,69,train_Client_12474,11,0
311,28/11/2007,63,train_Client_124740,11,0
313,5/11/2010,63,train_Client_124742,11,0
310,18/10/2010,62,train_Client_124743,11,0
301,9/9/2013,62,train_Client_124744,11,0
101,8/8/2007,60,train_Client_124745,11,0
104,16/6/2015,69,train_Client_124746,11,0
101,9/12/1978,60,train_Client_124747,11,0
101,7/3/2008,60,train_Client_124749,11,0
105,14/7/1999,69,train_Client_12475,11,0
305,25/10/2007,62,train_Client_124750,11,0
307,28/12/1986,62,train_Client_124752,11,0
303,21/11/1990,62,train_Client_124753,11,0
310,5/3/2018,62,train_Client_124754,11,0
101,28/12/2016,60,train_Client_124755,11,0
107,17/7/1987,69,train_Client_124756,11,0
104,23/2/2001,69,train_Client_124758,11,0
103,20/2/1979,69,train_Client_124759,11,0
311,15/12/2012,63,train_Client_12476,11,0
104,26/6/2012,69,train_Client_124761,11,0
101,30/1/1982,60,train_Client_124763,11,0
303,17/3/1981,62,train_Client_124765,11,0
301,31/5/2004,62,train_Client_124766,11,0
303,13/10/2014,62,train_Client_124767,11,0
101,1/12/1993,60,train_Client_124768,11,0
310,12/4/2005,62,train_Client_124769,11,0
303,25/10/2016,62,train_Client_124771,11,0
101,29/5/2017,60,train_Client_124772,11,0
104,24/11/2015,69,train_Client_124773,51,0
303,25/10/2016,62,train_Client_124775,11,0
101,29/3/2013,60,train_Client_124776,11,0
301,28/5/2003,62,train_Client_124777,11,0
306,19/5/2011,63,train_Client_124778,11,1
101,12/7/1991,60,train_Client_12478,11,0
310,11/3/2010,62,train_Client_124780,11,0
302,25/4/1977,62,train_Client_124781,11,0
107,7/5/2009,69,train_Client_124783,11,0
104,17/8/2009,69,train_Client_124784,11,0
101,10/4/2014,60,train_Client_124785,11,0
306,9/10/2015,63,train_Client_124787,11,0
103,24/12/2008,69,train_Client_124788,11,0
107,30/3/1977,69,train_Client_124789,11,0
312,30/6/2014,63,train_Client_12479,11,0
103,27/11/2003,69,train_Client_124790,11,0
309,27/11/2014,62,train_Client_124791,11,0
101,29/3/1990,60,train_Client_124792,11,0
104,26/9/2005,69,train_Client_124793,11,0
106,19/3/1992,69,train_Client_124794,11,0
101,2/11/1979,60,train_Client_124795,11,0
303,27/8/2004,62,train_Client_124796,11,0
101,1/9/2003,60,train_Client_124797,11,0
304,29/10/2002,62,train_Client_124798,12,0
104,28/10/2002,69,train_Client_1248,11,0
372,4/9/2015,63,train_Client_124800,11,0
101,24/11/1980,60,train_Client_124801,11,0
379,14/7/2017,63,train_Client_124802,11,0
107,27/6/2001,69,train_Client_124803,11,1
101,6/2/1990,60,train_Client_124804,11,0
303,25/10/2016,62,train_Client_124806,11,0
104,11/10/2004,69,train_Client_124808,11,0
302,4/9/2013,62,train_Client_124809,11,0
107,19/9/1988,69,train_Client_12481,11,0
311,3/2/2014,63,train_Client_124810,11,0
371,8/1/2013,62,train_Client_124812,11,0
301,20/11/1996,62,train_Client_124813,11,0
104,9/12/1981,69,train_Client_124815,11,0
104,10/6/2008,69,train_Client_124816,11,0
104,24/5/2007,69,train_Client_124818,11,0
101,7/11/2016,60,train_Client_124819,11,0
101,11/6/1993,60,train_Client_124820,11,0
302,29/2/2008,62,train_Client_124821,11,0
304,26/11/2008,62,train_Client_124825,11,0
104,1/12/1994,69,train_Client_124827,11,0
309,16/11/1994,62,train_Client_124828,11,0
311,12/6/2015,63,train_Client_12483,11,0
302,25/12/1979,62,train_Client_124831,11,0
101,16/11/2007,60,train_Client_124832,11,0
104,22/10/1977,69,train_Client_124834,11,0
313,17/7/2018,63,train_Client_124835,11,0
101,29/9/1988,60,train_Client_124837,11,0
301,12/12/1978,62,train_Client_124838,11,0
101,15/8/2014,60,train_Client_124839,11,0
312,21/9/2010,63,train_Client_12484,11,0
311,6/7/2000,63,train_Client_124840,11,0
101,4/10/1996,60,train_Client_124841,11,0
311,19/9/1994,63,train_Client_124842,11,0
311,14/11/2001,63,train_Client_124843,11,0
303,6/6/2007,62,train_Client_124844,11,0
101,26/2/1987,60,train_Client_124846,11,0
311,20/10/2011,63,train_Client_124848,11,0
101,27/9/1977,60,train_Client_124849,11,0
312,20/2/2018,63,train_Client_124850,11,0
104,12/7/2014,69,train_Client_124851,11,0
307,15/3/1978,62,train_Client_124854,11,0
309,28/12/2016,62,train_Client_124855,11,0
101,4/10/2012,60,train_Client_124857,11,0
101,19/12/1997,60,train_Client_124858,11,0
107,7/5/2012,69,train_Client_12486,11,1
107,27/6/1977,69,train_Client_124860,11,0
379,17/10/1988,63,train_Client_124861,11,0
103,6/6/2012,69,train_Client_124862,11,0
372,20/4/2018,63,train_Client_124863,11,0
101,10/4/2001,63,train_Client_124864,11,0
107,29/11/2011,69,train_Client_124865,11,0
107,16/12/2005,69,train_Client_124866,11,0
101,4/1/2016,60,train_Client_124867,11,0
101,14/4/1979,60,train_Client_124868,11,0
306,15/2/2016,63,train_Client_12487,11,0
303,27/9/2011,62,train_Client_124870,11,0
101,31/12/2005,60,train_Client_124871,11,0
101,12/4/2006,60,train_Client_124872,11,0
311,4/3/1998,63,train_Client_124873,11,0
310,9/10/1985,62,train_Client_124874,11,0
101,15/7/1992,60,train_Client_124876,11,0
305,6/9/2008,62,train_Client_124877,11,0
103,21/6/2011,69,train_Client_124878,11,0
313,10/4/2014,63,train_Client_12488,11,0
106,27/1/2012,69,train_Client_124882,11,0
310,28/2/2013,62,train_Client_124884,11,0
303,14/10/2002,62,train_Client_124885,11,0
107,26/6/2007,69,train_Client_124886,11,0
101,7/11/2017,60,train_Client_124887,11,0
306,5/12/2009,63,train_Client_124888,11,1
306,21/11/1990,63,train_Client_124889,11,0
312,1/8/2007,63,train_Client_12489,11,0
303,13/12/2016,62,train_Client_124890,11,0
307,16/12/1988,62,train_Client_124892,11,0
304,21/6/2017,62,train_Client_124893,11,0
101,9/7/2008,60,train_Client_124895,11,0
104,21/6/2016,69,train_Client_124896,11,0
101,12/8/2003,60,train_Client_124897,11,0
310,21/6/2004,62,train_Client_124898,11,0
302,20/8/1991,62,train_Client_124899,12,0
304,19/5/1995,62,train_Client_1249,11,0
103,21/5/2003,69,train_Client_12490,11,0
101,18/5/2016,63,train_Client_124901,11,0
371,20/11/1996,62,train_Client_124902,11,0
104,26/1/2018,69,train_Client_124903,11,0
101,4/10/1996,60,train_Client_124905,11,0
372,1/6/2015,63,train_Client_124906,11,0
101,29/11/1977,60,train_Client_124908,11,0
104,5/6/2001,69,train_Client_12491,11,0
302,4/9/2013,62,train_Client_124910,11,0
101,18/3/2015,60,train_Client_124911,11,0
101,20/11/1992,60,train_Client_124913,11,0
306,16/4/2014,63,train_Client_124914,11,1
305,9/10/1986,62,train_Client_124915,11,0
305,11/8/1987,62,train_Client_124917,11,0
101,16/9/2009,60,train_Client_124918,11,0
311,6/1/2011,63,train_Client_124920,11,0
101,3/12/2013,60,train_Client_124921,11,0
107,20/11/2009,69,train_Client_124922,11,0
103,7/9/2011,69,train_Client_124924,11,0
101,11/7/1990,60,train_Client_124926,11,0
311,19/10/2017,63,train_Client_124929,11,0
313,17/10/2009,63,train_Client_12493,11,0
305,16/12/2014,62,train_Client_124930,11,0
101,26/3/2003,63,train_Client_124931,11,0
301,18/4/1985,62,train_Client_124933,11,0
101,20/6/2011,60,train_Client_124935,11,0
303,13/11/2017,62,train_Client_124936,11,0
312,19/11/2012,63,train_Client_124937,11,0
304,26/12/2014,62,train_Client_12494,11,0
107,13/9/2011,69,train_Client_124940,11,0
107,19/11/1996,69,train_Client_124941,11,0
304,23/11/1998,62,train_Client_124943,11,0
104,3/3/2016,69,train_Client_124944,11,0
301,27/3/1985,62,train_Client_124946,11,0
101,4/9/2014,60,train_Client_124947,11,0
311,19/3/2012,63,train_Client_124948,11,0
107,11/10/2002,69,train_Client_124949,11,0
103,8/7/2013,69,train_Client_12495,11,0
311,15/4/1986,63,train_Client_124950,11,0
104,19/6/2007,69,train_Client_124953,11,0
107,31/1/2002,69,train_Client_124954,11,0
103,15/7/2011,69,train_Client_124955,11,0
312,25/5/2009,63,train_Client_124956,11,0
101,9/10/2014,60,train_Client_124957,11,0
101,26/12/1978,60,train_Client_124958,11,0
312,1/12/2012,63,train_Client_124960,11,0
303,12/9/2002,62,train_Client_124961,11,0
371,20/9/1989,62,train_Client_124962,11,0
104,14/12/1998,69,train_Client_124963,11,0
103,15/9/2017,69,train_Client_124964,11,0
104,24/2/2017,69,train_Client_124965,11,0
310,23/10/2003,62,train_Client_124966,11,1
104,17/11/2015,69,train_Client_124967,11,0
103,16/11/1995,69,train_Client_124969,11,0
101,3/8/2012,60,train_Client_12497,11,0
206,21/10/2011,69,train_Client_124971,11,0
302,25/9/2007,62,train_Client_124972,11,1
306,25/12/2013,63,train_Client_124975,11,0
306,30/10/2003,63,train_Client_124977,11,0
313,30/11/2012,63,train_Client_124978,11,1
311,5/6/2010,63,train_Client_124982,11,0
103,19/7/2013,69,train_Client_124983,11,0
312,8/12/1992,63,train_Client_124984,11,1
301,3/10/1995,62,train_Client_124985,11,0
313,28/5/2002,63,train_Client_124987,11,0
101,1/3/2010,60,train_Client_124988,11,0
311,30/10/2001,63,train_Client_124989,11,1
104,11/6/1997,69,train_Client_124990,11,0
101,15/4/1983,60,train_Client_124991,11,0
305,8/3/2004,62,train_Client_124992,11,0
101,29/12/2006,60,train_Client_124994,11,0
107,20/2/2007,69,train_Client_124997,11,0
309,26/7/2004,62,train_Client_124998,11,0
311,2/10/2009,63,train_Client_125000,11,0
101,2/9/1983,60,train_Client_125002,11,0
101,1/6/2004,60,train_Client_125004,11,0
302,25/9/1992,62,train_Client_125006,11,0
307,24/5/1984,62,train_Client_125008,11,1
101,17/11/2017,60,train_Client_12501,11,0
107,9/6/2009,69,train_Client_125011,11,0
107,7/1/2016,69,train_Client_125012,11,0
309,25/11/2013,62,train_Client_125014,11,0
101,14/11/1985,60,train_Client_125015,11,0
105,4/10/2006,69,train_Client_125016,12,0
312,18/7/2011,63,train_Client_125018,11,0
303,25/12/2005,62,train_Client_125019,11,0
310,18/12/2002,62,train_Client_12502,11,0
309,16/9/1986,62,train_Client_125020,11,0
105,15/3/2008,69,train_Client_125022,11,0
107,19/5/2014,69,train_Client_125023,11,1
101,16/7/2002,60,train_Client_125025,11,0
305,26/12/2002,62,train_Client_125026,11,0
306,2/3/2010,63,train_Client_125027,11,0
302,8/7/1978,62,train_Client_125028,11,0
310,6/4/2012,62,train_Client_125029,11,0
107,23/9/2010,69,train_Client_12503,11,0
104,19/10/1982,69,train_Client_125031,11,0
301,29/1/2008,62,train_Client_125032,11,0
310,30/7/2014,62,train_Client_125033,11,0
311,3/10/2017,63,train_Client_125034,11,0
103,25/10/2017,69,train_Client_125038,11,0
101,24/4/2017,60,train_Client_125039,11,0
311,29/8/2016,63,train_Client_125040,11,0
101,21/10/1991,60,train_Client_125041,11,0
104,27/1/2009,69,train_Client_125043,11,0
103,29/11/2013,69,train_Client_125044,11,0
107,6/9/2011,69,train_Client_125045,11,0
101,16/3/2006,60,train_Client_125048,11,0
107,18/8/1977,69,train_Client_125049,11,0
313,19/12/2017,63,train_Client_12505,11,0
101,23/11/1999,60,train_Client_125050,11,0
310,26/9/2013,62,train_Client_125051,11,0
101,27/5/1978,60,train_Client_125055,11,0
101,9/6/1989,60,train_Client_125056,11,0
311,16/12/1986,63,train_Client_125057,11,1
311,19/10/2010,63,train_Client_125058,11,0
104,30/12/2010,69,train_Client_12506,11,0
107,4/6/2009,69,train_Client_125060,11,0
306,3/4/2010,63,train_Client_125063,11,0
105,23/9/2005,69,train_Client_125066,11,0
107,28/11/2008,69,train_Client_125067,11,0
301,19/12/1989,62,train_Client_12507,11,0
306,23/4/2018,63,train_Client_125070,11,0
107,30/11/2010,69,train_Client_125071,11,1
311,18/3/2010,63,train_Client_125073,11,0
101,31/12/1999,60,train_Client_125075,11,0
101,23/5/2013,60,train_Client_125076,11,0
311,13/6/2015,63,train_Client_125078,11,0
101,24/9/2013,60,train_Client_125079,11,0
101,12/7/1999,60,train_Client_125083,11,0
312,16/1/2018,63,train_Client_125086,11,0
307,14/11/2011,62,train_Client_125087,11,0
301,7/1/2008,62,train_Client_125089,11,0
301,7/11/1980,62,train_Client_12509,11,0
103,27/12/2011,69,train_Client_125091,11,0
306,18/12/2010,63,train_Client_125092,12,0
101,14/11/2006,60,train_Client_125093,11,0
313,2/4/2012,63,train_Client_125094,11,1
107,19/3/2013,69,train_Client_125095,11,0
104,13/7/2017,69,train_Client_125096,11,0
104,28/5/2002,69,train_Client_125097,11,0
107,30/6/2010,69,train_Client_125099,11,1
301,20/9/1990,62,train_Client_1251,11,0
312,7/11/2013,63,train_Client_12510,11,0
303,3/10/1991,62,train_Client_125100,11,0
104,25/2/2009,69,train_Client_125102,11,0
104,4/12/2013,69,train_Client_125106,11,0
104,10/4/2000,69,train_Client_125107,11,1
309,5/5/2016,62,train_Client_125108,11,0
304,25/6/2001,62,train_Client_125109,11,0
304,23/3/2010,62,train_Client_12511,11,0
301,23/12/2015,62,train_Client_125110,11,0
311,28/10/1999,63,train_Client_125111,11,0
101,22/12/2016,60,train_Client_125113,11,0
103,7/12/2015,69,train_Client_125115,11,0
101,12/7/1985,60,train_Client_125116,11,0
301,20/11/1997,62,train_Client_125117,11,0
302,6/1/2016,62,train_Client_125118,11,0
101,19/1/2018,60,train_Client_125119,11,0
103,24/2/2014,69,train_Client_12512,11,0
103,17/5/1980,69,train_Client_125122,11,0
303,24/2/2014,62,train_Client_125123,11,0
103,8/4/2015,69,train_Client_125124,11,0
104,26/12/2017,69,train_Client_125126,11,0
307,6/5/2008,62,train_Client_125127,11,0
106,9/12/1983,69,train_Client_125128,11,0
371,24/2/2003,62,train_Client_125129,11,0
101,9/11/1989,63,train_Client_12513,11,0
101,16/12/2013,60,train_Client_125131,11,0
371,28/1/1983,62,train_Client_125132,11,0
311,20/6/2017,63,train_Client_125133,11,0
312,4/10/2017,63,train_Client_125135,11,0
107,26/11/2015,69,train_Client_125137,11,0
304,16/2/2015,62,train_Client_125138,11,0
101,17/10/1980,60,train_Client_12514,11,0
101,7/11/2016,60,train_Client_125140,11,0
103,7/7/2013,69,train_Client_125141,11,0
104,25/5/2004,69,train_Client_125142,11,0
101,28/11/2011,60,train_Client_125143,11,0
103,30/8/1979,69,train_Client_125144,11,0
311,18/5/2007,63,train_Client_125145,11,0
310,18/4/2018,62,train_Client_125147,11,0
101,20/9/2011,60,train_Client_125148,11,0
104,18/10/1995,69,train_Client_125149,11,0
301,12/6/1995,62,train_Client_12515,11,0
306,23/5/1994,63,train_Client_125150,11,0
311,27/1/2011,63,train_Client_125151,11,0
303,11/11/2014,62,train_Client_125152,11,0
107,13/12/2006,69,train_Client_125155,11,1
104,14/11/1977,69,train_Client_125156,11,0
101,5/9/2013,63,train_Client_125157,11,0
301,30/12/2016,62,train_Client_125158,11,0
107,14/7/1999,69,train_Client_125159,11,0
311,30/3/2000,63,train_Client_12516,11,0
305,28/6/2017,62,train_Client_125160,11,0
101,17/12/1979,60,train_Client_125161,11,0
301,15/9/1983,62,train_Client_125163,11,0
301,12/3/2013,62,train_Client_125164,11,0
103,21/8/2017,69,train_Client_125165,11,0
101,31/1/1991,60,train_Client_125166,11,1
301,26/6/2009,62,train_Client_125167,11,0
313,17/6/2014,63,train_Client_125168,11,0
311,21/11/1995,63,train_Client_125169,11,0
103,21/12/2016,69,train_Client_125171,11,1
101,29/8/2011,60,train_Client_125172,11,0
301,25/1/2012,62,train_Client_125173,11,0
101,14/3/2007,60,train_Client_125175,11,0
312,22/1/2013,63,train_Client_125177,11,0
101,20/11/1998,60,train_Client_12518,11,0
104,31/12/2016,69,train_Client_125180,11,0
104,21/12/2013,69,train_Client_125181,11,0
303,27/11/1981,62,train_Client_125184,11,0
371,23/11/1988,62,train_Client_125186,11,0
304,26/7/1979,62,train_Client_125187,11,0
301,30/10/1998,62,train_Client_125188,11,0
101,1/10/2002,60,train_Client_12519,11,0
302,26/12/1989,62,train_Client_125191,11,0
311,17/2/2000,63,train_Client_125192,11,0
103,16/4/2014,69,train_Client_125194,11,1
104,6/1/2010,69,train_Client_125196,11,0
301,25/3/1985,62,train_Client_125198,11,0
312,23/9/2015,63,train_Client_12520,11,0
309,3/9/2015,62,train_Client_125200,11,0
101,30/6/2000,60,train_Client_125202,11,0
313,30/11/2012,63,train_Client_125203,11,1
302,24/11/2011,62,train_Client_125205,11,0
101,5/4/2010,60,train_Client_125207,11,0
103,9/6/2007,69,train_Client_125208,11,0
104,5/12/2003,69,train_Client_125209,11,0
303,5/9/2013,62,train_Client_125211,11,0
104,3/12/2009,69,train_Client_125212,11,0
107,12/4/1989,69,train_Client_125217,11,0
310,31/12/1983,62,train_Client_125219,11,0
303,29/3/1980,62,train_Client_12522,11,0
306,22/6/2006,63,train_Client_125220,11,0
101,16/12/1981,60,train_Client_125221,11,0
103,14/9/2009,69,train_Client_125222,11,0
302,17/9/2002,62,train_Client_125226,11,0
302,29/5/2001,62,train_Client_125227,11,0
101,30/1/2010,60,train_Client_125228,11,0
304,24/5/1980,62,train_Client_12523,11,0
107,6/6/2017,69,train_Client_125230,11,0
311,28/11/1988,63,train_Client_125232,11,1
311,22/12/1998,63,train_Client_125234,11,1
313,3/12/2016,63,train_Client_125235,11,0
307,12/4/2007,62,train_Client_125236,12,1
301,14/3/1977,62,train_Client_125238,11,0
379,31/12/2004,63,train_Client_125240,11,0
302,31/12/1977,62,train_Client_125241,11,0
302,27/8/2016,62,train_Client_125244,11,0
101,18/2/2009,60,train_Client_125245,11,0
305,20/11/1997,62,train_Client_125247,11,0
101,22/4/1998,60,train_Client_125249,11,0
107,2/12/2014,69,train_Client_12525,11,1
301,9/1/2015,62,train_Client_125252,11,0
101,19/12/1996,60,train_Client_125253,11,0
101,27/5/2016,60,train_Client_125255,11,0
103,31/1/2019,69,train_Client_125256,11,0
305,25/6/2016,62,train_Client_125257,11,0
306,31/12/1985,63,train_Client_125258,11,0
372,10/11/2011,63,train_Client_125259,11,0
101,27/12/2013,60,train_Client_12526,51,0
101,16/3/2017,60,train_Client_125261,11,0
101,21/12/2004,60,train_Client_125262,11,0
101,19/5/1998,60,train_Client_125263,11,0
301,22/4/2017,62,train_Client_125266,51,0
301,19/4/1999,62,train_Client_125267,11,0
303,10/10/2011,62,train_Client_12527,11,0
103,16/12/2005,69,train_Client_125270,11,0
371,8/12/2005,62,train_Client_125271,11,0
104,16/1/2014,69,train_Client_125272,11,0
101,12/2/1993,60,train_Client_125273,51,0
101,17/9/1986,60,train_Client_125275,11,0
101,10/12/2009,60,train_Client_125276,11,0
103,5/12/2007,69,train_Client_125277,11,0
309,14/3/1995,62,train_Client_125279,11,0
101,10/6/2008,60,train_Client_12528,11,0
305,17/1/2002,62,train_Client_125280,11,0
101,3/4/1987,63,train_Client_125281,11,0
107,21/12/2015,69,train_Client_125282,11,0
303,11/6/2012,62,train_Client_125283,11,0
311,23/1/2008,63,train_Client_125284,11,0
101,29/1/1980,60,train_Client_125285,12,0
103,23/5/1995,69,train_Client_125286,11,0
306,2/8/2016,63,train_Client_125288,11,0
371,12/10/1983,62,train_Client_125289,11,0
101,28/9/1994,60,train_Client_12529,11,0
311,10/10/1989,63,train_Client_125290,11,0
101,22/1/2014,60,train_Client_125291,11,0
101,27/8/1987,60,train_Client_125293,11,0
306,11/6/1979,63,train_Client_125294,11,0
311,29/8/2011,63,train_Client_125297,11,0
104,17/5/1994,69,train_Client_125298,11,0
101,25/5/1999,60,train_Client_125299,11,0
311,2/5/2000,63,train_Client_1253,11,0
104,19/10/1982,69,train_Client_12530,11,0
312,20/11/2009,63,train_Client_125301,11,0
101,18/9/2007,60,train_Client_125302,11,0
101,30/12/1978,60,train_Client_125303,11,0
309,13/5/2002,62,train_Client_125304,11,0
303,20/11/1997,62,train_Client_125305,11,0
301,17/9/1985,62,train_Client_125306,11,0
104,5/4/2007,69,train_Client_125307,11,0
103,19/5/2018,69,train_Client_125308,11,0
310,15/12/1986,62,train_Client_125309,11,0
312,21/5/2014,63,train_Client_125310,11,0
309,14/12/2012,62,train_Client_125312,12,0
101,23/7/2013,60,train_Client_125313,11,0
104,3/7/2014,69,train_Client_125314,11,0
310,13/12/2004,62,train_Client_125315,11,0
301,30/12/2003,62,train_Client_125316,11,0
310,1/1/1998,62,train_Client_125317,11,0
104,24/12/2009,69,train_Client_125319,11,0
313,12/9/2011,63,train_Client_125320,11,0
311,31/10/2003,63,train_Client_125321,11,0
306,24/5/1991,63,train_Client_125322,11,0
105,22/4/2004,69,train_Client_125323,11,0
303,15/3/1993,62,train_Client_125324,11,0
301,5/11/2007,62,train_Client_125325,11,0
303,7/6/2011,62,train_Client_125326,11,0
101,22/3/1988,60,train_Client_125328,11,0
101,26/11/2001,60,train_Client_125329,11,0
309,29/11/1983,62,train_Client_125330,11,1
103,27/8/1993,69,train_Client_125331,11,0
311,11/3/2014,63,train_Client_125332,11,0
301,19/3/1999,62,train_Client_125336,11,0
107,8/4/2009,69,train_Client_125337,11,0
105,7/12/1987,69,train_Client_125339,11,0
103,16/8/2001,69,train_Client_12534,11,0
307,9/10/2006,62,train_Client_125340,11,0
379,14/7/2017,63,train_Client_125342,11,0
302,8/12/1986,62,train_Client_125344,11,0
104,31/12/2000,69,train_Client_125346,11,0
107,1/8/2013,69,train_Client_125348,11,1
101,27/3/2013,60,train_Client_125349,11,0
304,5/3/1980,62,train_Client_12535,11,0
310,27/12/2008,62,train_Client_125351,11,0
104,19/11/2010,69,train_Client_125352,11,1
310,31/12/2007,62,train_Client_125354,11,0
101,5/7/1993,60,train_Client_125355,11,0
101,28/9/2005,60,train_Client_125356,11,0
301,21/11/1981,62,train_Client_125359,11,0
311,24/8/2016,63,train_Client_12536,11,0
304,16/10/2003,62,train_Client_125360,11,0
310,16/10/2000,62,train_Client_125363,11,0
101,27/12/2004,60,train_Client_125364,11,0
101,16/10/2014,60,train_Client_125366,11,0
312,2/6/2014,63,train_Client_125367,11,0
379,20/9/2011,63,train_Client_125368,11,0
301,7/9/2011,62,train_Client_125369,11,0
101,1/11/1991,63,train_Client_12537,11,0
311,28/12/2017,63,train_Client_125371,11,0
107,9/2/1988,69,train_Client_125373,11,0
302,11/3/2015,62,train_Client_125374,11,0
311,21/3/2017,63,train_Client_125376,11,0
372,8/10/2010,63,train_Client_125377,11,0
303,8/6/2007,62,train_Client_125378,11,0
101,30/6/1979,60,train_Client_125380,11,0
101,11/6/2015,60,train_Client_125381,11,0
306,15/7/1985,63,train_Client_125382,11,0
379,20/2/2010,63,train_Client_125385,11,0
101,21/11/2006,60,train_Client_125388,11,0
104,7/6/2004,69,train_Client_125389,11,0
101,31/5/2016,60,train_Client_125390,11,0
305,5/9/2005,62,train_Client_125393,11,0
302,26/12/2014,62,train_Client_125394,11,0
101,2/2/2010,60,train_Client_125395,11,0
311,4/4/2007,63,train_Client_125398,11,0
301,22/10/2004,62,train_Client_1254,11,0
107,11/5/1984,69,train_Client_12540,11,0
303,30/12/1997,62,train_Client_125401,11,0
104,16/11/1981,69,train_Client_125403,11,0
304,24/2/2017,62,train_Client_125404,11,0
305,15/1/2018,62,train_Client_125405,11,0
311,17/9/2002,63,train_Client_125407,11,0
104,21/5/1987,69,train_Client_125408,11,0
307,9/5/2000,62,train_Client_125409,11,0
107,13/9/2008,69,train_Client_12541,11,0
107,11/3/2016,69,train_Client_125410,11,0
301,30/9/2016,62,train_Client_125412,11,0
107,14/11/1985,69,train_Client_125413,11,0
104,9/10/2000,69,train_Client_125414,11,0
104,16/9/2016,69,train_Client_125416,11,0
303,17/3/1981,62,train_Client_125419,12,0
101,29/2/2000,60,train_Client_125424,11,0
104,12/11/2013,69,train_Client_125425,11,0
104,10/11/1993,69,train_Client_125429,11,0
103,25/9/2010,69,train_Client_12543,11,0
303,22/8/2017,62,train_Client_125430,11,0
302,5/3/2010,62,train_Client_125433,11,0
311,18/2/2016,63,train_Client_125434,11,0
105,20/10/1999,69,train_Client_125435,11,0
101,22/4/2005,60,train_Client_125437,11,0
103,17/8/1994,69,train_Client_125439,11,0
311,28/3/2011,63,train_Client_12544,11,0
312,3/11/2007,63,train_Client_125440,11,0
311,27/9/2017,63,train_Client_125442,11,0
307,24/10/2011,62,train_Client_125443,11,0
311,25/3/1999,63,train_Client_125445,11,0
306,18/8/2008,63,train_Client_125446,11,0
306,29/3/2001,63,train_Client_125448,11,0
104,3/2/2017,69,train_Client_125449,11,0
103,3/11/2014,69,train_Client_125450,11,0
312,21/10/1991,63,train_Client_125451,11,0
107,21/9/2011,69,train_Client_125453,11,0
101,15/5/2013,60,train_Client_125454,11,0
302,19/5/1998,62,train_Client_125455,11,0
305,12/6/2013,62,train_Client_125456,11,1
310,5/3/2015,62,train_Client_125457,11,0
104,22/9/1993,69,train_Client_12546,51,0
103,22/11/2012,69,train_Client_125460,11,0
310,29/5/2018,62,train_Client_125461,11,0
310,4/12/2010,62,train_Client_125464,11,0
306,6/6/1986,63,train_Client_125465,11,0
301,20/6/2015,62,train_Client_125466,11,0
311,11/2/2015,63,train_Client_125469,11,0
104,8/8/2011,69,train_Client_12547,11,0
312,14/2/2011,63,train_Client_125470,51,0
107,25/12/1986,69,train_Client_125474,11,0
311,16/5/2000,63,train_Client_125475,11,0
302,16/5/1996,62,train_Client_125476,11,0
301,27/11/1992,62,train_Client_125479,11,0
107,11/10/2002,69,train_Client_125483,11,0
306,17/11/1993,63,train_Client_125484,11,0
302,25/12/1978,62,train_Client_125486,11,0
301,5/11/1991,62,train_Client_125489,11,0
104,12/5/1998,69,train_Client_12549,11,0
311,4/10/1995,63,train_Client_125490,11,1
101,30/6/1990,60,train_Client_125491,11,0
301,5/7/1996,62,train_Client_125493,11,0
103,14/11/2015,69,train_Client_125495,11,0
107,28/11/2011,69,train_Client_125497,11,0
312,5/12/2016,63,train_Client_125498,11,0
101,2/3/2004,60,train_Client_125499,12,0
301,18/9/2010,62,train_Client_1255,11,0
311,12/3/2010,63,train_Client_12550,11,0
304,22/8/1979,62,train_Client_125501,11,0
206,21/10/2011,69,train_Client_125502,11,0
103,20/11/2017,69,train_Client_125506,51,0
306,4/4/2015,63,train_Client_125507,11,0
312,4/4/2017,63,train_Client_125508,11,0
309,18/11/1983,62,train_Client_125509,11,0
306,19/8/2017,63,train_Client_125510,11,0
103,10/9/2009,69,train_Client_125512,11,0
107,28/11/2008,69,train_Client_125513,11,0
312,9/3/2015,63,train_Client_125515,11,0
101,30/12/2016,60,train_Client_125516,11,0
302,12/11/1979,62,train_Client_125517,11,0
306,7/6/2002,63,train_Client_125519,11,0
306,9/12/2015,63,train_Client_12552,11,0
101,1/11/2000,60,train_Client_125520,11,0
104,27/5/2005,69,train_Client_125522,11,0
311,28/4/2015,63,train_Client_125523,11,0
107,15/2/2013,69,train_Client_125526,11,0
310,30/11/2005,62,train_Client_125528,11,0
104,25/3/1997,69,train_Client_125529,11,0
101,29/4/2016,60,train_Client_12553,11,0
103,8/4/1987,69,train_Client_125530,11,0
101,17/10/2012,60,train_Client_125533,11,0
103,24/9/2016,69,train_Client_125534,11,0
101,18/9/2002,60,train_Client_125535,11,0
105,19/9/2007,69,train_Client_125536,12,0
302,26/1/2009,62,train_Client_125537,11,0
311,6/6/2018,63,train_Client_125538,11,0
101,14/2/2003,60,train_Client_125539,11,0
307,22/1/2014,62,train_Client_12554,11,0
107,19/7/2017,69,train_Client_125543,11,0
103,18/6/2016,69,train_Client_125545,11,0
312,3/7/2007,63,train_Client_125546,11,0
101,17/8/2011,60,train_Client_125547,11,0
101,10/1/2010,60,train_Client_125548,11,0
103,3/10/2009,69,train_Client_12555,11,0
312,15/3/2016,63,train_Client_125550,11,0
101,7/4/1981,60,train_Client_125551,11,0
302,11/12/2017,62,train_Client_125552,11,0
302,10/2/1995,62,train_Client_125553,11,0
302,19/12/1996,62,train_Client_125554,11,0
107,29/5/2002,69,train_Client_125555,11,0
103,14/6/2016,69,train_Client_125556,11,0
103,6/9/2010,69,train_Client_125557,11,0
103,7/9/2011,69,train_Client_125558,11,0
101,19/1/2018,60,train_Client_125559,11,0
101,10/6/1993,60,train_Client_12556,11,0
107,3/4/2012,69,train_Client_125562,11,0
306,3/7/2018,63,train_Client_125563,11,0
107,5/9/2011,69,train_Client_125564,11,0
104,31/8/1977,69,train_Client_125565,11,0
306,14/12/2010,63,train_Client_125566,11,0
101,13/2/2012,60,train_Client_125567,11,1
311,26/8/2009,63,train_Client_125569,11,0
101,2/7/2014,60,train_Client_125570,11,0
101,15/9/1983,60,train_Client_125571,11,0
101,13/10/2009,60,train_Client_125574,11,0
310,20/11/1997,62,train_Client_125577,11,0
101,22/6/2000,60,train_Client_125578,11,0
101,14/10/2008,63,train_Client_12558,11,0
107,7/1/2014,69,train_Client_125580,11,0
103,17/8/2017,69,train_Client_125581,11,0
308,22/9/2015,63,train_Client_125582,11,0
104,13/12/1993,69,train_Client_125583,11,0
101,11/12/1986,60,train_Client_125584,11,0
107,11/12/2007,69,train_Client_125585,11,0
104,13/8/2013,69,train_Client_125586,11,0
101,23/5/1990,60,train_Client_125587,11,0
101,10/2/1993,60,train_Client_125588,11,0
101,12/9/1981,60,train_Client_125589,11,1
101,21/6/2005,60,train_Client_12559,11,0
304,27/10/2015,62,train_Client_125590,11,0
310,8/3/2012,62,train_Client_125591,11,0
101,16/10/2012,60,train_Client_125592,11,0
313,3/3/2012,63,train_Client_125593,11,0
103,29/12/2006,69,train_Client_125595,11,0
101,31/7/1992,60,train_Client_125596,11,0
310,17/6/2017,62,train_Client_125597,11,0
304,12/11/2013,62,train_Client_12560,11,0
309,30/5/1986,62,train_Client_125600,11,0
101,16/6/2008,60,train_Client_125602,11,0
371,27/9/2007,62,train_Client_125604,11,0
104,7/12/2012,69,train_Client_125605,11,0
371,10/4/2012,62,train_Client_125608,11,0
312,3/12/2014,63,train_Client_125609,11,0
307,4/11/2016,62,train_Client_12561,11,0
101,2/6/2017,60,train_Client_125611,11,0
313,16/12/1987,63,train_Client_125612,11,0
303,12/2/2008,62,train_Client_125613,11,0
310,31/3/2010,62,train_Client_125614,11,0
301,7/8/2002,62,train_Client_125615,11,0
101,13/6/2007,60,train_Client_125616,11,0
101,27/12/1989,60,train_Client_125617,11,0
309,14/2/2008,62,train_Client_125618,11,0
101,8/10/2004,60,train_Client_125620,11,0
301,12/12/2011,62,train_Client_125622,11,0
101,4/7/1978,60,train_Client_125624,11,0
103,31/8/1977,69,train_Client_125625,11,0
371,15/11/1989,62,train_Client_125627,11,1
311,5/2/2004,63,train_Client_125628,11,0
303,7/2/2002,62,train_Client_12563,11,0
101,4/9/2000,60,train_Client_125631,11,0
301,19/7/2013,62,train_Client_125632,11,0
312,19/11/2018,63,train_Client_125633,11,0
101,22/6/2000,60,train_Client_125637,11,0
101,28/11/1989,60,train_Client_125638,11,0
305,21/12/1983,62,train_Client_125639,11,1
301,16/12/1997,62,train_Client_125641,11,0
107,19/11/2015,69,train_Client_125643,11,1
101,11/10/1995,60,train_Client_125644,11,0
101,7/12/1998,60,train_Client_125645,11,0
106,7/9/1977,69,train_Client_125647,11,0
104,23/12/1988,69,train_Client_125648,11,0
311,8/7/2015,63,train_Client_125649,11,0
101,1/3/2006,60,train_Client_12565,11,0
101,4/1/2016,60,train_Client_125650,11,0
371,18/9/1997,62,train_Client_125651,11,0
304,26/12/2000,62,train_Client_125652,11,0
104,24/12/2011,69,train_Client_125653,51,0
103,6/6/2005,69,train_Client_125654,11,0
103,26/2/2015,69,train_Client_125655,11,0
303,7/10/2015,62,train_Client_125656,11,0
303,18/4/2007,62,train_Client_125658,11,0
103,19/7/2013,69,train_Client_125661,11,1
303,23/5/1995,62,train_Client_125664,11,0
312,29/12/2011,63,train_Client_125665,11,0
101,5/5/1997,60,train_Client_125666,11,0
101,2/10/2009,60,train_Client_125667,11,0
302,18/11/2009,62,train_Client_125668,11,0
302,11/7/2008,62,train_Client_125669,11,0
101,13/5/2017,60,train_Client_12567,11,0
101,31/12/1985,60,train_Client_125670,11,0
101,18/6/1991,60,train_Client_125676,11,0
311,22/11/2000,63,train_Client_125677,11,0
101,12/8/2003,60,train_Client_125678,11,0
101,11/9/2015,60,train_Client_125679,11,0
306,16/3/2007,63,train_Client_12568,11,0
101,16/4/2004,60,train_Client_125680,11,0
311,27/6/2008,63,train_Client_125681,11,0
101,14/3/1978,60,train_Client_125682,11,0
107,25/10/2004,69,train_Client_125683,11,0
310,17/3/1979,62,train_Client_125684,11,0
104,22/4/2009,69,train_Client_125686,11,1
302,8/1/2008,62,train_Client_125689,11,0
309,9/10/2000,62,train_Client_12569,11,0
101,25/9/2009,60,train_Client_125690,11,0
302,4/6/2015,62,train_Client_125691,11,0
103,31/7/2007,69,train_Client_125692,11,0
101,6/11/2012,60,train_Client_125694,11,0
301,13/3/2013,62,train_Client_125695,11,0
312,20/5/2014,63,train_Client_125698,11,0
101,7/12/1998,63,train_Client_1257,11,1
101,1/6/2012,60,train_Client_12570,11,0
101,30/11/1990,60,train_Client_125700,11,0
303,7/9/2009,62,train_Client_125701,12,0
301,9/1/1985,62,train_Client_125703,11,0
303,3/11/2006,62,train_Client_125705,11,1
305,6/12/2010,62,train_Client_125706,11,0
101,24/7/1986,60,train_Client_125707,11,0
101,10/2/1977,60,train_Client_125709,11,0
101,10/11/1995,60,train_Client_12571,11,0
309,21/1/2002,62,train_Client_125710,11,0
304,13/10/1980,62,train_Client_125713,12,0
101,20/2/2012,60,train_Client_125714,11,0
107,12/12/2008,69,train_Client_125715,11,0
307,16/9/2015,62,train_Client_125717,11,0
310,25/12/2005,62,train_Client_125718,11,0
305,1/4/1986,62,train_Client_12572,11,0
101,15/3/1995,60,train_Client_125720,11,0
104,26/12/2007,69,train_Client_125721,11,0
101,4/3/2008,60,train_Client_125724,11,0
101,23/5/2011,60,train_Client_125726,11,0
371,15/12/1992,62,train_Client_125727,11,0
301,27/2/2003,62,train_Client_125728,11,0
371,27/1/2018,62,train_Client_125729,11,0
103,20/12/2012,69,train_Client_12573,11,0
306,26/10/1993,63,train_Client_125730,11,0
301,26/6/2002,62,train_Client_125732,11,0
107,9/10/2013,69,train_Client_125734,11,0
101,28/12/2015,60,train_Client_125735,11,0
101,29/9/1995,60,train_Client_125736,11,1
311,21/8/2007,63,train_Client_125737,11,1
310,12/10/2012,62,train_Client_125738,11,0
302,31/12/1997,62,train_Client_125739,11,0
101,10/10/2012,60,train_Client_12574,11,0
302,13/5/1981,62,train_Client_125740,11,0
105,3/2/2014,69,train_Client_125741,11,0
311,16/12/1996,63,train_Client_125743,11,0
303,19/10/2011,62,train_Client_125744,11,0
101,11/1/2017,60,train_Client_125748,11,1
309,30/11/2009,62,train_Client_125749,11,0
101,22/11/2008,60,train_Client_125750,11,0
379,8/12/2012,63,train_Client_125755,11,0
101,1/12/2004,60,train_Client_125756,11,0
311,29/5/2012,63,train_Client_125757,11,0
101,7/4/1981,60,train_Client_125758,11,0
101,6/9/2007,60,train_Client_125759,11,0
313,12/4/2016,63,train_Client_125760,11,0
103,10/5/2014,69,train_Client_125763,11,0
104,4/11/2011,69,train_Client_125764,11,0
106,4/11/2014,69,train_Client_125765,11,0
301,8/12/1992,62,train_Client_125767,11,0
101,11/2/2017,60,train_Client_125768,11,0
104,28/8/2010,69,train_Client_125769,11,0
101,8/7/2014,60,train_Client_125770,11,0
303,4/4/2014,62,train_Client_125771,11,0
379,15/2/2014,63,train_Client_125772,11,0
306,16/4/2014,63,train_Client_125773,11,0
101,22/12/1992,60,train_Client_125775,11,0
101,16/10/2008,60,train_Client_125777,11,0
107,11/3/2014,69,train_Client_125778,11,0
301,21/10/2014,62,train_Client_125779,11,0
303,9/6/1987,62,train_Client_125780,11,0
309,14/5/2014,62,train_Client_125782,11,0
301,17/7/2013,62,train_Client_125785,11,1
101,23/6/1982,60,train_Client_125786,11,0
101,31/12/1991,60,train_Client_125787,11,0
310,24/5/1980,62,train_Client_125788,11,0
302,25/9/2002,62,train_Client_125789,11,0
303,8/11/1977,62,train_Client_125792,11,0
101,8/9/2003,60,train_Client_125793,11,0
302,22/3/1979,62,train_Client_125794,11,0
101,7/1/2013,60,train_Client_125797,11,0
101,7/1/2008,60,train_Client_12580,11,0
313,14/6/2001,63,train_Client_125800,11,0
101,18/11/1983,60,train_Client_125801,11,0
302,9/6/2011,62,train_Client_125802,11,0
307,6/3/2017,62,train_Client_125803,11,0
101,23/5/2007,60,train_Client_125804,11,0
101,13/5/1996,60,train_Client_125806,11,0
309,7/12/1988,62,train_Client_125807,11,0
107,13/12/2012,69,train_Client_125809,11,0
103,17/9/2011,69,train_Client_12581,11,0
104,30/12/2010,69,train_Client_125811,12,0
301,29/10/2004,62,train_Client_125813,11,0
104,31/7/2014,69,train_Client_125814,11,0
310,27/10/1995,62,train_Client_125816,11,0
105,9/10/2013,69,train_Client_12582,11,0
107,3/11/2017,69,train_Client_125820,11,0
101,17/3/1982,60,train_Client_125822,11,0
306,17/5/2007,63,train_Client_125824,11,0
104,26/11/1987,69,train_Client_125825,11,0
101,24/6/1994,60,train_Client_125826,11,0
302,3/9/2014,62,train_Client_12583,11,0
107,10/11/1999,69,train_Client_125830,11,0
107,26/3/2010,69,train_Client_125831,11,0
301,13/2/2018,62,train_Client_125833,11,0
302,30/10/1998,62,train_Client_125836,11,0
103,6/7/2013,69,train_Client_125838,11,0
105,29/11/1977,69,train_Client_125839,11,1
310,17/3/2005,62,train_Client_12584,11,0
101,30/6/2000,60,train_Client_125840,11,0
101,9/7/1991,60,train_Client_125841,11,0
101,31/12/1994,60,train_Client_125842,11,0
302,6/3/2018,62,train_Client_125843,11,0
104,15/12/1986,69,train_Client_125845,11,0
310,11/5/2016,62,train_Client_125846,11,0
311,6/9/2010,63,train_Client_125847,11,0
107,21/7/1992,69,train_Client_125848,11,0
301,12/3/2012,62,train_Client_125849,11,0
101,21/2/2003,60,train_Client_125850,11,0
306,24/7/1991,63,train_Client_125851,11,0
310,31/12/2016,62,train_Client_125853,11,0
105,18/3/2005,69,train_Client_125854,11,0
301,13/1/2009,62,train_Client_125855,11,0
107,11/10/1977,69,train_Client_125856,11,0
303,22/9/2010,62,train_Client_125858,11,0
303,16/11/2011,62,train_Client_125859,11,0
371,18/6/2016,62,train_Client_125861,11,0
305,22/9/1981,62,train_Client_125862,11,0
311,30/11/2005,63,train_Client_125865,11,1
101,27/10/2014,60,train_Client_125866,11,0
101,6/4/2011,63,train_Client_125867,11,1
307,31/12/1997,62,train_Client_125868,11,0
303,6/4/2009,62,train_Client_12587,11,0
311,19/10/2015,63,train_Client_125872,11,0
101,30/8/2010,60,train_Client_125873,11,0
103,7/2/1979,69,train_Client_125875,11,1
307,20/8/1991,62,train_Client_125876,11,0
103,21/5/2013,69,train_Client_125877,11,0
310,22/12/2010,62,train_Client_125878,11,0
301,11/2/2000,62,train_Client_125879,11,0
101,11/5/2012,60,train_Client_125880,11,0
311,19/11/2013,63,train_Client_125881,11,1
310,23/5/1995,62,train_Client_125882,11,0
311,16/7/2008,63,train_Client_125883,11,0
302,6/10/2014,62,train_Client_125886,11,0
310,21/4/2017,62,train_Client_125887,11,0
301,20/12/1982,62,train_Client_125889,11,0
371,23/5/1995,62,train_Client_125892,11,0
103,15/2/2008,69,train_Client_125893,11,0
107,1/6/2011,69,train_Client_125894,11,0
310,13/9/2011,62,train_Client_125895,11,0
303,3/7/1982,62,train_Client_125896,11,1
107,13/6/2001,69,train_Client_125897,11,0
311,5/9/2018,63,train_Client_1259,11,0
310,2/7/2010,62,train_Client_12590,11,0
309,18/11/1986,62,train_Client_125901,11,0
301,24/4/1986,62,train_Client_125903,11,1
101,14/11/2003,60,train_Client_125906,11,0
305,7/5/2011,62,train_Client_125909,11,0
103,16/6/2008,69,train_Client_12591,11,0
303,24/2/2003,62,train_Client_125911,11,0
301,30/10/2017,62,train_Client_125915,11,0
101,8/11/2010,60,train_Client_125918,11,0
104,10/9/1981,69,train_Client_125919,11,0
305,30/11/2000,62,train_Client_12592,11,0
312,28/12/2007,63,train_Client_125921,12,0
304,17/8/2009,62,train_Client_125922,11,0
103,1/11/2013,69,train_Client_125924,11,0
307,12/10/1987,62,train_Client_125925,11,0
311,9/1/2014,63,train_Client_125926,11,0
101,26/12/1994,60,train_Client_125928,11,0
307,8/5/2007,62,train_Client_125929,11,0
104,21/12/2007,69,train_Client_12593,11,0
101,5/2/1977,60,train_Client_125930,11,0
311,26/5/2005,63,train_Client_125931,11,0
303,30/11/1984,62,train_Client_125932,11,0
101,1/3/2011,60,train_Client_125933,11,0
303,20/10/2005,62,train_Client_125934,11,0
107,18/10/1999,69,train_Client_125935,11,0
101,17/5/2012,60,train_Client_125936,11,0
101,18/5/2010,60,train_Client_125937,11,0
303,6/10/2017,62,train_Client_12594,11,0
101,7/5/2009,60,train_Client_125940,11,0
309,26/11/2007,62,train_Client_125941,11,0
101,14/2/2003,60,train_Client_125942,12,0
107,15/6/2016,69,train_Client_125943,11,0
107,22/4/2005,69,train_Client_125944,11,0
101,15/12/2015,60,train_Client_125945,11,0
302,30/6/2004,62,train_Client_125947,11,0
302,5/8/2008,62,train_Client_125948,11,0
310,23/12/1994,62,train_Client_125949,11,1
303,6/2/1980,62,train_Client_12595,11,0
312,17/3/1981,63,train_Client_125951,11,0
306,17/6/2008,63,train_Client_125952,11,0
305,6/3/2010,62,train_Client_125955,11,0
107,8/10/2010,69,train_Client_125958,11,0
305,6/9/2014,62,train_Client_12596,11,0
313,15/9/2012,63,train_Client_125960,11,0
107,5/12/2015,69,train_Client_125962,11,0
101,9/5/2011,60,train_Client_125963,11,0
101,11/2/2017,60,train_Client_125964,11,0
301,18/12/1985,62,train_Client_125965,11,1
101,28/7/1989,60,train_Client_125966,11,0
107,14/5/2009,69,train_Client_125969,11,0
101,5/9/2013,63,train_Client_12597,11,0
303,16/11/2012,62,train_Client_125970,11,0
303,31/12/1985,62,train_Client_125971,11,0
101,26/4/2010,60,train_Client_125973,51,0
101,6/3/2012,60,train_Client_125974,11,0
101,22/7/2011,60,train_Client_125975,11,0
104,19/9/2005,69,train_Client_125976,11,0
301,21/12/1995,62,train_Client_125977,11,0
104,28/9/1992,69,train_Client_125979,11,0
101,29/5/2015,60,train_Client_125981,11,0
303,24/12/2004,62,train_Client_125982,11,0
104,4/1/2014,69,train_Client_125983,11,0
311,15/7/2017,63,train_Client_125984,11,0
101,10/12/1998,63,train_Client_125985,11,0
101,15/3/1978,60,train_Client_125989,11,0
101,11/2/2010,60,train_Client_12599,11,0
307,14/12/1998,62,train_Client_125990,11,0
302,25/10/1999,62,train_Client_125992,11,0
104,7/7/2014,69,train_Client_125994,11,0
103,10/8/2010,69,train_Client_125998,11,0
101,9/11/2018,60,train_Client_125999,11,0
104,11/8/2010,69,train_Client_126,11,0
309,7/2/2014,62,train_Client_1260,11,0
101,11/4/1997,60,train_Client_12600,11,0
101,1/9/2016,60,train_Client_126001,11,0
101,15/2/2012,60,train_Client_126002,11,0
303,16/9/2002,62,train_Client_126003,11,0
306,8/2/2006,63,train_Client_126004,11,0
107,10/12/2007,69,train_Client_126005,11,0
305,29/2/2000,62,train_Client_126008,11,1
107,25/9/1991,69,train_Client_126009,11,0
303,16/5/2016,62,train_Client_12601,11,0
312,28/4/1995,63,train_Client_126012,11,0
104,27/11/1990,69,train_Client_126014,11,0
104,23/10/2008,69,train_Client_126015,11,0
301,13/6/1994,62,train_Client_126018,11,0
312,27/4/1999,63,train_Client_126019,11,0
301,16/5/1989,62,train_Client_126021,11,0
311,19/6/1987,63,train_Client_126022,11,0
371,26/12/1993,62,train_Client_126027,11,0
103,15/12/2015,69,train_Client_126028,11,0
305,1/1/1998,62,train_Client_12603,11,0
371,3/10/2011,62,train_Client_126030,11,0
310,5/4/2011,62,train_Client_126032,11,0
303,25/10/1982,62,train_Client_126034,11,0
101,19/9/2011,60,train_Client_126035,11,0
301,29/11/2001,62,train_Client_126038,11,0
306,12/12/2012,63,train_Client_12604,11,0
101,30/4/2009,60,train_Client_126041,11,0
311,6/3/2017,63,train_Client_126044,11,0
305,2/6/2005,62,train_Client_126045,11,0
101,7/5/1997,60,train_Client_126046,11,0
103,4/12/2013,69,train_Client_126047,11,0
311,13/11/2013,63,train_Client_126048,11,0
302,24/12/1986,62,train_Client_126049,11,0
103,17/3/2015,69,train_Client_12605,11,0
101,22/10/1984,60,train_Client_126051,11,0
101,17/3/2006,60,train_Client_126053,11,0
101,10/5/1979,60,train_Client_126054,11,0
306,4/7/2014,63,train_Client_126055,11,0
101,26/3/1979,60,train_Client_126056,11,0
305,10/7/2010,62,train_Client_126057,11,0
302,21/2/2014,62,train_Client_126058,12,1
101,6/9/2014,60,train_Client_126059,11,0
101,3/12/2010,60,train_Client_12606,11,0
304,7/8/2007,62,train_Client_126061,11,0
306,31/12/2000,63,train_Client_126062,11,0
303,1/12/2016,62,train_Client_126063,11,1
301,12/6/2015,62,train_Client_126064,11,0
101,29/1/2013,60,train_Client_126065,11,0
101,12/5/2003,63,train_Client_126066,11,0
303,30/12/1997,62,train_Client_126067,11,0
104,16/4/1984,69,train_Client_126070,11,0
104,31/12/1982,69,train_Client_126074,11,0
307,6/12/1977,62,train_Client_126075,11,0
306,4/2/2016,63,train_Client_126076,11,0
301,28/12/1989,62,train_Client_126078,11,1
305,21/1/2014,62,train_Client_126079,11,0
306,12/12/1988,63,train_Client_12608,11,0
104,28/7/1981,69,train_Client_126080,11,0
101,2/11/1994,60,train_Client_126083,11,0
104,3/8/2013,69,train_Client_126084,11,0
303,28/12/2011,62,train_Client_126087,11,0
101,8/6/2010,60,train_Client_126088,11,0
307,30/5/1980,62,train_Client_126089,11,0
105,24/5/2000,69,train_Client_126090,11,0
302,2/6/2005,62,train_Client_126091,11,0
371,24/1/2008,62,train_Client_126093,11,0
311,1/3/2016,63,train_Client_126095,11,0
103,13/3/2008,69,train_Client_126096,11,0
101,10/8/1978,60,train_Client_126097,11,0
301,20/9/2013,62,train_Client_126098,11,0
101,26/11/2008,60,train_Client_126099,11,0
311,1/11/2001,63,train_Client_1261,12,0
101,14/11/1983,60,train_Client_12610,11,1
101,30/9/1996,60,train_Client_126101,11,0
104,3/3/2017,69,train_Client_126102,11,0
107,13/12/2016,69,train_Client_126103,11,0
302,22/3/1979,62,train_Client_126104,11,0
104,17/8/2000,69,train_Client_126105,11,0
101,19/10/2000,60,train_Client_126109,11,0
104,16/8/2002,69,train_Client_12611,11,0
103,12/8/2002,69,train_Client_126110,11,0
371,24/4/2012,62,train_Client_126111,11,0
104,31/8/1994,69,train_Client_126114,11,0
303,6/2/2015,62,train_Client_126115,11,0
104,17/7/1995,69,train_Client_126116,11,0
310,7/9/1998,62,train_Client_126117,11,0
101,10/11/1988,60,train_Client_126119,11,0
101,3/11/1999,63,train_Client_12612,11,0
103,16/3/1994,69,train_Client_126121,11,0
304,26/7/2014,62,train_Client_126122,11,0
310,19/1/2016,62,train_Client_126123,11,0
101,1/4/1981,60,train_Client_126124,11,0
313,11/11/1980,63,train_Client_126126,11,0
101,13/5/2010,60,train_Client_126127,11,0
101,9/12/1982,60,train_Client_126128,11,0
301,21/6/2010,62,train_Client_126129,11,0
101,4/7/1988,60,train_Client_126130,11,0
101,29/12/2016,60,train_Client_126131,11,0
311,28/9/2015,63,train_Client_126136,11,0
107,10/7/2012,69,train_Client_126137,11,0
103,23/12/2006,69,train_Client_126138,11,0
311,28/9/2015,63,train_Client_126139,11,0
302,25/11/1987,62,train_Client_126140,11,0
104,12/5/1998,69,train_Client_126141,11,0
301,19/4/1999,62,train_Client_126143,11,0
107,22/4/2014,69,train_Client_126144,11,0
302,15/12/1992,62,train_Client_126147,11,0
302,13/10/2008,62,train_Client_126148,11,0
101,9/12/2014,60,train_Client_126150,11,0
307,25/3/1985,62,train_Client_126151,11,1
101,27/9/1977,60,train_Client_126152,11,0
310,18/8/2011,62,train_Client_126153,11,0
106,14/12/2016,69,train_Client_126154,11,0
107,7/11/1984,69,train_Client_126155,11,0
301,17/10/2014,62,train_Client_126156,11,0
107,3/12/2014,69,train_Client_126158,11,0
302,8/12/1994,62,train_Client_12616,11,0
103,31/12/2005,69,train_Client_126160,11,0
302,17/11/2014,62,train_Client_126161,11,0
101,16/12/2010,60,train_Client_126162,11,0
103,4/4/2016,69,train_Client_126163,11,0
309,25/6/2012,62,train_Client_126165,11,0
309,22/7/1987,62,train_Client_126166,11,0
307,25/11/1987,62,train_Client_126168,11,0
101,8/10/2008,60,train_Client_126169,11,0
106,13/2/2018,69,train_Client_126170,11,0
101,12/11/1997,60,train_Client_126172,11,0
101,6/6/2011,60,train_Client_126173,11,0
101,26/11/2007,60,train_Client_126174,11,0
301,3/12/2014,62,train_Client_126175,11,0
101,19/5/2004,60,train_Client_126176,11,0
303,19/10/2011,62,train_Client_126177,11,0
307,27/8/2004,62,train_Client_126179,11,0
104,8/7/2014,69,train_Client_12618,11,0
307,25/1/1983,62,train_Client_126181,11,1
101,30/12/2016,60,train_Client_126182,11,0
311,26/11/2007,63,train_Client_126186,11,0
371,6/12/1990,62,train_Client_126188,11,0
101,16/8/2012,60,train_Client_126189,11,0
104,17/7/2006,69,train_Client_12619,11,0
301,30/9/1983,62,train_Client_126190,11,1
302,16/9/1986,62,train_Client_126191,11,0
312,19/9/2016,63,train_Client_126194,11,0
303,27/9/2017,62,train_Client_126195,11,0
101,14/8/1979,60,train_Client_126198,11,0
101,15/4/1997,60,train_Client_1262,11,0
301,22/5/1998,62,train_Client_12620,11,0
101,18/7/2007,60,train_Client_126201,11,0
104,11/8/2011,69,train_Client_126203,11,0
313,3/5/1991,63,train_Client_126204,11,1
303,19/2/2013,62,train_Client_126205,11,0
101,23/8/1983,60,train_Client_126206,11,0
104,4/11/2011,69,train_Client_126207,11,0
101,6/6/2011,60,train_Client_126208,11,0
306,17/5/1996,63,train_Client_126209,11,1
311,9/2/2009,63,train_Client_12621,11,0
313,21/3/2018,63,train_Client_126210,11,0
301,9/12/2011,62,train_Client_126211,11,0
101,27/12/1992,60,train_Client_126212,11,0
311,29/8/2017,63,train_Client_126213,11,0
311,6/9/2000,63,train_Client_126214,11,0
301,8/4/2015,62,train_Client_126215,11,0
379,28/12/2015,63,train_Client_126217,11,0
301,18/9/1997,62,train_Client_126219,11,0
107,26/10/2016,69,train_Client_12622,11,0
303,28/5/2015,62,train_Client_126220,11,0
303,27/5/1997,62,train_Client_126222,11,0
104,13/2/2014,69,train_Client_126223,11,0
105,10/12/2007,69,train_Client_126224,11,0
101,17/3/1979,60,train_Client_126225,11,0
310,30/6/2003,62,train_Client_126228,11,0
371,15/10/2011,62,train_Client_12623,11,0
301,16/11/2015,62,train_Client_126230,11,0
107,14/5/1996,69,train_Client_126231,11,0
107,5/12/2006,69,train_Client_126232,11,0
305,16/11/1994,62,train_Client_126233,11,0
301,19/11/2015,62,train_Client_126234,11,0
302,21/10/1999,62,train_Client_126236,11,0
311,26/8/2003,63,train_Client_126237,11,1
103,14/5/2009,69,train_Client_126238,11,0
311,21/10/2009,63,train_Client_126239,11,0
309,15/9/2010,62,train_Client_12624,11,0
107,12/12/2017,69,train_Client_126240,11,0
301,19/2/2008,62,train_Client_126241,11,0
311,1/1/1998,63,train_Client_126242,11,0
311,17/11/2008,63,train_Client_126243,11,0
107,27/8/2011,69,train_Client_126245,11,0
103,3/5/2010,69,train_Client_126247,11,0
104,31/8/1977,69,train_Client_126249,11,0
104,17/6/2013,69,train_Client_12625,11,0
311,24/11/1992,63,train_Client_126251,11,0
101,19/1/2010,60,train_Client_126252,11,0
104,17/11/2003,69,train_Client_126253,11,0
311,7/3/2011,63,train_Client_126254,11,0
303,12/6/2010,62,train_Client_126255,11,0
104,21/7/1993,69,train_Client_126258,11,0
101,28/12/2011,60,train_Client_126260,11,0
371,25/11/1987,62,train_Client_126265,11,0
303,13/3/2001,62,train_Client_126266,11,0
303,20/10/2008,62,train_Client_126267,11,0
313,13/7/2012,63,train_Client_126268,11,0
306,1/11/1991,63,train_Client_12627,11,0
103,24/5/2008,69,train_Client_126271,11,0
107,10/2/2000,69,train_Client_126272,11,0
101,2/6/2010,60,train_Client_126273,11,0
301,16/2/2015,62,train_Client_126276,11,0
104,8/9/2012,69,train_Client_126277,11,0
103,28/2/1995,69,train_Client_126279,11,0
371,12/12/2007,62,train_Client_12628,11,0
312,19/12/2012,63,train_Client_126280,11,1
101,13/3/2001,60,train_Client_126282,11,0
309,6/4/1982,62,train_Client_126283,11,0
101,18/2/1978,60,train_Client_126285,11,0
101,12/5/2008,60,train_Client_126287,11,0
301,31/10/1984,62,train_Client_126288,11,0
311,30/11/2001,63,train_Client_126289,11,0
107,29/11/1990,69,train_Client_12629,11,0
101,1/6/2007,60,train_Client_126290,11,0
310,31/1/2002,62,train_Client_126291,11,0
312,29/10/1991,63,train_Client_126293,11,0
305,6/10/1993,62,train_Client_126294,11,0
311,15/6/1993,63,train_Client_126295,11,0
305,25/8/2015,62,train_Client_126296,11,0
311,9/12/1993,63,train_Client_126297,11,0
301,16/3/1977,62,train_Client_126298,11,0
101,14/2/2013,60,train_Client_126299,11,0
307,18/7/2014,62,train_Client_1263,11,0
101,20/5/2013,60,train_Client_12630,11,0
303,2/7/2014,62,train_Client_126300,11,0
101,27/7/2001,60,train_Client_126301,11,0
311,26/12/2002,63,train_Client_126302,11,0
311,15/9/2012,63,train_Client_126303,11,0
302,19/4/1996,62,train_Client_126304,11,0
104,31/1/1997,69,train_Client_126305,11,0
101,8/11/2004,60,train_Client_126307,11,0
309,7/9/2001,62,train_Client_126308,11,0
107,25/3/1998,69,train_Client_126309,11,0
107,1/10/2016,69,train_Client_126311,11,0
301,21/10/2015,62,train_Client_126312,11,0
310,5/12/2011,62,train_Client_126313,11,0
104,18/4/2017,69,train_Client_126314,11,0
105,20/1/2009,69,train_Client_126315,11,0
107,2/12/2014,69,train_Client_126316,11,0
301,4/2/2013,62,train_Client_126317,11,1
303,23/5/2000,62,train_Client_126319,11,0
310,18/10/2007,62,train_Client_12632,11,0
101,6/9/2002,60,train_Client_126320,11,0
105,7/1/2003,69,train_Client_126322,11,0
304,22/3/1979,62,train_Client_126323,11,0
107,12/8/2010,69,train_Client_126324,11,0
304,21/9/2001,62,train_Client_126325,11,0
311,16/12/1988,63,train_Client_126326,11,0
302,12/5/1979,62,train_Client_126327,11,0
101,13/11/2013,60,train_Client_126328,11,0
305,12/12/1983,62,train_Client_126329,11,0
104,22/9/2012,69,train_Client_12633,11,0
103,18/5/2009,69,train_Client_126330,11,0
307,2/12/2013,62,train_Client_126331,11,0
101,4/12/1992,60,train_Client_126332,11,0
101,11/5/2009,60,train_Client_126334,11,0
304,28/11/2011,62,train_Client_126335,11,0
101,9/6/2006,60,train_Client_126336,11,0
105,19/10/2010,69,train_Client_126337,12,0
311,10/5/2011,63,train_Client_126341,11,0
101,23/10/2014,60,train_Client_126342,11,0
101,31/1/1992,63,train_Client_126343,11,0
309,24/5/2017,62,train_Client_126344,11,0
104,11/10/2009,69,train_Client_126345,11,0
302,25/9/2002,62,train_Client_126346,11,0
101,18/8/2017,60,train_Client_126347,11,0
103,14/7/2006,69,train_Client_126349,11,0
101,14/6/1977,60,train_Client_12635,11,0
101,29/11/1977,60,train_Client_126350,11,0
101,12/11/1981,60,train_Client_126351,11,0
104,31/12/2014,69,train_Client_126352,11,0
104,31/10/2000,69,train_Client_126353,11,0
371,13/11/2015,62,train_Client_126354,11,0
311,4/5/1992,63,train_Client_126355,11,0
306,19/3/2018,63,train_Client_126356,11,0
103,28/5/2001,69,train_Client_126359,11,0
101,6/4/1978,60,train_Client_12636,11,0
302,7/2/2009,62,train_Client_126360,11,0
107,28/11/2011,69,train_Client_126362,11,0
107,2/4/2014,69,train_Client_126363,11,0
311,7/6/2001,63,train_Client_126364,11,0
101,20/11/2013,60,train_Client_126365,11,0
312,10/12/2016,63,train_Client_126366,11,0
308,10/3/2018,63,train_Client_126367,11,0
103,10/11/1997,69,train_Client_126368,11,0
107,30/10/1998,69,train_Client_126369,11,0
101,12/9/2017,60,train_Client_12637,11,0
303,11/5/1977,62,train_Client_126370,11,0
371,27/12/1991,62,train_Client_126372,11,0
103,13/10/2015,69,train_Client_126373,11,0
101,15/12/1986,60,train_Client_126375,11,1
305,27/11/1996,62,train_Client_126376,11,0
101,6/10/1998,60,train_Client_126377,11,0
301,30/9/2004,62,train_Client_126378,11,0
311,22/12/1999,63,train_Client_12638,11,0
101,31/3/2009,60,train_Client_126380,11,0
103,7/1/2008,69,train_Client_126381,11,0
103,17/1/2014,69,train_Client_126382,11,0
101,18/9/1985,60,train_Client_126383,11,0
101,17/10/1980,60,train_Client_126385,11,0
101,17/8/2012,60,train_Client_126386,11,0
101,2/10/2003,63,train_Client_126387,11,0
306,6/5/2013,63,train_Client_126388,11,0
301,17/10/2006,62,train_Client_126391,11,0
302,9/6/2000,62,train_Client_126392,11,0
104,9/3/2000,69,train_Client_126393,11,0
309,31/8/2015,62,train_Client_126395,11,0
306,22/2/2010,63,train_Client_126398,11,0
301,31/5/2010,62,train_Client_126399,11,0
101,21/2/1991,60,train_Client_1264,11,0
308,8/11/2016,63,train_Client_12640,11,0
306,29/12/1989,63,train_Client_126401,11,0
311,30/10/2009,63,train_Client_126402,11,0
309,31/12/1994,62,train_Client_126403,11,0
303,30/4/2009,62,train_Client_126404,11,0
302,4/2/2016,62,train_Client_126405,11,0
372,12/5/2011,63,train_Client_126406,11,0
302,19/5/2011,62,train_Client_126408,11,0
311,7/4/1995,63,train_Client_126409,11,0
311,31/3/2015,63,train_Client_12641,11,0
107,29/10/1999,69,train_Client_126410,11,0
313,21/3/2013,63,train_Client_126411,11,0
103,29/1/2014,69,train_Client_126412,11,1
303,28/3/1988,62,train_Client_126413,11,0
105,5/6/2003,69,train_Client_126415,11,0
103,4/12/2012,69,train_Client_126416,11,1
107,6/2/2007,69,train_Client_126417,11,0
303,29/7/1997,62,train_Client_126418,11,0
101,25/12/1996,60,train_Client_126419,11,0
101,17/8/1995,60,train_Client_12642,11,0
312,12/2/2016,63,train_Client_126420,11,0
307,12/3/1980,62,train_Client_126421,11,0
101,27/12/1996,60,train_Client_126425,11,0
101,20/6/2013,60,train_Client_126430,11,0
101,17/10/1983,60,train_Client_126431,11,0
310,19/11/2002,62,train_Client_126433,11,0
101,21/11/1984,60,train_Client_126435,11,0
302,14/1/1987,62,train_Client_126436,12,0
379,20/10/2011,63,train_Client_126437,11,0
103,11/8/2010,69,train_Client_126438,11,0
107,24/11/2009,69,train_Client_12644,11,0
371,23/11/1988,62,train_Client_126442,11,1
306,12/10/2015,63,train_Client_126444,11,0
104,24/3/2014,69,train_Client_126445,11,0
104,28/2/2007,69,train_Client_126446,11,0
104,14/9/2018,69,train_Client_126448,11,0
101,26/12/1981,60,train_Client_126449,11,0
107,27/7/2017,69,train_Client_126451,11,0
311,30/12/1997,63,train_Client_126453,11,0
311,16/12/1996,63,train_Client_126454,11,1
312,19/9/2002,63,train_Client_126455,11,0
104,9/8/2018,69,train_Client_126457,11,0
101,5/3/2012,60,train_Client_126458,11,0
371,12/10/2012,62,train_Client_126459,11,0
307,27/3/2006,62,train_Client_126460,11,0
101,11/3/2002,60,train_Client_126461,11,0
301,22/5/1985,62,train_Client_126463,11,0
304,2/2/2018,62,train_Client_126465,11,0
103,1/3/2017,69,train_Client_126466,11,0
309,6/12/1989,62,train_Client_126468,11,0
312,30/1/2004,63,train_Client_126469,11,0
101,9/9/1993,60,train_Client_12647,11,0
103,27/6/1977,69,train_Client_126470,11,0
304,28/12/1995,62,train_Client_126473,11,0
306,18/8/2008,63,train_Client_126474,11,0
104,30/10/1998,69,train_Client_126475,11,0
306,22/12/1999,63,train_Client_126476,11,0
107,29/12/2012,69,train_Client_126477,11,0
301,24/12/1982,62,train_Client_126478,11,0
311,19/5/2016,63,train_Client_126479,11,0
101,31/7/1985,60,train_Client_12648,11,0
101,30/10/1985,60,train_Client_126484,11,0
101,19/2/2014,60,train_Client_126487,11,0
101,29/12/2012,60,train_Client_126488,11,0
311,25/2/2015,63,train_Client_12649,11,0
101,29/6/1998,60,train_Client_126490,11,0
312,31/12/2000,63,train_Client_126492,11,0
103,21/3/2014,69,train_Client_126493,11,0
310,9/5/2006,62,train_Client_126494,11,0
309,19/9/2005,62,train_Client_126496,11,0
371,17/5/1995,62,train_Client_126497,11,0
105,22/6/2016,69,train_Client_126498,11,0
101,5/5/1998,60,train_Client_126499,11,0
101,22/4/1987,63,train_Client_1265,11,0
103,20/12/2002,69,train_Client_12650,11,0
308,29/10/2015,63,train_Client_126501,11,0
105,16/12/2016,69,train_Client_126504,11,0
311,3/2/2015,63,train_Client_126507,11,0
107,14/5/2013,69,train_Client_126508,11,0
310,12/3/2011,62,train_Client_126509,11,0
306,8/6/2009,63,train_Client_126510,11,1
101,2/6/2010,60,train_Client_126511,11,0
307,21/5/2008,62,train_Client_126512,11,0
311,15/12/2012,63,train_Client_126514,11,0
104,14/10/2002,69,train_Client_126516,11,0
379,8/9/2010,63,train_Client_126517,11,0
104,28/4/2006,69,train_Client_126518,11,0
104,27/2/2007,69,train_Client_126519,11,0
104,21/10/2016,69,train_Client_126520,11,0
306,31/12/1985,63,train_Client_126522,11,0
101,24/7/2003,60,train_Client_126524,11,0
107,1/11/2013,69,train_Client_126526,11,0
307,12/9/2002,62,train_Client_126529,11,0
107,28/5/2001,69,train_Client_12653,11,0
303,1/8/2008,62,train_Client_126532,11,0
107,16/9/2003,69,train_Client_126533,11,0
303,6/10/1989,62,train_Client_126535,11,0
107,20/5/2005,69,train_Client_126536,11,0
104,9/5/2005,69,train_Client_126537,11,0
101,29/1/2013,60,train_Client_126538,11,0
104,12/6/1996,69,train_Client_126543,11,0
305,12/2/2013,62,train_Client_126545,11,0
307,20/9/2010,62,train_Client_126547,11,0
107,21/11/1983,69,train_Client_12655,11,1
308,20/11/1996,63,train_Client_126550,11,0
307,10/4/2001,62,train_Client_126553,11,0
305,23/1/1984,62,train_Client_126554,11,0
104,3/3/2015,69,train_Client_126555,11,0
302,11/10/1994,62,train_Client_126557,11,0
311,7/7/2014,63,train_Client_126558,11,0
101,30/10/2017,60,train_Client_126559,11,0
309,16/1/2013,62,train_Client_126560,11,0
313,8/10/2011,63,train_Client_126561,11,0
104,7/3/2013,69,train_Client_126562,11,0
107,17/5/2013,69,train_Client_126565,11,0
101,29/4/1985,60,train_Client_126568,11,1
311,31/3/2006,63,train_Client_126569,11,0
101,13/6/2011,60,train_Client_12657,11,0
101,29/12/2012,60,train_Client_126570,11,0
101,27/4/2015,60,train_Client_126572,11,0
103,28/11/2011,69,train_Client_126573,11,0
107,2/11/1987,69,train_Client_126574,11,0
301,30/9/1983,62,train_Client_126576,11,0
107,21/11/2005,69,train_Client_126577,11,0
304,17/2/2015,62,train_Client_126578,11,0
309,29/12/2016,62,train_Client_126579,11,0
307,23/12/2016,62,train_Client_12658,11,0
101,5/6/2008,60,train_Client_126580,11,0
309,19/3/2008,62,train_Client_126581,11,0
301,4/2/2000,62,train_Client_126583,11,0
305,3/12/2010,62,train_Client_126584,11,0
307,17/2/1988,62,train_Client_126588,11,0
104,28/11/2015,69,train_Client_126589,11,0
104,7/2/2011,69,train_Client_126591,12,0
104,27/6/2005,69,train_Client_126593,11,0
304,10/12/1985,62,train_Client_126594,11,0
301,24/12/1982,62,train_Client_126595,11,0
304,8/5/1992,62,train_Client_126597,11,0
107,23/8/2002,69,train_Client_126598,11,0
306,8/12/2011,63,train_Client_126599,11,0
103,22/8/2015,69,train_Client_1266,11,0
313,24/12/2009,63,train_Client_12660,11,0
301,26/12/1991,62,train_Client_126601,11,0
107,6/8/1998,69,train_Client_126603,11,0
310,30/6/1999,62,train_Client_126605,11,0
101,29/7/1978,60,train_Client_126606,11,0
101,28/6/2013,60,train_Client_126607,11,0
104,10/11/1989,69,train_Client_126608,11,0
372,30/11/2013,63,train_Client_12661,11,0
104,12/7/1993,69,train_Client_126610,11,0
301,20/11/2007,62,train_Client_126611,11,0
311,26/4/1995,63,train_Client_126612,11,0
304,27/10/1982,62,train_Client_126613,11,0
311,6/12/2006,63,train_Client_126614,12,1
107,22/11/2012,69,train_Client_126615,11,0
311,13/10/2010,63,train_Client_126617,11,0
310,19/11/2002,62,train_Client_126619,11,0
103,25/11/1994,69,train_Client_12662,11,0
305,31/5/2017,62,train_Client_126621,11,0
101,7/6/2014,60,train_Client_126622,11,0
107,18/6/1999,69,train_Client_126623,11,1
312,13/6/2015,63,train_Client_126626,11,0
101,29/5/2007,60,train_Client_126627,11,0
104,6/12/2012,69,train_Client_126629,11,0
303,2/10/2017,62,train_Client_126630,11,0
301,12/4/1982,62,train_Client_126633,11,0
101,23/2/2010,60,train_Client_126635,11,0
312,14/4/2010,63,train_Client_126637,11,0
103,24/10/2013,69,train_Client_126639,11,0
301,21/4/2000,62,train_Client_12664,11,0
103,27/9/2017,69,train_Client_126643,11,0
107,18/3/2016,69,train_Client_126645,11,0
302,7/6/1990,62,train_Client_126646,11,0
107,6/6/2005,69,train_Client_126648,11,1
104,30/12/2010,69,train_Client_126649,11,1
304,15/4/1988,62,train_Client_126654,11,0
101,28/9/1994,60,train_Client_126656,11,0
307,21/12/2015,62,train_Client_126657,11,0
301,5/9/2015,62,train_Client_126658,11,0
103,28/11/2011,69,train_Client_126661,11,0
306,30/6/1995,63,train_Client_126662,11,0
104,11/10/2012,69,train_Client_126663,11,0
104,17/11/2009,69,train_Client_126665,11,0
311,4/9/2015,63,train_Client_126667,11,0
301,10/5/2008,62,train_Client_126669,11,0
305,17/3/1981,62,train_Client_12667,11,0
312,24/5/2007,63,train_Client_126670,11,0
312,13/2/2009,63,train_Client_126671,11,0
104,15/5/2009,69,train_Client_126673,11,0
310,27/2/1986,62,train_Client_126674,11,1
104,22/5/1982,69,train_Client_126676,11,0
101,28/5/2002,60,train_Client_126677,12,0
304,16/5/1994,62,train_Client_126678,11,0
101,17/8/1995,63,train_Client_126679,11,0
101,19/3/1977,60,train_Client_126680,11,0
101,25/6/2012,60,train_Client_126681,11,0
101,6/11/2013,60,train_Client_126682,11,0
306,3/1/2014,63,train_Client_126684,11,0
104,16/4/2014,69,train_Client_126686,11,0
302,15/12/2010,62,train_Client_126687,11,0
101,30/1/1982,60,train_Client_126688,11,0
310,3/11/2007,62,train_Client_12669,11,0
103,1/11/2013,69,train_Client_126691,11,1
101,31/12/1981,60,train_Client_126693,11,0
104,21/5/2002,69,train_Client_126694,11,0
371,31/8/2007,62,train_Client_126695,11,0
303,17/3/1981,62,train_Client_126696,11,0
311,23/11/2011,63,train_Client_126698,11,0
104,13/7/2018,69,train_Client_126699,11,0
307,18/12/1985,62,train_Client_12670,11,0
306,29/9/2007,63,train_Client_126700,11,0
101,6/7/1988,60,train_Client_126703,11,0
311,16/8/1990,63,train_Client_126704,11,0
301,18/6/2007,62,train_Client_126705,11,0
104,23/6/2014,69,train_Client_126706,11,0
101,12/7/2013,60,train_Client_126707,11,0
307,27/10/1993,62,train_Client_126708,11,0
101,29/9/1995,60,train_Client_126709,11,0
101,6/6/2009,60,train_Client_12671,11,0
101,26/11/1980,60,train_Client_126710,11,0
107,13/4/2009,69,train_Client_126711,11,0
307,18/5/1984,62,train_Client_126712,11,0
301,31/12/1977,62,train_Client_126713,11,0
306,5/10/2016,63,train_Client_126715,11,0
107,1/11/2013,69,train_Client_126716,11,0
311,9/6/2018,63,train_Client_126717,11,0
301,2/10/1995,62,train_Client_126718,11,0
101,30/6/1990,60,train_Client_12672,11,0
101,28/9/2012,60,train_Client_126720,11,0
304,6/10/1989,62,train_Client_126721,11,0
301,5/9/2008,62,train_Client_126722,11,0
310,3/12/1996,62,train_Client_126723,11,0
311,2/3/2012,63,train_Client_126726,11,0
101,6/10/1998,60,train_Client_126728,11,0
107,8/7/2008,69,train_Client_126729,11,0
312,27/12/1990,63,train_Client_12673,11,0
303,31/3/2010,62,train_Client_126730,11,0
101,29/9/1998,60,train_Client_126732,11,0
312,25/8/2012,63,train_Client_126734,11,0
311,29/4/2010,63,train_Client_126735,11,0
310,25/12/2017,62,train_Client_126736,11,0
301,10/3/2009,62,train_Client_126738,11,0
301,7/7/2012,62,train_Client_12674,11,0
311,28/2/2002,63,train_Client_126741,11,0
101,20/10/2015,63,train_Client_126742,11,0
379,5/4/2018,63,train_Client_126745,11,0
306,22/11/2014,63,train_Client_126746,11,0
103,28/1/2014,69,train_Client_126747,11,0
104,20/2/2009,69,train_Client_126748,11,0
101,11/6/2002,60,train_Client_12675,11,1
311,16/3/2016,63,train_Client_126750,11,0
101,8/3/1983,60,train_Client_126751,11,0
303,17/2/2010,62,train_Client_126752,11,0
302,28/11/2015,62,train_Client_126753,11,0
301,3/8/2011,62,train_Client_126754,11,0
303,22/2/2016,62,train_Client_126755,11,1
311,31/7/2006,63,train_Client_126757,11,0
301,18/8/2000,62,train_Client_126759,11,0
103,18/2/2013,69,train_Client_126760,11,0
101,27/12/2006,60,train_Client_126761,11,1
305,25/6/1985,62,train_Client_126762,11,0
101,4/5/2016,60,train_Client_126763,11,0
309,16/1/2015,62,train_Client_126764,11,0
307,18/12/1985,62,train_Client_126765,11,0
101,7/4/1981,60,train_Client_126766,11,0
105,8/10/2010,69,train_Client_126767,11,0
306,19/9/2016,63,train_Client_126770,11,0
107,18/11/2015,69,train_Client_126772,11,0
101,5/10/1989,60,train_Client_126774,11,0
101,24/3/2011,60,train_Client_126778,11,0
101,22/12/1988,60,train_Client_126779,11,1
311,19/8/1998,63,train_Client_12678,11,0
311,25/2/2015,63,train_Client_126780,11,0
311,31/12/2009,63,train_Client_126783,11,0
311,4/10/2018,63,train_Client_126784,11,0
371,4/8/2008,62,train_Client_126785,11,0
104,27/10/1980,69,train_Client_126786,11,0
101,28/2/2011,60,train_Client_126787,11,0
311,21/7/2018,63,train_Client_126788,11,0
104,14/8/2007,69,train_Client_126789,11,0
304,6/10/1989,62,train_Client_126790,11,1
311,30/11/1999,63,train_Client_126791,11,0
379,25/3/1998,63,train_Client_126792,11,0
306,29/12/1986,63,train_Client_126793,11,0
304,13/11/2013,62,train_Client_126794,11,0
312,29/9/2007,63,train_Client_126795,11,0
311,16/12/2016,63,train_Client_126796,11,0
101,8/5/2015,60,train_Client_126798,11,0
107,30/9/2005,69,train_Client_126799,11,0
310,6/2/2014,62,train_Client_1268,11,0
310,17/11/2011,62,train_Client_12680,11,0
302,3/6/2015,62,train_Client_126802,11,0
101,6/9/2017,60,train_Client_126803,11,0
101,20/9/2005,60,train_Client_126806,11,0
104,24/11/2011,69,train_Client_126808,11,0
311,6/9/2012,63,train_Client_126809,12,0
105,17/2/2009,69,train_Client_126810,11,0
371,29/4/2005,62,train_Client_126811,11,0
101,13/12/1991,60,train_Client_126812,11,0
104,19/10/2016,69,train_Client_126813,11,0
304,12/1/2019,62,train_Client_126814,11,0
303,26/3/2012,62,train_Client_126815,11,0
309,30/12/1994,62,train_Client_126817,11,0
312,5/5/2011,63,train_Client_126818,11,0
303,16/3/2018,62,train_Client_12682,11,0
101,25/6/2010,60,train_Client_126821,11,0
309,13/6/1991,62,train_Client_126822,11,1
105,15/12/1993,69,train_Client_126823,11,0
101,16/3/2017,60,train_Client_126825,11,0
101,14/12/2010,60,train_Client_126827,11,0
105,7/12/1987,69,train_Client_126828,11,0
306,6/9/1988,63,train_Client_126829,11,0
305,5/2/1977,62,train_Client_12683,11,0
313,23/1/2016,63,train_Client_126830,11,0
103,15/5/2013,69,train_Client_126831,11,0
306,29/11/2010,63,train_Client_126832,11,0
107,23/12/2009,69,train_Client_126834,11,0
104,14/2/1989,69,train_Client_126835,11,1
311,12/6/2010,63,train_Client_126837,11,0
101,10/7/2001,63,train_Client_126838,11,0
103,23/4/2009,69,train_Client_126840,11,0
104,10/11/2011,69,train_Client_126841,11,0
101,26/12/2006,60,train_Client_126843,11,0
101,27/9/1989,60,train_Client_126849,11,0
303,2/2/2015,62,train_Client_126851,11,0
301,20/12/1990,62,train_Client_126852,11,0
311,28/12/2016,63,train_Client_126853,11,0
101,15/8/2014,60,train_Client_126854,11,0
104,28/2/2007,69,train_Client_126855,11,0
303,12/1/2016,62,train_Client_126859,11,0
303,3/4/2015,62,train_Client_12686,11,0
101,28/10/2013,60,train_Client_126861,11,0
310,23/12/2015,62,train_Client_126862,11,0
101,10/1/2014,60,train_Client_126863,11,0
307,23/9/2010,62,train_Client_126865,11,0
305,24/5/1983,62,train_Client_126866,11,0
305,11/10/2011,62,train_Client_126867,11,0
104,2/12/2009,69,train_Client_126868,11,0
309,29/11/1983,62,train_Client_126869,11,0
101,9/12/2016,60,train_Client_12687,12,0
312,24/4/2017,63,train_Client_126870,11,0
101,23/3/2004,60,train_Client_126871,11,0
313,28/10/1999,63,train_Client_126872,11,0
107,22/4/2013,69,train_Client_126874,11,0
306,3/11/1993,63,train_Client_126875,11,0
104,8/10/2010,69,train_Client_126877,11,0
379,25/12/1990,63,train_Client_126878,11,0
107,13/6/1988,69,train_Client_12688,11,0
306,21/10/2003,63,train_Client_126880,11,0
104,13/3/2000,69,train_Client_126882,11,0
105,7/2/2008,69,train_Client_126885,11,0
101,29/3/2012,60,train_Client_126886,11,0
311,6/6/2015,63,train_Client_126888,11,0
101,29/8/1997,60,train_Client_126889,11,0
107,21/12/2010,69,train_Client_126890,11,0
101,25/6/2010,60,train_Client_126891,51,0
101,24/6/2016,60,train_Client_126893,11,0
101,11/7/2006,60,train_Client_126894,11,0
303,9/10/1986,62,train_Client_126895,11,0
104,1/12/2015,69,train_Client_126896,11,0
307,25/12/1996,62,train_Client_126899,11,0
311,21/8/1989,63,train_Client_1269,11,0
105,27/6/2001,69,train_Client_12690,11,0
101,31/12/1979,60,train_Client_126900,11,0
304,25/8/2015,62,train_Client_126901,11,0
306,29/12/1986,63,train_Client_126902,11,0
307,27/5/2008,62,train_Client_126903,11,0
101,5/11/1980,60,train_Client_126904,11,0
303,25/11/2014,62,train_Client_126906,11,0
310,1/1/1998,62,train_Client_126907,11,0
101,11/7/2012,60,train_Client_126908,11,0
303,27/11/2007,62,train_Client_12691,11,0
101,16/3/1998,60,train_Client_126910,11,0
101,11/11/2013,60,train_Client_126911,11,0
101,29/5/2012,60,train_Client_126913,11,0
306,8/10/2011,63,train_Client_126917,11,0
101,31/7/2013,60,train_Client_126918,11,0
304,14/10/1982,62,train_Client_12692,11,0
107,18/11/2015,69,train_Client_126921,11,0
101,17/1/2017,60,train_Client_126922,11,0
301,2/9/2009,62,train_Client_126924,11,0
101,9/1/2004,63,train_Client_126925,11,0
301,22/11/1984,62,train_Client_126926,11,0
379,18/12/2017,63,train_Client_126928,11,0
101,10/2/1977,60,train_Client_126929,11,0
107,26/12/1997,69,train_Client_126931,11,0
101,10/12/2002,63,train_Client_126932,11,0
305,16/2/2010,62,train_Client_126933,11,0
103,24/10/2001,69,train_Client_126935,11,0
105,1/9/2007,69,train_Client_126937,11,0
301,4/7/2002,62,train_Client_126938,11,0
301,4/3/2011,62,train_Client_126939,11,0
107,29/11/2016,69,train_Client_12694,11,0
301,24/10/1995,62,train_Client_126940,11,0
311,26/3/2010,63,train_Client_126941,11,0
103,10/10/2018,69,train_Client_126945,11,0
301,1/2/2013,62,train_Client_126946,11,0
310,21/6/1996,62,train_Client_126948,11,0
311,29/10/2012,63,train_Client_126949,11,0
104,12/11/2013,69,train_Client_12695,11,0
101,2/10/2014,60,train_Client_126950,12,0
302,8/11/1982,62,train_Client_126951,11,0
103,18/7/1979,69,train_Client_126953,11,0
101,5/1/2010,60,train_Client_126954,12,0
301,20/12/2002,62,train_Client_126956,11,0
311,22/8/1994,63,train_Client_126958,11,0
101,17/5/1979,60,train_Client_126959,11,0
104,30/8/1995,69,train_Client_126960,11,0
302,3/4/2008,62,train_Client_126961,11,0
103,15/7/2011,69,train_Client_126962,11,0
307,18/9/2007,62,train_Client_126963,11,0
101,12/11/1986,60,train_Client_126966,11,0
306,28/9/2007,63,train_Client_126967,11,0
308,13/3/1986,63,train_Client_126969,11,0
306,16/3/2017,63,train_Client_12697,11,0
101,17/10/1980,60,train_Client_126970,11,0
104,16/11/2015,69,train_Client_126972,11,0
104,3/9/2009,69,train_Client_126973,11,0
307,30/12/1998,62,train_Client_126975,11,0
303,11/2/2008,62,train_Client_126976,11,0
313,12/11/2012,63,train_Client_126977,11,0
301,26/6/2002,62,train_Client_126978,11,0
103,16/4/2014,69,train_Client_126979,11,0
106,17/10/1983,69,train_Client_12698,11,0
104,22/5/2009,69,train_Client_126981,11,0
103,22/12/2015,69,train_Client_126982,11,0
308,30/6/2012,63,train_Client_126983,11,0
104,15/9/1997,69,train_Client_126984,11,0
101,31/5/1999,60,train_Client_126985,11,0
305,24/11/1997,62,train_Client_126986,11,0
101,14/5/2014,60,train_Client_126988,11,0
101,10/3/2009,60,train_Client_126989,11,0
101,26/7/1993,60,train_Client_12699,11,0
310,1/7/2014,62,train_Client_126992,11,0
101,18/9/1987,60,train_Client_126996,11,0
104,14/7/2010,69,train_Client_126997,11,0
311,22/8/2001,63,train_Client_126998,11,0
101,27/12/2011,60,train_Client_126999,11,1
310,27/5/1997,62,train_Client_127,11,0
303,13/11/1989,62,train_Client_1270,11,0
103,30/3/2010,69,train_Client_127001,11,0
302,26/10/2005,62,train_Client_127002,11,0
301,21/5/1986,62,train_Client_127003,11,0
101,29/2/2000,60,train_Client_127004,11,0
101,27/4/2004,60,train_Client_127006,11,0
104,7/6/2010,69,train_Client_127009,11,0
107,18/11/2015,69,train_Client_12701,11,0
101,5/3/1977,60,train_Client_127012,11,0
103,28/11/2011,69,train_Client_127013,51,0
103,15/1/2016,69,train_Client_127014,11,0
311,5/12/2009,63,train_Client_127015,11,0
307,21/11/1988,62,train_Client_127016,11,0
302,16/9/2011,62,train_Client_127017,11,0
301,28/1/1986,62,train_Client_12702,11,0
312,17/10/2015,63,train_Client_127021,11,0
307,23/2/2004,62,train_Client_127022,11,0
103,23/9/2009,69,train_Client_127024,11,0
101,31/12/1994,60,train_Client_127025,11,0
104,23/12/2014,69,train_Client_127026,11,0
101,29/12/2010,60,train_Client_127027,11,0
303,14/10/2002,62,train_Client_127028,11,0
101,11/6/2014,60,train_Client_127029,11,0
104,4/3/2010,69,train_Client_12703,11,1
306,31/5/1996,63,train_Client_127030,11,0
307,18/12/1985,62,train_Client_127031,11,0
107,28/11/2008,69,train_Client_127032,11,0
310,30/6/2012,62,train_Client_127033,51,0
101,9/11/1989,63,train_Client_127034,11,0
311,31/5/2011,63,train_Client_127035,11,1
103,5/12/2015,69,train_Client_127039,11,0
311,1/8/2013,63,train_Client_127040,11,1
311,16/8/1990,63,train_Client_127041,11,0
310,30/12/2010,62,train_Client_127043,11,0
101,25/5/1999,60,train_Client_127044,11,1
311,19/6/2014,63,train_Client_127045,11,0
311,30/11/2011,63,train_Client_127046,11,0
311,20/12/2000,63,train_Client_127049,11,0
103,8/3/2016,69,train_Client_12705,11,1
306,16/8/1982,63,train_Client_127050,11,0
310,16/5/1996,62,train_Client_127051,11,0
312,22/7/2016,63,train_Client_127052,11,0
307,13/5/2015,62,train_Client_127053,11,0
311,19/6/1987,63,train_Client_127055,11,0
103,17/9/2011,69,train_Client_127056,11,0
310,26/12/2002,62,train_Client_127057,11,0
301,12/12/1978,62,train_Client_127058,11,0
302,9/11/1984,62,train_Client_127059,11,0
302,8/9/2008,62,train_Client_12706,11,0
105,16/12/2005,69,train_Client_127060,11,0
101,6/9/2012,63,train_Client_127061,11,0
103,21/5/1998,69,train_Client_127063,11,1
309,15/9/2014,62,train_Client_127064,11,0
301,17/4/1985,62,train_Client_127065,11,0
104,30/10/2001,69,train_Client_127066,11,0
107,11/7/2011,69,train_Client_127069,11,1
311,18/5/2016,63,train_Client_12707,11,0
103,13/6/2018,69,train_Client_127070,11,0
101,6/6/2014,60,train_Client_127071,11,0
312,13/11/2003,63,train_Client_127072,11,0
104,22/12/1997,69,train_Client_127074,11,0
311,11/1/2011,63,train_Client_127076,11,0
307,18/11/2009,62,train_Client_127077,11,0
101,3/6/1982,60,train_Client_127078,11,0
307,12/7/2010,62,train_Client_127079,11,0
101,28/3/1986,60,train_Client_12708,11,0
101,15/7/2011,60,train_Client_127080,11,0
303,19/3/1981,62,train_Client_127081,11,0
302,14/5/1987,62,train_Client_127082,11,0
101,24/12/1992,60,train_Client_127084,11,0
306,24/6/2008,63,train_Client_127085,11,0
101,16/2/2016,60,train_Client_127087,11,0
309,28/11/1986,62,train_Client_127090,11,0
307,3/1/2008,62,train_Client_127091,11,0
311,25/3/2011,63,train_Client_127093,11,0
103,28/11/2011,69,train_Client_127095,11,0
104,25/9/1991,69,train_Client_127098,11,0
104,15/4/2009,69,train_Client_127099,11,0
306,19/10/1983,63,train_Client_1271,11,0
103,14/12/2016,69,train_Client_127101,11,0
312,20/11/1997,63,train_Client_127102,11,0
312,13/11/2014,63,train_Client_127103,11,0
304,6/9/2013,62,train_Client_127105,11,0
301,18/5/1982,62,train_Client_127107,11,0
104,29/7/1978,69,train_Client_127108,11,0
101,12/3/2015,60,train_Client_127109,11,0
101,26/1/1982,60,train_Client_12711,11,0
312,15/12/1986,63,train_Client_127110,11,0
103,9/11/2013,69,train_Client_127111,11,0
303,23/12/2005,62,train_Client_127113,11,0
301,7/11/2012,62,train_Client_127114,11,0
101,27/10/2011,60,train_Client_127115,11,0
307,25/9/2002,62,train_Client_127116,11,0
101,10/2/1977,60,train_Client_127118,11,0
104,19/8/2010,69,train_Client_12712,11,0
104,3/3/2010,69,train_Client_127121,11,0
311,18/9/1992,63,train_Client_127122,11,0
107,22/3/2000,69,train_Client_127123,11,0
105,18/6/2015,69,train_Client_127124,11,0
103,25/6/2008,69,train_Client_127125,11,0
103,24/5/2011,69,train_Client_127127,51,0
101,8/4/2014,60,train_Client_127128,11,0
302,16/11/2001,62,train_Client_127129,11,0
311,30/9/2005,63,train_Client_12713,11,0
301,4/2/1985,62,train_Client_127130,11,0
311,28/9/2004,63,train_Client_127131,11,0
101,6/3/2008,60,train_Client_127132,11,0
303,28/9/2015,62,train_Client_127136,11,0
301,26/7/1979,62,train_Client_127137,11,0
311,23/12/2016,63,train_Client_127138,11,0
301,27/11/2012,62,train_Client_12714,11,0
304,27/12/2011,62,train_Client_127140,11,0
301,17/1/2011,62,train_Client_127142,11,0
303,28/5/2002,62,train_Client_127145,12,0
311,1/1/1998,63,train_Client_127147,11,0
101,3/6/2015,60,train_Client_127148,51,0
107,3/10/1983,69,train_Client_127149,11,0
310,7/4/2010,62,train_Client_127150,11,0
301,7/6/1983,62,train_Client_127151,11,0
104,11/2/2008,69,train_Client_127152,11,0
303,18/12/1990,62,train_Client_127153,11,0
311,19/8/1998,63,train_Client_127154,11,0
103,5/12/2015,69,train_Client_127155,11,0
312,30/11/2011,63,train_Client_127156,11,0
101,5/5/1998,60,train_Client_127157,11,0
302,5/8/2008,62,train_Client_12716,11,0
313,28/5/2002,63,train_Client_127160,11,0
104,26/12/1977,69,train_Client_127161,11,0
313,30/11/2005,63,train_Client_127162,11,0
101,24/9/2012,60,train_Client_127163,11,0
302,13/1/2015,62,train_Client_127164,11,0
306,22/6/2011,63,train_Client_127166,11,1
304,14/9/2011,62,train_Client_127167,11,0
307,7/6/1977,62,train_Client_127168,11,0
301,10/9/2014,62,train_Client_127169,11,0
107,2/11/2016,69,train_Client_127170,11,0
307,24/12/1986,62,train_Client_127174,11,0
101,15/6/2010,60,train_Client_127177,11,0
306,24/5/1991,63,train_Client_127178,11,0
107,22/11/2010,69,train_Client_127179,11,0
303,7/4/2004,62,train_Client_127180,11,0
101,15/4/2003,60,train_Client_127182,11,0
313,20/6/2007,63,train_Client_127184,11,0
103,5/12/2015,69,train_Client_127185,11,0
101,13/5/2014,60,train_Client_127187,11,0
311,24/3/2009,63,train_Client_127188,11,0
301,20/6/2018,62,train_Client_12719,11,0
101,21/1/2013,60,train_Client_127191,11,0
107,21/11/2005,69,train_Client_127193,11,0
305,30/6/2003,62,train_Client_127194,11,0
301,24/12/1982,62,train_Client_127195,11,0
301,29/3/1983,62,train_Client_127196,11,0
309,13/6/1990,62,train_Client_1272,11,0
309,10/12/1985,62,train_Client_12720,11,0
107,4/4/1991,69,train_Client_127201,11,0
306,6/6/2012,63,train_Client_127202,11,0
306,19/11/2002,63,train_Client_127203,11,0
303,25/8/2016,62,train_Client_127204,11,0
101,21/12/2015,60,train_Client_127205,11,0
107,3/3/2014,69,train_Client_127207,11,1
101,24/12/2008,60,train_Client_127208,11,0
104,28/5/2010,69,train_Client_127209,11,0
311,31/10/2000,63,train_Client_12721,11,0
312,21/11/2017,63,train_Client_127210,11,0
101,22/2/2016,60,train_Client_127211,11,0
305,10/12/2016,62,train_Client_127212,11,0
107,22/8/2008,69,train_Client_127213,11,0
303,21/12/1998,62,train_Client_127214,11,0
310,16/4/2008,62,train_Client_127215,11,0
107,31/1/2013,69,train_Client_127216,11,1
104,29/1/2002,69,train_Client_127218,11,0
101,9/3/1993,60,train_Client_127219,11,0
310,27/5/2011,62,train_Client_127221,11,0
104,19/12/1988,69,train_Client_127222,11,0
104,11/5/2011,69,train_Client_127224,11,0
103,19/7/2013,69,train_Client_127225,11,0
303,29/3/1985,62,train_Client_127228,11,0
372,27/11/2010,63,train_Client_127229,51,0
307,9/10/2000,62,train_Client_12723,11,0
303,14/10/2015,62,train_Client_127230,11,0
311,25/9/1996,63,train_Client_127232,11,0
313,14/7/2012,63,train_Client_127233,11,0
313,10/10/2018,63,train_Client_127235,11,0
312,3/8/2017,63,train_Client_127236,11,0
104,20/10/2017,69,train_Client_127237,11,0
101,23/4/2013,60,train_Client_127238,11,0
302,23/5/1978,62,train_Client_127239,12,0
372,21/11/2012,63,train_Client_12724,11,0
311,9/1/2017,63,train_Client_127240,11,0
311,8/12/2014,63,train_Client_127241,11,0
104,17/3/2005,69,train_Client_127242,11,0
107,9/8/2014,69,train_Client_127243,11,0
104,24/11/1998,69,train_Client_127245,11,0
302,10/8/1998,62,train_Client_127247,11,0
101,1/3/2018,60,train_Client_127248,11,0
372,28/2/2006,63,train_Client_12725,11,0
101,26/11/2009,60,train_Client_127250,11,0
306,19/10/2007,63,train_Client_127251,11,0
310,26/4/2010,62,train_Client_127252,11,0
103,28/3/2011,69,train_Client_127253,11,0
101,12/2/1998,60,train_Client_127257,11,0
107,22/4/2009,69,train_Client_127258,11,0
306,29/10/2009,63,train_Client_12726,11,0
304,23/10/2003,62,train_Client_127260,11,0
101,8/9/1988,60,train_Client_127261,11,0
107,16/8/2013,69,train_Client_127262,11,0
311,15/9/2017,63,train_Client_127263,11,0
301,24/11/1992,62,train_Client_127265,11,0
101,27/11/2014,63,train_Client_127266,11,0
104,16/4/1996,69,train_Client_127268,11,0
306,12/9/2013,63,train_Client_12727,11,0
101,31/7/2006,60,train_Client_127270,11,0
310,29/11/2002,62,train_Client_127272,11,0
103,16/5/2012,69,train_Client_127273,11,1
101,31/12/1977,60,train_Client_127276,11,0
310,28/4/2003,62,train_Client_127277,11,0
101,6/2/1991,60,train_Client_127282,11,0
101,14/12/1987,60,train_Client_127283,11,0
107,15/7/2017,69,train_Client_127285,11,0
301,26/12/2003,62,train_Client_127286,11,0
105,25/8/1997,69,train_Client_127287,11,0
306,12/12/2009,63,train_Client_127288,11,0
107,13/9/1996,69,train_Client_127289,11,1
101,21/5/2014,60,train_Client_12729,11,0
301,9/3/1978,62,train_Client_127290,11,0
313,22/3/2018,63,train_Client_127291,11,0
304,5/6/2018,62,train_Client_127293,11,0
101,8/11/1978,60,train_Client_127294,11,1
107,22/12/2015,69,train_Client_127297,11,0
101,9/3/2016,60,train_Client_127298,11,0
104,31/5/2001,69,train_Client_1273,11,0
307,4/3/2017,62,train_Client_12730,11,0
101,10/1/2014,60,train_Client_127300,11,0
308,6/9/2011,63,train_Client_127302,11,0
101,4/9/1987,60,train_Client_127304,11,0
311,16/1/2015,63,train_Client_127306,11,0
303,23/4/1981,62,train_Client_127307,11,0
302,13/9/2000,62,train_Client_12731,11,0
307,20/11/1997,62,train_Client_127310,11,0
305,22/3/1979,62,train_Client_127311,11,0
101,19/9/2003,60,train_Client_127312,11,0
101,14/3/2016,60,train_Client_127316,51,1
101,7/9/2001,60,train_Client_127318,11,0
311,11/4/2013,63,train_Client_12732,11,0
104,7/12/2012,69,train_Client_127320,12,0
306,26/12/1979,63,train_Client_127321,11,0
310,16/8/2010,62,train_Client_127322,11,0
311,12/11/2008,63,train_Client_127323,11,0
101,24/10/2008,60,train_Client_127324,11,0
101,18/11/1981,60,train_Client_127326,11,0
103,5/4/2017,69,train_Client_127327,11,0
309,23/4/2016,62,train_Client_127328,11,0
304,13/2/2016,62,train_Client_127330,11,0
303,13/12/2005,62,train_Client_127332,11,0
104,7/7/2014,69,train_Client_127334,11,0
301,4/3/2014,62,train_Client_127335,11,0
104,24/5/2007,69,train_Client_127337,12,0
101,19/5/2009,60,train_Client_127338,11,0
309,29/12/1989,62,train_Client_12734,11,0
307,5/6/2012,62,train_Client_127340,11,0
104,3/3/2017,69,train_Client_127341,11,0
312,28/8/2007,63,train_Client_127342,11,0
107,7/11/2007,69,train_Client_127343,11,0
101,30/10/2007,60,train_Client_127345,11,0
101,13/9/1983,60,train_Client_127346,11,0
101,6/10/2007,60,train_Client_127347,11,0
101,15/4/2016,60,train_Client_127349,11,1
301,16/12/1987,62,train_Client_127352,11,0
302,30/11/1984,62,train_Client_127354,11,0
301,29/5/1992,62,train_Client_127356,11,0
101,4/7/2014,60,train_Client_127359,11,0
379,19/1/2010,63,train_Client_12736,11,1
308,22/9/1988,63,train_Client_127360,11,1
101,19/9/1990,60,train_Client_127362,11,0
312,19/9/2016,63,train_Client_127365,11,0
101,29/4/2008,60,train_Client_127366,11,0
303,11/10/2014,62,train_Client_127367,11,0
101,29/5/2008,60,train_Client_12737,11,0
311,24/10/2013,63,train_Client_127371,11,0
101,10/1/2010,60,train_Client_127372,11,0
312,7/10/1998,63,train_Client_127373,11,0
311,28/10/1999,63,train_Client_127374,11,0
104,11/5/2016,69,train_Client_127375,11,0
104,23/1/2009,69,train_Client_127376,11,0
103,31/10/2006,69,train_Client_127378,11,0
103,21/7/1994,69,train_Client_127382,11,0
302,15/12/1989,62,train_Client_127384,11,0
104,3/6/2005,69,train_Client_127385,11,0
101,27/9/1991,60,train_Client_127386,11,0
104,5/8/1983,69,train_Client_127387,11,0
107,7/10/2004,69,train_Client_127388,11,1
101,7/3/2005,60,train_Client_127389,11,0
107,12/6/2009,69,train_Client_12739,11,0
104,28/9/1992,69,train_Client_127391,11,1
309,24/11/2015,62,train_Client_127392,11,0
101,18/6/2012,60,train_Client_127393,11,0
304,10/4/2017,62,train_Client_127395,11,0
101,5/1/1980,60,train_Client_127396,11,0
101,5/11/1977,60,train_Client_127398,11,0
103,20/1/2014,69,train_Client_127399,11,0
101,21/1/2009,60,train_Client_127400,11,0
309,19/2/1987,62,train_Client_127403,11,0
312,21/6/2018,63,train_Client_127404,11,0
101,24/3/2005,60,train_Client_127405,11,0
311,19/12/2012,63,train_Client_127406,11,0
103,25/6/2009,69,train_Client_127408,11,0
104,20/4/1993,69,train_Client_127409,11,0
107,4/12/2013,69,train_Client_12741,11,0
101,24/11/1982,60,train_Client_127411,11,0
303,28/5/1984,62,train_Client_127412,11,0
101,13/3/2001,60,train_Client_127413,11,0
311,16/11/2017,63,train_Client_127415,11,0
101,7/10/2014,60,train_Client_127416,11,0
371,26/1/1980,62,train_Client_127417,11,0
107,19/3/2013,69,train_Client_127418,11,0
312,31/12/2004,63,train_Client_127419,11,0
301,19/3/2007,62,train_Client_127421,11,0
311,30/9/1994,63,train_Client_127422,11,0
101,3/11/2014,60,train_Client_127424,11,0
307,18/12/1985,62,train_Client_127425,11,1
103,17/3/2007,69,train_Client_127426,11,0
103,12/7/2011,69,train_Client_127428,11,0
101,12/7/1999,60,train_Client_127429,11,0
107,12/6/1991,69,train_Client_12743,11,0
101,11/4/2007,60,train_Client_127430,51,0
101,7/5/1997,60,train_Client_127431,11,0
311,18/11/2013,63,train_Client_127432,11,0
303,15/11/2011,62,train_Client_127433,11,1
101,5/6/2003,60,train_Client_127434,11,0
303,8/3/2012,62,train_Client_127435,11,1
101,7/2/2006,60,train_Client_127436,11,0
301,3/1/1978,62,train_Client_127437,11,0
103,29/9/1993,69,train_Client_127439,11,0
313,6/12/1991,63,train_Client_127440,11,0
309,27/3/1990,62,train_Client_127442,11,0
107,15/6/2016,69,train_Client_127444,11,0
104,19/10/1982,69,train_Client_127445,11,0
107,12/8/2010,69,train_Client_127446,11,0
101,27/4/2004,60,train_Client_127449,11,0
101,31/12/2009,60,train_Client_127450,51,0
101,13/5/2013,60,train_Client_127451,11,0
107,19/11/2016,69,train_Client_127452,11,0
101,8/1/2013,60,train_Client_127453,11,0
101,22/5/2014,60,train_Client_127454,11,0
303,19/2/2007,62,train_Client_127455,11,0
309,31/1/2013,62,train_Client_127456,11,0
311,5/11/1991,63,train_Client_127457,11,0
104,26/3/1993,69,train_Client_127458,11,0
101,11/12/2014,60,train_Client_127459,11,0
101,11/6/2002,60,train_Client_127460,11,0
105,21/4/1979,69,train_Client_127462,11,0
101,31/5/2012,60,train_Client_127464,11,0
311,6/6/2015,63,train_Client_127465,11,0
371,3/10/1991,62,train_Client_127466,11,0
306,4/12/2013,63,train_Client_127467,11,1
311,30/9/2009,63,train_Client_127468,11,0
101,6/3/2017,60,train_Client_127470,11,0
305,20/11/2000,62,train_Client_127471,11,0
101,29/9/1977,60,train_Client_127472,11,0
101,18/10/2006,60,train_Client_127473,11,0
107,17/12/1992,69,train_Client_127475,11,0
301,7/5/1991,62,train_Client_127476,11,0
301,31/10/2000,62,train_Client_127477,11,0
309,8/3/2004,62,train_Client_127479,11,0
107,8/2/1989,69,train_Client_12748,11,0
371,3/12/2016,62,train_Client_127480,11,0
312,6/12/1979,63,train_Client_127481,11,0
306,19/7/2017,63,train_Client_127482,11,0
101,14/12/2012,60,train_Client_127484,11,0
310,3/11/2007,62,train_Client_127486,11,0
103,28/11/2011,69,train_Client_127489,11,0
312,2/2/2017,63,train_Client_12749,11,0
311,27/2/2003,63,train_Client_127490,11,0
104,29/4/2004,69,train_Client_127491,11,0
309,11/3/2011,62,train_Client_127492,11,0
107,3/11/2016,69,train_Client_127494,11,0
304,7/11/1980,62,train_Client_127496,11,0
306,5/9/2015,63,train_Client_127497,11,0
302,9/6/2004,62,train_Client_127498,11,0
305,28/5/2009,62,train_Client_127499,11,0
104,17/8/1999,69,train_Client_1275,11,0
301,14/3/2002,62,train_Client_127500,11,0
101,25/10/2007,60,train_Client_127501,11,0
101,19/7/1996,60,train_Client_127502,11,0
306,7/6/1995,63,train_Client_127503,11,0
306,22/9/1995,63,train_Client_127504,11,0
310,9/12/1996,62,train_Client_127506,11,0
305,30/3/2009,62,train_Client_127507,11,1
301,15/9/2018,62,train_Client_127508,11,0
101,12/12/2007,60,train_Client_127509,11,0
301,14/8/1979,62,train_Client_127510,11,0
303,24/4/2000,62,train_Client_127511,11,0
101,21/4/2009,60,train_Client_127513,11,0
310,11/9/2015,62,train_Client_127514,11,0
312,30/10/2015,63,train_Client_127515,11,0
306,30/6/2008,63,train_Client_127517,11,0
301,2/12/2008,62,train_Client_127519,11,1
101,18/10/2016,60,train_Client_12752,11,0
311,11/12/2012,63,train_Client_127520,11,0
302,19/6/1987,62,train_Client_127521,11,0
107,20/7/1998,69,train_Client_127523,11,0
101,4/7/2013,60,train_Client_127524,11,0
104,23/9/1999,69,train_Client_127525,11,1
306,4/7/2011,63,train_Client_127526,11,0
101,22/5/1982,60,train_Client_127527,11,0
101,1/7/2008,60,train_Client_127529,11,0
101,23/9/1997,60,train_Client_127532,11,0
101,10/10/2013,60,train_Client_127534,11,0
104,24/9/2010,69,train_Client_127535,11,0
101,21/7/2009,60,train_Client_127537,11,0
301,4/7/1984,62,train_Client_127538,11,0
309,20/10/2014,62,train_Client_127539,11,0
307,23/11/1987,62,train_Client_127540,11,0
101,24/6/2009,60,train_Client_127541,11,0
303,30/9/1985,62,train_Client_127542,11,0
301,29/3/2012,62,train_Client_127543,11,0
101,15/4/1996,60,train_Client_127545,11,0
101,12/6/2007,60,train_Client_127546,11,0
301,26/3/2018,62,train_Client_127548,11,0
101,4/3/2008,60,train_Client_127549,11,0
313,12/10/2018,63,train_Client_12755,11,0
101,28/5/2012,60,train_Client_127552,11,0
101,13/3/2000,60,train_Client_127554,11,0
104,17/11/1993,69,train_Client_127556,11,0
101,28/2/2006,60,train_Client_127557,11,0
303,27/6/2011,62,train_Client_127558,11,0
103,5/9/2011,69,train_Client_127559,11,0
371,20/2/2017,62,train_Client_127560,11,0
101,15/8/2012,60,train_Client_127565,11,0
311,25/2/2015,63,train_Client_127566,11,0
101,19/2/2010,60,train_Client_127567,11,0
309,24/11/2015,62,train_Client_127568,11,0
104,14/2/2011,69,train_Client_127569,11,0
301,17/3/2006,62,train_Client_12757,11,0
107,19/10/1984,69,train_Client_127572,11,0
310,28/6/2011,62,train_Client_127573,11,0
304,16/10/2014,62,train_Client_127574,11,0
311,8/6/2011,63,train_Client_127576,11,0
107,4/8/2009,69,train_Client_127577,11,0
303,12/3/2013,62,train_Client_127578,11,0
371,25/6/1997,62,train_Client_127579,11,0
304,6/10/2008,62,train_Client_12758,12,0
101,19/12/2016,60,train_Client_127580,11,0
307,20/1/2014,62,train_Client_127582,11,0
301,11/12/2010,62,train_Client_127583,11,0
101,9/1/2018,60,train_Client_127586,11,0
101,2/2/2015,60,train_Client_127587,11,0
307,21/6/2007,62,train_Client_127589,11,0
309,5/9/1988,62,train_Client_127590,11,0
310,26/10/2013,62,train_Client_127591,11,0
104,12/5/2017,69,train_Client_127593,11,0
313,30/12/2016,63,train_Client_127594,11,0
302,10/5/2012,62,train_Client_127596,11,0
101,31/1/1992,63,train_Client_127597,11,0
302,28/4/1981,62,train_Client_127599,11,1
306,13/12/2010,63,train_Client_1276,11,0
101,5/3/2010,60,train_Client_12760,11,1
308,29/12/1986,63,train_Client_127600,11,0
104,30/3/2009,69,train_Client_127602,11,0
307,9/10/2000,62,train_Client_127603,11,0
309,4/11/1983,62,train_Client_127604,11,0
303,23/12/1994,62,train_Client_127605,11,0
104,12/7/1977,69,train_Client_127607,11,0
104,12/7/2014,69,train_Client_127608,11,0
307,5/12/1991,62,train_Client_127609,11,0
101,23/2/2016,60,train_Client_12761,11,0
304,23/11/1998,62,train_Client_127610,11,0
311,12/5/2012,63,train_Client_127611,11,0
305,20/1/2015,62,train_Client_127613,11,0
103,1/11/2013,69,train_Client_127615,11,0
101,23/3/1981,60,train_Client_127616,11,0
101,7/3/2012,60,train_Client_127619,11,0
371,23/7/2007,62,train_Client_127620,11,0
107,12/6/1996,69,train_Client_127621,11,0
311,30/12/2002,63,train_Client_127622,11,0
101,24/3/1995,60,train_Client_127623,11,0
103,30/10/1995,69,train_Client_127626,11,0
303,27/12/2011,62,train_Client_127627,11,0
101,24/9/2014,60,train_Client_127628,11,0
101,22/7/2002,60,train_Client_127629,11,0
312,30/5/1988,63,train_Client_12763,11,0
103,28/12/1995,69,train_Client_127630,11,0
301,30/3/1984,62,train_Client_127632,11,0
107,15/11/2008,69,train_Client_127633,11,0
309,12/1/2007,62,train_Client_127634,11,0
101,22/4/2005,60,train_Client_127635,11,0
101,11/4/2013,60,train_Client_127636,11,0
101,4/5/1983,60,train_Client_127637,11,0
101,28/10/2013,60,train_Client_127638,11,0
104,9/12/1981,69,train_Client_127639,11,0
307,24/5/1984,62,train_Client_127641,11,0
103,1/12/2014,69,train_Client_127642,11,0
308,14/10/2014,63,train_Client_127643,11,0
311,30/8/2016,63,train_Client_127644,11,0
101,7/4/2009,60,train_Client_127646,11,0
309,29/11/2010,62,train_Client_127647,11,0
302,27/8/2010,62,train_Client_127648,11,0
311,15/12/2012,63,train_Client_12765,11,0
304,19/6/2012,62,train_Client_127650,11,0
104,11/11/2009,69,train_Client_127651,11,0
101,24/12/1990,60,train_Client_127653,11,0
371,8/3/1991,62,train_Client_127655,11,0
302,5/9/2016,62,train_Client_127658,11,0
312,5/4/2014,63,train_Client_127659,11,0
101,28/4/2010,60,train_Client_12766,11,0
303,10/4/2008,62,train_Client_127660,11,0
101,28/4/2014,63,train_Client_127661,11,0
107,13/11/1995,69,train_Client_127663,11,0
311,22/5/2012,63,train_Client_127665,11,0
101,31/10/1977,60,train_Client_127667,11,0
103,15/7/2011,69,train_Client_127669,11,0
310,25/11/1991,62,train_Client_12767,11,0
107,24/10/2001,69,train_Client_127670,11,0
101,24/6/1994,60,train_Client_127671,11,0
311,18/4/1995,63,train_Client_127672,11,0
101,11/11/2013,60,train_Client_127674,11,0
101,1/12/2000,60,train_Client_127675,11,0
304,6/2/1980,62,train_Client_127676,11,0
104,7/9/2018,69,train_Client_127677,11,0
301,11/5/1977,62,train_Client_127678,11,0
103,18/2/2015,69,train_Client_12768,11,0
301,9/6/1997,62,train_Client_127680,11,0
306,29/11/2010,63,train_Client_127681,11,0
312,16/12/2003,63,train_Client_127682,11,0
303,31/12/2007,62,train_Client_127685,11,0
101,6/3/1985,60,train_Client_127686,11,1
104,31/12/2014,69,train_Client_127687,11,0
101,14/5/1999,60,train_Client_127688,11,0
107,17/4/1982,69,train_Client_127689,11,0
313,24/5/2007,63,train_Client_12769,11,0
310,28/12/2012,62,train_Client_127691,11,0
105,12/12/2008,69,train_Client_127693,11,0
301,26/3/2014,62,train_Client_127696,11,0
312,18/3/2014,63,train_Client_127697,11,0
107,10/12/2007,69,train_Client_127698,11,0
103,16/3/1994,69,train_Client_127699,11,1
306,30/9/2011,63,train_Client_1277,11,0
303,18/2/2008,62,train_Client_12770,11,0
104,9/1/1986,69,train_Client_127700,11,0
101,29/12/2002,60,train_Client_127703,11,0
103,14/8/2010,69,train_Client_127705,11,0
104,29/5/1998,69,train_Client_127707,12,0
312,18/10/2014,63,train_Client_12771,11,0
103,27/9/2010,69,train_Client_127712,11,1
101,8/4/1977,60,train_Client_127714,11,0
104,4/12/1989,69,train_Client_127715,11,0
104,13/12/1984,69,train_Client_127716,11,0
305,19/6/2012,62,train_Client_127718,11,0
312,11/12/1992,63,train_Client_127719,11,0
313,19/11/2015,63,train_Client_12772,11,0
306,30/1/2016,63,train_Client_127720,11,0
310,26/10/2013,62,train_Client_127721,11,0
307,16/7/2012,62,train_Client_127723,11,0
104,7/8/2006,69,train_Client_127724,11,1
101,20/2/1984,60,train_Client_127727,11,0
101,22/11/2008,60,train_Client_127728,11,0
309,24/4/2009,62,train_Client_127729,11,0
101,22/9/1998,60,train_Client_12773,11,0
107,18/10/1999,69,train_Client_127730,11,0
305,29/7/1999,62,train_Client_127732,11,0
309,8/12/2012,62,train_Client_127734,11,0
306,30/5/1990,63,train_Client_127735,11,0
311,7/11/1989,63,train_Client_127736,11,0
303,29/3/1980,62,train_Client_127738,11,0
103,2/2/2017,69,train_Client_127739,11,0
301,3/6/1987,62,train_Client_12774,11,0
302,18/8/2010,62,train_Client_127741,11,0
303,30/9/1985,62,train_Client_127742,11,0
313,17/6/2010,63,train_Client_127743,11,0
101,25/9/1997,60,train_Client_127745,11,1
104,27/9/1994,69,train_Client_127746,11,0
101,6/4/2009,60,train_Client_127748,11,0
101,29/1/2018,60,train_Client_127749,11,0
103,9/7/2009,69,train_Client_127750,11,0
104,5/5/2014,69,train_Client_127751,11,0
311,30/8/2018,63,train_Client_127753,11,0
305,21/12/1988,62,train_Client_127754,11,0
101,14/9/2018,60,train_Client_127755,51,0
103,23/8/2002,69,train_Client_127756,11,0
309,29/7/1997,62,train_Client_127757,11,0
301,8/2/2016,62,train_Client_127758,11,0
302,12/7/2010,62,train_Client_127759,11,0
107,15/12/2011,69,train_Client_12776,51,1
101,2/7/2009,60,train_Client_127761,11,0
104,26/6/2014,69,train_Client_127762,12,0
301,20/5/1980,62,train_Client_127763,11,0
107,24/12/2012,69,train_Client_127764,11,0
101,31/12/2004,60,train_Client_127765,11,0
306,12/4/2016,63,train_Client_127768,11,0
107,19/10/1984,69,train_Client_127769,11,0
107,3/12/2012,69,train_Client_12777,11,0
304,19/9/2011,62,train_Client_127771,11,0
301,31/3/2017,62,train_Client_127773,11,0
313,12/9/2018,63,train_Client_127774,11,0
103,11/10/2012,69,train_Client_127775,11,1
310,22/8/2003,62,train_Client_127777,11,0
301,19/7/2006,62,train_Client_127779,11,0
101,21/2/1990,60,train_Client_127780,11,0
101,30/1/1982,60,train_Client_127782,11,0
104,6/5/1992,69,train_Client_127783,11,0
107,10/11/1999,69,train_Client_127784,11,0
103,6/10/2016,69,train_Client_127785,51,0
104,16/11/1988,69,train_Client_127786,11,0
301,7/3/2011,62,train_Client_127787,11,0
101,29/3/1977,60,train_Client_127788,11,0
101,10/12/1991,60,train_Client_127789,11,0
101,31/5/2007,60,train_Client_127790,11,0
301,7/12/2015,62,train_Client_127791,11,0
101,29/9/2009,60,train_Client_127792,11,0
101,1/4/2009,60,train_Client_127794,11,0
103,12/6/1998,69,train_Client_127795,11,0
107,11/3/2014,69,train_Client_127796,11,0
104,9/2/1988,69,train_Client_127797,11,0
306,9/2/2018,63,train_Client_127798,11,0
306,30/6/2014,63,train_Client_127799,11,0
301,13/10/2000,62,train_Client_1278,11,0
306,31/5/2000,63,train_Client_12780,11,0
311,15/6/2013,63,train_Client_127800,11,0
302,22/3/1979,62,train_Client_127801,11,0
301,28/11/2003,62,train_Client_127804,11,0
311,12/11/2013,63,train_Client_127808,11,0
309,30/12/1998,62,train_Client_127809,11,0
105,26/11/1977,69,train_Client_12781,11,0
311,27/11/2008,63,train_Client_127810,11,0
101,30/12/1995,60,train_Client_127811,11,0
104,10/8/2009,69,train_Client_127813,11,0
312,28/3/2015,63,train_Client_127814,11,0
101,1/3/2007,60,train_Client_127815,11,0
101,19/9/2011,60,train_Client_127817,11,0
103,2/1/2015,69,train_Client_12782,11,0
104,20/1/2017,69,train_Client_127820,11,1
104,17/2/2018,69,train_Client_127821,11,0
306,22/12/1995,63,train_Client_127822,11,0
101,20/2/1984,60,train_Client_127824,11,0
302,18/8/2008,62,train_Client_127825,11,0
101,4/4/1978,60,train_Client_127827,11,0
302,18/11/2009,62,train_Client_127828,11,0
107,2/12/2014,69,train_Client_12783,11,0
101,4/11/1998,60,train_Client_127830,11,0
311,22/12/1998,63,train_Client_127831,11,0
101,14/11/2006,60,train_Client_127832,11,0
306,31/12/1985,63,train_Client_127833,11,0
304,7/9/1977,62,train_Client_127834,11,0
310,31/10/2012,62,train_Client_127836,11,0
101,29/4/1983,60,train_Client_127837,11,0
104,31/10/1990,69,train_Client_127839,11,0
101,22/10/1981,60,train_Client_12784,11,0
306,27/11/2013,63,train_Client_127841,11,0
104,29/7/1978,69,train_Client_127842,11,0
309,12/12/2007,62,train_Client_127843,11,0
307,4/4/2014,62,train_Client_127844,11,0
101,25/6/2007,60,train_Client_127845,11,0
311,16/5/2000,63,train_Client_127847,11,0
304,16/8/2011,62,train_Client_127848,11,0
371,11/2/2008,62,train_Client_127849,11,0
101,3/8/2011,60,train_Client_127850,11,0
306,20/11/1997,63,train_Client_127851,11,0
309,10/4/2018,62,train_Client_127856,11,0
107,23/10/2013,69,train_Client_127857,11,0
309,9/3/2017,62,train_Client_127858,11,0
304,27/12/2011,62,train_Client_12786,11,0
101,1/12/1989,60,train_Client_127860,11,0
312,7/10/1998,63,train_Client_127861,11,0
303,10/4/1998,62,train_Client_127862,11,0
106,27/11/1987,69,train_Client_127863,11,0
307,25/11/2015,62,train_Client_127864,11,0
309,29/3/2004,62,train_Client_127865,11,0
104,25/6/2014,69,train_Client_12787,11,0
103,21/1/2017,69,train_Client_127870,12,0
107,30/9/2015,69,train_Client_127871,11,0
101,25/3/1999,60,train_Client_127872,11,0
311,15/12/1993,63,train_Client_127874,11,1
101,28/2/1992,60,train_Client_127875,11,0
310,8/12/2009,62,train_Client_127876,11,0
311,19/4/2014,63,train_Client_12788,11,0
101,20/5/1986,60,train_Client_127880,11,0
301,30/6/1995,62,train_Client_127881,11,0
311,27/6/2000,63,train_Client_127882,11,0
103,23/8/2016,69,train_Client_127883,11,0
101,28/5/2008,63,train_Client_127885,11,0
104,7/12/1992,69,train_Client_127887,11,0
104,16/12/2016,69,train_Client_127888,12,0
309,20/5/1983,62,train_Client_127889,11,0
103,20/9/2017,69,train_Client_12789,11,0
101,7/4/2000,60,train_Client_127890,11,0
101,24/7/1989,60,train_Client_127892,11,0
303,29/6/2009,62,train_Client_127893,11,0
101,31/10/2001,60,train_Client_127894,11,0
103,27/2/2004,69,train_Client_127895,11,0
101,29/12/1992,60,train_Client_127896,11,0
104,11/12/2012,69,train_Client_127897,11,0
103,4/7/1978,69,train_Client_127898,11,1
101,13/1/2012,60,train_Client_127899,11,0
302,22/3/1980,62,train_Client_1279,11,0
101,21/9/2012,60,train_Client_12790,11,0
309,17/8/1992,62,train_Client_127900,11,0
311,4/10/1995,63,train_Client_127901,11,0
107,13/4/2006,69,train_Client_127902,12,0
306,18/5/2017,63,train_Client_127903,11,0
101,31/12/2004,63,train_Client_127904,11,0
306,14/4/1980,63,train_Client_127905,11,0
307,15/5/2013,62,train_Client_127906,11,0
310,28/5/2002,62,train_Client_127908,11,0
101,16/11/2006,60,train_Client_12791,11,0
310,2/5/2011,62,train_Client_127911,11,0
101,26/11/2018,60,train_Client_127912,11,0
101,7/11/1983,60,train_Client_127913,11,0
103,13/1/2011,69,train_Client_127915,11,0
303,6/6/1986,62,train_Client_127917,11,0
101,27/12/1992,60,train_Client_127919,11,0
104,29/5/2003,69,train_Client_127923,11,0
107,24/10/2018,69,train_Client_127924,11,0
305,15/1/2018,62,train_Client_127925,11,0
303,18/5/1982,62,train_Client_127926,11,1
101,1/2/2013,60,train_Client_127927,11,0
309,30/7/2010,62,train_Client_127928,11,0
103,26/3/2015,69,train_Client_127929,51,1
310,27/12/1999,62,train_Client_12793,11,0
303,7/3/2018,62,train_Client_127930,51,0
104,24/10/1983,69,train_Client_127932,11,0
306,1/11/2001,63,train_Client_127934,11,1
306,8/4/2015,63,train_Client_127935,11,0
103,8/5/2013,69,train_Client_127936,11,1
101,18/10/2004,60,train_Client_127939,11,0
311,7/11/2016,63,train_Client_127940,11,0
312,31/12/2008,63,train_Client_127943,11,0
101,14/10/1997,60,train_Client_127944,11,0
302,30/6/2003,62,train_Client_127947,11,0
101,29/12/2011,63,train_Client_127948,11,0
311,29/4/2016,63,train_Client_127949,11,0
303,30/12/1997,62,train_Client_12795,11,0
301,30/6/2011,62,train_Client_127950,11,0
301,31/12/1993,62,train_Client_127952,11,0
101,26/2/2002,60,train_Client_127954,11,0
310,10/5/2011,62,train_Client_127955,11,0
103,22/3/2017,69,train_Client_127958,11,0
306,26/10/2005,63,train_Client_12796,11,0
379,20/10/2008,63,train_Client_127960,11,0
103,8/10/2001,69,train_Client_127963,11,0
104,2/9/2014,69,train_Client_127964,11,0
311,26/5/1987,63,train_Client_127968,11,0
101,3/10/2000,60,train_Client_127969,12,0
101,20/9/1988,60,train_Client_12797,11,0
103,26/12/2014,69,train_Client_127970,11,0
101,14/12/1998,60,train_Client_127971,11,0
301,31/1/2013,62,train_Client_127974,11,0
307,22/5/2014,62,train_Client_127975,11,0
304,21/1/2002,62,train_Client_127977,11,0
103,17/9/2011,69,train_Client_127978,11,1
301,27/12/2002,62,train_Client_127979,11,0
107,19/11/2015,69,train_Client_127981,11,0
101,12/7/2010,60,train_Client_127982,11,0
305,8/12/1983,62,train_Client_127984,11,0
104,11/7/2017,69,train_Client_127988,11,0
101,24/3/2010,60,train_Client_127989,11,0
101,16/5/2018,60,train_Client_12799,11,0
307,6/9/2004,62,train_Client_127990,11,0
301,18/3/1986,62,train_Client_127991,11,0
101,25/1/2018,63,train_Client_127992,11,0
101,20/8/2009,60,train_Client_127993,11,0
101,4/10/1996,60,train_Client_127994,11,0
103,20/4/2012,69,train_Client_127996,11,0
101,3/4/1987,63,train_Client_127997,11,0
310,11/4/2005,62,train_Client_1280,11,0
307,29/11/1996,62,train_Client_128001,11,1
103,4/11/1988,69,train_Client_128005,11,0
301,8/5/1985,62,train_Client_128007,11,0
103,7/12/2015,69,train_Client_128008,11,0
310,24/5/1983,62,train_Client_128009,11,0
103,11/12/2014,69,train_Client_128010,51,0
302,18/9/1984,62,train_Client_128011,11,0
101,29/9/1977,60,train_Client_128012,11,0
301,13/10/1980,62,train_Client_128014,11,0
307,30/5/1980,62,train_Client_128015,11,0
304,3/7/2014,62,train_Client_128017,11,0
101,7/5/2009,60,train_Client_128018,11,0
302,29/3/1978,62,train_Client_128019,11,0
101,19/4/2017,60,train_Client_12802,11,0
310,31/1/2014,62,train_Client_128023,11,0
107,17/11/2012,69,train_Client_128024,11,0
302,18/11/2009,62,train_Client_128025,11,0
301,9/10/1998,62,train_Client_128026,11,0
311,15/4/2013,63,train_Client_128027,11,0
101,10/12/1998,60,train_Client_128029,11,0
301,11/12/1986,62,train_Client_12803,11,1
104,30/3/2017,69,train_Client_128030,11,0
101,31/5/2008,60,train_Client_128031,11,0
101,22/7/2010,60,train_Client_128033,11,0
101,13/10/1997,60,train_Client_128034,11,0
302,27/6/2006,62,train_Client_128035,11,0
107,31/5/2013,69,train_Client_128036,11,1
371,21/11/1990,62,train_Client_128037,11,0
303,18/3/2014,62,train_Client_128038,11,0
311,4/10/2018,63,train_Client_12804,11,0
310,13/4/2017,62,train_Client_128042,11,0
104,1/8/2013,69,train_Client_128044,11,0
306,30/9/2016,63,train_Client_128047,11,0
104,25/9/2013,69,train_Client_128049,11,0
107,13/8/2010,69,train_Client_12805,11,0
104,20/6/2001,69,train_Client_128051,11,0
311,9/12/1993,63,train_Client_128053,11,0
312,12/9/2018,63,train_Client_128054,11,0
301,15/11/1988,62,train_Client_128055,11,0
101,22/3/1979,60,train_Client_128058,11,0
303,24/9/1999,62,train_Client_128060,11,1
101,29/12/1994,60,train_Client_128062,11,0
311,20/11/1997,63,train_Client_128063,11,0
104,27/12/1980,69,train_Client_128067,11,1
104,16/1/2014,69,train_Client_128069,11,0
103,20/1/2014,69,train_Client_12807,11,1
310,14/12/1998,62,train_Client_128070,11,0
307,28/1/2008,62,train_Client_128071,11,1
101,9/11/1994,60,train_Client_128072,11,0
101,13/2/2018,60,train_Client_128073,11,0
101,26/2/2008,60,train_Client_128074,12,0
104,8/6/2005,69,train_Client_128077,11,0
104,11/7/1979,69,train_Client_128078,11,0
101,23/10/1980,60,train_Client_128079,11,0
311,20/2/2010,63,train_Client_12808,11,0
104,25/10/2013,69,train_Client_128080,11,0
104,30/3/2010,69,train_Client_128081,11,0
302,13/5/2010,62,train_Client_128082,11,0
307,10/5/2010,62,train_Client_128083,11,0
301,29/3/2012,62,train_Client_128085,11,0
101,9/2/2009,60,train_Client_128086,11,0
312,4/4/1984,63,train_Client_128087,11,0
305,5/6/2010,62,train_Client_128088,11,0
101,27/6/2005,60,train_Client_128089,11,0
306,26/11/2013,63,train_Client_128090,11,0
101,10/12/2002,63,train_Client_128092,11,0
305,9/6/2000,62,train_Client_128094,12,0
310,22/9/1988,62,train_Client_128095,11,0
101,30/5/1984,60,train_Client_128096,11,0
101,15/12/1995,60,train_Client_128097,11,0
310,20/2/2017,62,train_Client_128100,11,0
302,6/2/1980,62,train_Client_128101,11,0
103,20/9/2006,69,train_Client_128104,11,0
101,4/6/2013,60,train_Client_128106,11,0
101,31/12/2008,60,train_Client_128107,11,0
101,15/3/1995,60,train_Client_12811,11,0
101,15/3/2010,60,train_Client_128110,11,0
104,28/7/2008,69,train_Client_128111,12,0
101,10/3/2016,60,train_Client_128116,11,0
101,6/9/1988,60,train_Client_128117,11,0
302,25/12/1979,62,train_Client_128119,11,0
301,19/9/2003,62,train_Client_128120,11,0
107,11/2/2014,69,train_Client_128122,11,1
107,29/8/2003,69,train_Client_128123,11,0
107,6/5/2011,69,train_Client_128125,11,0
101,24/3/2017,60,train_Client_128126,11,0
104,18/10/1995,69,train_Client_128127,11,0
101,6/10/2011,60,train_Client_128128,11,0
104,26/8/1998,69,train_Client_128129,11,0
303,21/4/2010,62,train_Client_12813,11,0
104,17/3/2003,69,train_Client_128130,11,0
302,5/3/2008,62,train_Client_128132,11,0
304,7/5/1990,62,train_Client_128133,11,0
104,10/3/2009,69,train_Client_128134,11,0
101,6/11/1995,60,train_Client_128135,11,0
107,27/12/1996,69,train_Client_128137,11,0
107,26/8/1998,69,train_Client_128138,11,0
107,6/10/2016,69,train_Client_128139,11,0
107,20/11/2009,69,train_Client_12814,11,0
311,20/11/1996,63,train_Client_128140,11,0
306,3/7/2018,63,train_Client_128141,11,0
104,16/1/2014,69,train_Client_128142,11,0
103,5/1/2010,69,train_Client_128143,11,0
103,11/11/1991,69,train_Client_128144,11,0
301,19/4/2016,62,train_Client_128146,11,0
104,2/11/2017,69,train_Client_128148,11,0
104,10/8/1987,69,train_Client_128149,11,0
304,27/11/2014,62,train_Client_128150,11,0
101,21/7/2016,60,train_Client_128152,11,0
104,31/3/2017,69,train_Client_128154,11,1
309,17/10/2013,62,train_Client_128155,11,0
104,11/5/2010,69,train_Client_128158,11,0
307,14/12/2010,62,train_Client_128159,11,0
311,26/5/2018,63,train_Client_128160,11,0
312,27/7/2010,63,train_Client_128162,11,0
309,25/9/2014,62,train_Client_128163,11,0
302,26/4/2007,62,train_Client_128168,11,0
107,5/12/2014,69,train_Client_128169,11,0
101,25/9/2003,63,train_Client_12817,11,0
104,23/12/1996,69,train_Client_128170,11,0
304,8/5/1992,62,train_Client_128171,11,0
310,1/9/2018,62,train_Client_128172,11,0
101,7/4/2000,60,train_Client_128173,11,0
309,3/4/2015,62,train_Client_128174,11,0
101,14/2/2009,60,train_Client_128175,11,0
105,15/11/1991,69,train_Client_128178,11,0
101,19/3/1977,60,train_Client_128179,11,1
309,14/5/2010,62,train_Client_12818,11,0
307,20/12/2006,62,train_Client_128180,11,0
304,4/9/2015,62,train_Client_128181,12,0
399,1/8/2009,62,train_Client_128183,11,0
306,27/2/2015,63,train_Client_128185,11,0
107,26/12/2012,69,train_Client_128186,11,1
307,16/9/1986,62,train_Client_128187,11,0
305,5/2/2014,62,train_Client_128188,11,0
311,10/5/2011,63,train_Client_128189,11,0
107,22/11/2012,69,train_Client_128190,11,0
105,9/10/2013,69,train_Client_128192,11,0
105,14/2/2017,69,train_Client_128193,11,0
104,25/5/2001,69,train_Client_128195,11,0
309,7/5/1990,62,train_Client_128196,11,0
309,2/5/1986,62,train_Client_128197,12,0
101,14/3/1979,60,train_Client_128198,11,0
372,14/10/2008,63,train_Client_128199,11,0
306,18/8/2008,63,train_Client_1282,11,0
371,28/2/2007,62,train_Client_12820,11,1
303,23/10/2003,62,train_Client_128200,11,0
101,13/2/2016,60,train_Client_128201,11,0
311,8/4/2010,63,train_Client_128203,11,0
101,7/6/1978,60,train_Client_128204,11,0
301,3/11/2008,62,train_Client_128205,11,0
311,16/12/1987,63,train_Client_128206,11,1
304,15/5/2018,62,train_Client_128209,51,0
307,18/12/1985,62,train_Client_12821,11,1
107,24/5/2012,69,train_Client_128212,11,0
303,14/10/2014,62,train_Client_128213,11,0
303,25/10/2016,62,train_Client_128214,11,0
313,29/10/2010,63,train_Client_128216,11,0
103,1/11/2013,69,train_Client_128217,11,0
104,9/12/1983,69,train_Client_128218,11,0
101,3/6/2011,60,train_Client_128219,11,0
101,22/4/1978,60,train_Client_12822,11,0
305,7/12/2017,62,train_Client_128222,11,0
304,22/3/1979,62,train_Client_128223,11,0
101,7/10/2014,60,train_Client_128224,11,0
312,9/11/2016,63,train_Client_128225,11,0
306,24/8/2016,63,train_Client_128226,11,0
311,27/4/2004,63,train_Client_128227,11,0
104,6/11/2002,69,train_Client_128228,11,0
103,27/11/2014,69,train_Client_128229,11,0
104,13/8/2013,69,train_Client_12823,11,0
309,23/11/2016,62,train_Client_128230,11,0
313,12/10/2009,63,train_Client_128231,11,0
101,12/6/1982,60,train_Client_128234,11,0
101,3/9/2016,60,train_Client_128235,11,0
101,31/5/2018,60,train_Client_128236,11,0
301,5/10/1982,62,train_Client_128237,11,0
303,2/12/2008,62,train_Client_128238,11,0
104,7/12/2000,69,train_Client_128240,11,0
301,22/10/2010,62,train_Client_128242,11,0
101,18/9/1992,60,train_Client_128243,51,1
104,15/9/1993,69,train_Client_128244,11,0
101,29/5/2014,60,train_Client_128245,11,0
101,23/1/2002,60,train_Client_128246,11,0
107,31/12/2005,69,train_Client_128248,11,0
301,27/3/2017,62,train_Client_12825,11,0
301,28/7/2000,62,train_Client_128251,11,0
306,27/11/2008,63,train_Client_128252,11,0
101,31/8/2012,60,train_Client_128254,11,0
107,13/11/2010,69,train_Client_128255,11,0
103,21/2/2014,69,train_Client_128257,11,0
107,15/5/2002,69,train_Client_128258,11,0
104,26/10/1982,69,train_Client_12826,11,0
101,22/4/2009,60,train_Client_128260,11,0
311,28/4/1987,63,train_Client_128261,11,0
304,21/4/2004,62,train_Client_128262,11,0
305,28/5/2007,62,train_Client_128264,11,0
303,9/6/2000,62,train_Client_128266,11,0
103,21/6/2010,69,train_Client_128267,11,0
311,3/3/2012,63,train_Client_12827,11,0
305,12/11/1987,62,train_Client_128270,11,0
306,29/7/2003,63,train_Client_128271,11,0
104,14/10/2016,69,train_Client_128272,11,0
101,25/4/1984,60,train_Client_128274,11,0
101,21/10/1987,60,train_Client_128275,11,0
301,4/10/2010,62,train_Client_128277,11,0
103,24/4/2014,69,train_Client_128278,51,0
101,18/11/2016,60,train_Client_128279,11,0
101,23/5/1995,60,train_Client_12828,11,0
101,8/12/1995,60,train_Client_128280,11,0
101,28/7/1987,60,train_Client_128281,11,0
107,12/12/2012,69,train_Client_128283,11,0
302,14/5/2001,62,train_Client_128286,11,0
371,25/4/1997,62,train_Client_128288,11,0
101,22/8/1997,60,train_Client_128289,11,0
101,22/6/2000,60,train_Client_12829,11,0
107,29/1/2011,69,train_Client_128291,11,1
101,11/12/1986,60,train_Client_128293,11,0
104,24/12/1997,69,train_Client_128296,11,0
303,12/12/2012,62,train_Client_128297,11,0
103,7/9/2011,69,train_Client_128298,11,0
107,1/8/2015,69,train_Client_128299,11,0
103,11/5/2010,69,train_Client_1283,11,1
311,21/4/2007,63,train_Client_12830,11,0
309,26/7/2004,62,train_Client_128300,11,0
307,4/4/2011,62,train_Client_128301,11,0
104,18/8/2008,69,train_Client_128302,11,0
107,4/3/2008,69,train_Client_128303,11,1
310,17/3/2005,62,train_Client_128304,11,0
301,21/6/2016,62,train_Client_128305,11,0
107,20/9/2004,69,train_Client_128308,11,0
301,14/5/2008,62,train_Client_128310,11,0
101,23/6/2009,60,train_Client_128312,11,0
104,16/3/2007,69,train_Client_128313,11,0
101,14/5/2010,60,train_Client_128314,11,0
303,20/12/2014,62,train_Client_128316,11,0
101,15/4/1996,60,train_Client_128317,11,0
307,3/2/2018,62,train_Client_128319,11,0
306,6/9/2018,63,train_Client_12832,11,0
304,7/8/2017,62,train_Client_128320,11,0
312,30/9/2009,63,train_Client_128322,11,0
101,13/12/2012,60,train_Client_128323,11,0
101,20/8/1984,60,train_Client_128324,11,0
101,26/12/1994,60,train_Client_128325,11,0
101,3/10/2006,60,train_Client_128326,11,0
309,19/11/2012,62,train_Client_128327,11,0
379,30/11/1999,63,train_Client_12833,11,0
103,26/8/1996,69,train_Client_128330,11,0
103,8/3/2016,69,train_Client_128331,11,0
106,4/7/2007,69,train_Client_128334,11,0
307,30/6/1999,62,train_Client_128335,11,1
306,26/10/2005,63,train_Client_128336,11,0
311,6/6/1995,63,train_Client_128337,11,0
101,4/11/2008,60,train_Client_128338,11,0
310,18/8/2011,62,train_Client_128339,11,0
101,21/1/2009,60,train_Client_12834,11,0
309,26/12/2012,62,train_Client_128340,11,0
302,19/6/2017,62,train_Client_128343,12,0
106,9/5/1981,69,train_Client_128344,11,0
312,31/12/1998,63,train_Client_128347,11,0
107,30/5/1978,69,train_Client_128349,11,0
103,14/11/2015,69,train_Client_128350,11,0
107,26/11/2002,69,train_Client_128351,11,0
101,11/4/2001,60,train_Client_128352,11,0
371,23/11/1988,62,train_Client_128353,11,0
307,9/9/2008,62,train_Client_128354,11,0
313,27/5/2004,63,train_Client_128355,11,1
101,10/10/2013,60,train_Client_128358,11,0
101,31/8/1977,60,train_Client_12836,11,1
301,24/5/2017,62,train_Client_128360,11,0
310,27/5/2016,62,train_Client_128361,11,0
301,27/6/2003,62,train_Client_128363,11,0
306,26/11/2013,63,train_Client_128364,11,0
301,7/6/1983,62,train_Client_128366,11,0
307,31/12/1994,62,train_Client_128367,11,0
104,21/10/1994,69,train_Client_128368,11,0
104,4/7/2013,69,train_Client_128369,11,0
308,4/4/1979,63,train_Client_12837,11,0
306,10/12/2011,63,train_Client_128370,11,0
379,18/12/2003,63,train_Client_128372,11,0
101,20/12/2012,60,train_Client_128374,11,0
104,16/6/1986,69,train_Client_128375,11,0
101,20/12/1982,60,train_Client_128376,11,0
103,7/12/2015,69,train_Client_128378,11,0
107,10/10/1990,69,train_Client_128380,11,0
371,14/3/2012,62,train_Client_128381,11,0
101,29/9/1998,60,train_Client_128385,11,0
309,31/10/2012,62,train_Client_128386,11,0
101,21/6/1980,60,train_Client_128387,11,0
104,17/8/2009,69,train_Client_128388,11,0
303,30/5/1978,62,train_Client_128389,11,1
107,24/3/1988,69,train_Client_12839,11,0
307,19/2/2014,62,train_Client_128390,11,0
103,5/12/2006,69,train_Client_128391,51,0
304,22/7/2014,62,train_Client_128395,11,0
301,29/7/2005,62,train_Client_128396,11,0
107,23/9/1998,69,train_Client_128397,11,0
301,14/6/2010,62,train_Client_128398,51,0
104,21/12/1989,69,train_Client_128399,11,0
303,15/4/1988,62,train_Client_128400,11,0
101,16/9/1997,60,train_Client_128401,11,0
311,4/1/2018,63,train_Client_128403,11,0
304,3/9/2014,62,train_Client_128408,11,0
303,6/2/1980,62,train_Client_128409,11,0
104,31/5/1991,69,train_Client_128410,11,0
101,9/10/2008,60,train_Client_128411,11,1
107,28/2/2003,69,train_Client_128414,11,0
107,13/3/2009,69,train_Client_128416,11,0
101,16/10/1997,60,train_Client_128417,11,0
101,31/12/1994,60,train_Client_128418,11,0
303,5/10/2018,62,train_Client_12842,11,0
306,28/5/2012,63,train_Client_128420,11,0
107,29/11/2011,69,train_Client_128422,11,0
309,16/5/1984,62,train_Client_128423,11,0
107,24/5/1984,69,train_Client_128424,11,0
101,28/4/2008,60,train_Client_128425,11,0
310,18/4/2016,62,train_Client_128426,12,0
107,21/4/2009,69,train_Client_128427,11,0
106,19/12/1981,69,train_Client_128428,11,0
302,24/5/2012,62,train_Client_128429,12,1
305,17/3/1981,62,train_Client_12843,11,0
304,23/5/1989,62,train_Client_128430,11,1
101,27/3/2007,60,train_Client_128431,11,0
101,10/2/1977,60,train_Client_128432,11,0
103,19/11/2010,69,train_Client_128433,11,0
101,20/2/2013,60,train_Client_128436,11,0
302,11/5/1978,62,train_Client_128437,11,0
302,30/11/2000,62,train_Client_128438,11,0
